reading,word,meaning,imagequery,level,imagequery_en,image_asset,image_mode,image_credit
あいあんと,アイアント,鉄を食べるアリポケモン,アイアント ポケモン,3,Durant,,,
あいこ,あいこ,アニメ「おジャ魔女どれみ」に出てくる大阪育ちの魔女見習い。スポーツが得意で元気な女の子。,妹尾あいこ,3,Aiko Senoo,,,
あいざきえみる,愛崎えみる,「HUGっと!プリキュア」に登場する小学6年生の女の子。キュアマシェリに変身する。,愛崎えみる アニメ,3,,,,
あいす,アイス,つめたくて甘いおかし。,アイスクリーム,1,,,,
あいすらんど,アイスランド,火山と氷河が共存し、温泉やオーロラが見られる北ヨーロッパの島国,アイスランド 国旗,2,Iceland,,,
あいだまな,相田マナ,「ドキドキ!プリキュア」の主人公で、大貝第一中学校の生徒会長。キュアハートに変身する。,相田マナ アニメ,3,,,,
あいち,愛知県,自動車産業がとても盛んな、中部地方の県。,愛知県,1,Aichi,,,
あいのめぐみ,愛乃めぐみ,「ハピネスチャージプリキュア!」の主人公で、中学2年生。キュアラブリーに変身し、困っている人を放っておけない。,愛乃めぐみ アニメ,3,,,,
あいるらんど,アイルランド,緑豊かな自然から「エメラルドの島」と呼ばれるヨーロッパの島国,アイルランド 国旗,2,Ireland,,,
あお,青,晴れた日の空の色。,青,1,Blue,,,
あおがらす,アオガラス,賢い鳥ポケモン,アオガラス ポケモン,3,Corvisquire,,,
あおきれいか,青木れいか,「スマイルプリキュア!」に登場する青木れいか。キュアビューティに変身し、弓道部に入っている。,青木れいか アニメ,3,,,,
あおのみき,蒼乃美希,「フレッシュプリキュア!」に登場する中学2年生の蒼乃美希。キュアベリーに変身し、モデルを目指している。,蒼乃美希 アニメ,3,,,,
あおもり,青森県,本州の北の端にある県。りんごが有名。,青森県,1,Aomori,,,
あか,赤,火のような色。,赤色,1,Red,,,
あかいすいせい,赤い彗星,アニメ「機動戦士ガンダム」の用語。通常の3倍の速度で迫るシャア・アズナブルの乗機を恐れて連邦軍が名付けた異名（赤い彗星）。,赤い彗星,3,Red Comet,,,
あかぎとわ,紅城トワ,「Go! プリンセスプリキュア」の登場人物。キュアスカーレットに変身する。かつてディスダークに囚われていたが、高潔な精神を取り戻し仲間となった王女。,紅城トワ アニメ,3,,,,
あかちゃん,赤ちゃん,生まれてまもない子ども。,赤ちゃん,1,Baby,,,
あき,秋,なつがおわってすずしくなるきせつ,秋,1,Autumn,,,
あきおおたちょう,安芸太田町,やまにあってしぜんがとてもゆたかなまち。,安芸太田町,1,Akiota-cho,,,
あきた,秋田県,きりたんぽやなまはげが有名な県。,秋田県,1,Akita,,,
あきたかたし,安芸高田市,戦国武将の毛利元就ゆかりのまち。,安芸高田市,1,Akitakata,,,
あきもとこまち,秋元こまち,「Yes!プリキュア5」に登場する中学3年生の秋元こまち。キュアミントに変身し、図書委員をしている。,秋元こまち アニメ,3,,,,
あきや,空き家,だれもすんでいないいえ,空き家 住宅,2,Vacant house,,,
あぎるだー,アギルダー,忍者ような速さを持つポケモン,アギルダー ポケモン,3,Accelgor,,,
あくしず,アクシズ,アニメ「機動戦士ガンダム」シリーズの用語。小惑星を改造したジオン残党の拠点であり、のちに地球落下作戦に用いられた。,アクシズ ガンダム,3,Axis,,,
あくしゅ,握手,手と手をにぎり合うあいさつ。,握手,1,Handshake,assets/shiritori/ss-handshake.png,asset,AI生成イラスト
あくじきんぐ,アクジキング,何でも食べるウルトラビースト,アクジキング ポケモン,3,Guzzlord,,,
あくび,あくび,ねむいときやつかれたときに、口が大きく開くこと。,あくび,1,Yawn,assets/shiritori/nemuke.png,asset,AI生成イラスト
あくりるばん,アクリル板,アクリル樹脂で作られた、透明で丈夫なプラスチックの板,アクリル板,2,Acrylic sheet,,,
あぐのむ,アグノム,意志の神と呼ばれるポケモン,アグノム ポケモン,3,Azelf,,,
あけちあんな,明智あんな,「名探偵プリキュア」の登場人物。キュアアンサーに変身する。学年トップクラスの学力を持ち、冷静沈着かつ論理的な思考でみくるを支える天才少女。,明智あんな アニメ,3,,,,
あげはんと,アゲハント,美しい羽を持つ蝶ポケモン,アゲハント ポケモン,3,Beautifly,,,
あご,顎,かおのしたのほうにあるぶぶん。,顎,1,Jaw,,,
あごじむし,アゴジムシ,顎が特徴的な虫ポケモン,アゴジムシ ポケモン,3,Grubbin,,,
あさ,朝,たいようがのぼるいちにちのはじまり,朝,1,,,,
あさがお,朝顔,あさにおはながさくしょくぶつ,朝顔 植物,1,Morning glory,,,
あさなん,アサナン,ヨガを修行する格闘ポケモン,アサナン ポケモン,3,Meditite,,,
あさひなみらい,朝日奈みらい,「魔法つかいプリキュア!」の主人公。キュアミラクルに変身する。ナシマホウ界（人間界）の中学2年生。魔法という未知の概念を前向きに楽しむ柔軟な少女。,朝日奈みらい アニメ,3,,,,
あし,足,あるいたり走ったりするときにつかうからだの一部,足,1,,,,
あしあと,足跡,歩いたあとに地面にのこる足の形。,足跡,1,Footprint,,,
あしかがたかうじ,足利尊氏,後醍醐天皇とともに鎌倉幕府をたおし、室町幕府を開いた人物,足利尊氏 肖像,2,Ashikaga Takauji,,,
あしかがよしまさ,足利義政,室町幕府8代将軍。京都に銀閣を建て、わび・さびの文化を愛した,足利義政 肖像,2,Ashikaga Yoshimasa,,,
あしかがよしみつ,足利義満,南北朝を統一し、京都に金閣（鹿苑寺）を建てた第3代将軍,足利義満 肖像,2,Ashikaga Yoshimitsu,,,
あしまり,アシマリ,バルーンを飛ばすアシカポケモン,アシマリ ポケモン,3,Popplio,,,
あしれーぬ,アシレーヌ,歌声で操る人魚ポケモン,アシレーヌ ポケモン,3,Primarina,,,
あじ,鯵,海にすむ魚で、食べ物にもなる。,鯵 魚,1,Horse mackerel,,,
あじ,味,食べ物のあまさやからさなど、口で感じるもの。,食べ物 味,1,Taste,assets/shiritori/complete-0048.png,asset,AI生成イラスト
あじさい,紫陽花,青やむらさき、ピンクの花がさく木。,紫陽花 花,1,Hydrangea,,,
あじわい,味わい,たべたりしてあじをかんじること,食事,2,,assets/shiritori/complete-0048.png,asset,AI生成イラスト
あす,明日,きょうのつぎのひ,カレンダー,1,Tomorrow,,,
あすかじだい,飛鳥時代,聖徳太子が活躍し、仏教を中心とした国づくりが進んだ時代,飛鳥時代 寺院,2,Asuka period,,,
あすかももこ,飛鳥ももこ,アニメ「おジャ魔女どれみ」の主要登場人物の本名。アメリカ帰りの帰国子女で、お菓子作りが得意な女の子。,飛鳥ももこ,3,Momoko Asuka,,,
あすらんざら,アスラン・ザザ,アニメ「機動戦士ガンダムSEED」の登場人物。キラの親友であり好敵手となるザフトの若きエリート兵。,アスラン・ザラ,3,Athrun Zala,,,
あずき,小豆,あかいちいさなおまめです,小豆 豆,1,Adzuki bean,,,
あずまおう,アズマオウ,川を遡る力強い金魚ポケモン,アズマオウ,3,Seaking,,,
あせ,汗,あついときに、からだから出る水。,汗,1,Sweat,,,
あぜるばいじゃん,アゼルバイジャン,カスピ海の西側にあり、豊富な石油や、燃える山などの不思議な自然がある国,アゼルバイジャン 国旗,3,Azerbaijan,,,
あそび,遊び,たのしいことをすること,子供 遊び,1,Play,assets/shiritori/toy.png,asset,AI生成イラスト
あたたかい,暖かい,さむくないきもちがいいこと,暖かい,1,Warm,assets/shiritori/complete-0060.png,asset,AI生成イラスト
あたま,頭,かみのけがはえていて、かんがえるからだの一部,頭,1,,,,
あたみ,熱海,うみがあるまちのなまえ,熱海 景色,2,Atami,,,
あたらしい,新しい,まだ使ったことがないものや、できたばかりのもの。,新品,1,New,assets/shiritori/complete-0063.png,asset,AI生成イラスト
あちげーた,アチゲータ,歌う炎のワニポケモン,アチゲータ ポケモン,3,Crocalor,,,
あちゃも,アチャモ,体内で炎を燃やす雛ポケモン,アチャモ ポケモン,3,Torchic,,,
あっがい,アッガイ,アニメ「機動戦士ガンダム」の用語。ステルス性が高く、ジャブローへの潜入作戦等に用いられた複座も可能な水陸両用MS。,アッガイ,3,Acguy,,,
あっぱーかっと,アッパーカット,下から上に向けてうつパンチ。,アッパーカット,1,,,,
あっぷりゅー,アップリュー,酸を吐くリンゴポケモン,アップリュー ポケモン,3,Flapple,,,
あつあつ,あつあつ,料理などが、さめずにとても熱いようす。,あつあつ,1,Warmth,assets/shiritori/complete-0071.png,asset,AI生成イラスト
あつい,暑い,なつのようにきおんがたかいこと,暑い,1,Hot,assets/shiritori/fan.png,asset,AI生成イラスト
あつい,熱い,手でさわれないほど熱いようす。,熱い,1,Hot,assets/shiritori/complete-0071.png,asset,AI生成イラスト
あつい,厚い,うすくないこと,厚い,1,Thick,assets/shiritori/complete-0072.png,asset,アプリ作成図
あつめる,集める,いろいろなものをひとつにすること,集める,1,Collection,assets/shiritori/atsumeru.png,asset,AI生成イラスト
あづちももやまじだい,安土桃山時代,織田信長や豊臣秀吉が天下を統一しようとした華やかな文化の時代,安土桃山時代 建築,2,Azuchi-Momoyama period,,,
あてる,あてる,ものをうまくはめること,あてる,2,fit,assets/shiritori/complete-0075.png,asset,AI生成イラスト
あと,後,つぎのことやうしろのこと,後ろ,1,Back,assets/shiritori/complete-0076.png,asset,AI生成イラスト
あな,穴,地面や物にあいている、くぼんだところ。,穴,1,,,,
あなあき,穴あき,あながあいていること,穴,2,,assets/shiritori/complete-0078.png,asset,AI生成イラスト
あなご,穴子,ながいおさかなです,穴子 魚,1,Conger eel,,,
あなべるがとー,アナベル・ガトー,アニメ「機動戦士ガンダム0083」の登場人物。ジオン残党組織のエースで「ソロモンの悪夢」と恐れられた。,アナベル・ガトー,3,Anavel Gato,,,
あに,あに,おとうとやいもうとからみた、おとこのきょうだい。おにいさんのこと。,兄,1,,,,
あに,兄,おにいさんのことです,兄弟,1,Older brother,,,
あね,姉,おねえさんのことです,姉妹,1,Older sister,,,
あばおあくー,ア・バオア・クー,アニメ「機動戦士ガンダム」の用語。一年戦争の最後の決戦の地となった、ジオン公国軍の防衛線を担う巨大な宇宙要塞。,ア・バオア・クー,3,A Baoa Qu,,,
あぱとさうるす,アパトサウルス,首と尾が長く、草を食べる大きな恐竜。,アパトサウルス,1,Apatosaurus,,,
あひる,アヒル,水にうかんで泳ぎ、ガーガーとなく鳥。,アヒル,1,,,,
あびる,浴びる,シャワーなどでみずをからだにかけること,シャワー,1,Shower,assets/shiritori/complete-0087.png,asset,AI生成イラスト
あふがにすたん,アフガニスタン,アジアのシルクロードの要所に位置し、高い山脈や砂漠が広がる国,アフガニスタン 国旗,2,Afghanistan,,,
あぶ,虻,人や動物の血をすうことがあるハエの仲間。,虻,1,Horsefly,,,
あぶら,油,てんぷらなどをあげるときにつかうもの,油,1,Oil,,,
あぶら,脂,からだの中にある、あぶらの成分。,肉,2,Fat,,,
あぶらねんど,油ねんど,油を混ぜて作られた、乾きにくく何度でも形を変えられる粘土,油粘土,2,Oil-based clay,,,
あぶり,炙り,ひであぶること,調理,2,Grilled,assets/shiritori/complete-0093.png,asset,AI生成イラスト
あぶりぼん,アブリボン,魔法のようなダンスの妖精,アブリボン ポケモン,3,Ribombee,,,
あぶりー,アブリー,花粉を集める小さな妖精,アブリー ポケモン,3,Cutiefly,,,
あぶる,炙る,ひにちかづけてやくこと,炙る,2,Roast,assets/shiritori/complete-0093.png,asset,AI生成イラスト
あべしんぞう,安倍晋三,第90・96・97・98代内閣総理大臣。憲政史上最長の在任期間を記録し、アベノミクスなどを推進した,安倍晋三 肖像,3,ShinzoAbe,,,
あほうどり,阿呆鳥,うみにすむ大きなとり,阿呆鳥 鳥,2,Albatross,,,
あまえ,甘え,あまえること,親子,2,Dependence,assets/shiritori/nedaru.png,asset,AI生成イラスト
あまえる,甘える,人にやさしくしてもらいたがること。,甘える,1,Child,assets/shiritori/nedaru.png,asset,AI生成イラスト
あまかじ,アマカジ,甘い香りを放つ果実ポケモン,アマカジ ポケモン,3,Bounsweet,,,
あまがえる,雨蛙,みどり色をした小さなカエル。,雨蛙 カエル,1,Tree frog,,,
あまくち,甘口,からくないあじのこと,甘口,1,Sweet,assets/shiritori/complete-0103.png,asset,AI生成イラスト
あまぐ,雨具,雨の日に使うかさやレインコート。,雨具,1,Raincoat,,,
あまぐも,雨雲,あめをふらせるくものこと,雨雲 空,1,Rain cloud,,,
あまじお,甘塩,すこしだけしおあじがすること,料理,2,Slightly salty,assets/shiritori/complete-0106.png,asset,AI生成イラスト
あまてらすおおみかみ,天照大御神,日本の神話に出てくる太陽の神。,天照大御神,2,Amaterasu,,,
あまに,亜麻仁,あまというしょくぶつのたね,亜麻仁,2,Flaxseed,,,
あまのがわきらら,天ノ川きらら,「Go!プリンセスプリキュア」に登場する中学1年生の人気モデル。キュアトゥインクルに変身する。,天ノ川きらら アニメ,3,,,,
あままいこ,アママイコ,跳ねるような動きの果実ポケモン,アママイコ ポケモン,3,Steenee,,,
あまみ,甘味,あまいあじわいのこと,お菓子,1,Sweetness,assets/shiritori/complete-0111.png,asset,AI生成イラスト
あまみやえれな,天宮えれな,「スター☆トゥインクルプリキュア」に登場する中学3年生。キュアソレイユに変身し、花屋を手伝う。,天宮えれな アニメ,3,,,,
あまやどり,雨宿り,雨にぬれない場所で、雨がやむのを待つこと。,雨宿り,1,Shelter from rain,assets/shiritori/complete-0113.png,asset,AI生成イラスト
あまよ,雨夜,あめがふっているよるのこと,雨 夜,2,Rainy night,assets/shiritori/complete-0114.png,asset,AI生成イラスト
あまるす,アマルス,優しい首長竜ポケモン,アマルス ポケモン,3,Amaura,,,
あまるるが,アマルルガ,オーロラの輝きを持つポケモン,アマルルガ ポケモン,3,Aurorus,,,
あまーじょ,アマージョ,蹴り技が得意な果実の女王,アマージョ ポケモン,3,Tsareena,,,
あみ,網,糸や細いひもを編んで魚や物をとる道具。,網,1,Net,,,
あみあみ,網網,あみめがたくさんあること,網目,1,Mesh,assets/shiritori/complete-0119.png,asset,AI生成イラスト
あみもの,編み物,いとをつかってぬのをつくること,編み物,1,Knitting,assets/shiritori/complete-0120.png,asset,AI生成イラスト
あむろれい,アムロ・レイ,アニメ「機動戦士ガンダム」の主人公。地球連邦軍のエースパイロットでガンダムを駆る。,アムロ・レイ,3,Amuro Ray,,,
あめ,雨,雲から水が落ちてくる天気。,雨 気象,1,,,,
あめ,飴,あまくておいしいおかし,飴 菓子,1,,,,
あめたま,アメタマ,水面を歩く虫ポケモン,アメタマ ポケモン,3,Surskit,,,
あめだま,飴玉,まるいあめのおかし,飴玉,1,Hard candy,,,
あめのうずめ,天鈿女命,楽しくおどって、太陽の神様を岩戸から出した神様。,天鈿女命,2,Ame-no-Uzume,,,
あめふり,雨降り,あめがふっていること,雨,1,Rain,assets/shiritori/complete-0127.png,asset,AI生成イラスト
あめもーす,アメモース,威嚇の模様を持つ虫ポケモン,アメモース ポケモン,3,Masquerain,,,
あめりか,アメリカ,北アメリカの国。自由の女神やハリウッドがある。,アメリカ合衆国 国旗,1,United States,,,
あめんぼ,アメンボ,みずのうえをすいすいあるくむし。,アメンボ,1,Water strider,,,
あやあや,綾綾,あやおりのきじのこと,布,3,,,,
あやしし,アヤシシ,ヒスイ地方で神聖視される姿,アヤシシ,3,Wyrdeer,,,
あやつり,操り,にんぎょうなどをうごかすこと,操り人形,2,Puppetry,assets/shiritori/complete-0133.png,asset,AI生成イラスト
あやとり,綾取り,いとでかたちをつくるあそび,あやとり,1,Cat's cradle,,,
あやまる,謝る,自分の悪い行いを認めて、ごめんなさいと相手に伝えること。,謝る,1,Apologize,assets/shiritori/ayamaru.png,asset,AI生成イラスト
あやめ,菖蒲,むらさきいろのおはな,菖蒲 花,1,Iris,,,
あゆ,鮎,かわにすむおいしいおさかな,鮎 魚,1,Ayu,,,
あゆみ,歩み,あるくことやあゆむこと,足跡,2,Walk,assets/shiritori/complete-0138.png,asset,AI生成イラスト
あらい,洗い,きれいにすること,洗濯,1,Wash,assets/shiritori/complete-0139.png,asset,AI生成イラスト
あらいぐま,洗熊,黒い目のまわりとしま模様のしっぽがある動物。,アライグマ,1,Raccoon,,,
あらいざらい,洗いざらい,何もかも残さずに。,掃除,3,,assets/shiritori/complete-0141.png,asset,AI生成イラスト
あらいもん,洗い物,洗わなければならない食器や衣類など。,皿洗い,1,Dishes,assets/shiritori/complete-0139.png,asset,AI生成イラスト
あらし,嵐,強い風や雨がふく荒れた天気。,嵐,1,Storm,,,
あらす,荒らす,きれいなところをこわすこと,破壊,2,Damage,assets/shiritori/complete-0144.png,asset,AI生成イラスト
あらすじ,粗筋,ものがたりのながれのこと,本,2,Plot,assets/shiritori/complete-0145.png,asset,AI生成イラスト
あらそい,争い,けんかしたりすること,対立,2,Conflict,assets/shiritori/kenka.png,asset,AI生成イラスト
あらそう,争う,だれかとたたかうこと,対決,2,Compete,assets/shiritori/kenka.png,asset,AI生成イラスト
あらた,新た,新しくなること。,変化,2,New,assets/shiritori/complete-0063.png,asset,AI生成イラスト
あらため,改め,もういちどちぇっくすること,確認,2,Check,assets/shiritori/complete-0149.png,asset,AI生成イラスト
あらためて,改めて,もういちどすること,再開,2,,assets/shiritori/complete-0150.png,asset,AI生成イラスト
あらに,粗煮,さかなのあらをにたもの,魚料理,2,Boiled fish head,,,
あらびき,粗挽き,こまかくしすぎないこと,挽肉,2,Coarse grind,assets/shiritori/complete-0152.png,asset,AI生成イラスト
あらぶしゅちょうこくれんぽう,アラブ首長国連邦,中東にある国。首都はアブダビで、ドバイもある。,アラブ首長国連邦 国旗,2,United Arab Emirates,,,
あらぶるたけ,アラブルタケ,古代の草ポケモン,アラブルタケ ポケモン,3,Brute Bonnet,,,
あらまき,新巻,塩をまぶしてつけこんだ鮭。,新巻鮭,2,Salted salmon,,,
あらめ,荒目,海に生える褐色の海藻。食べ物にも使われる。,網目,2,Coarse mesh,,,
あらやしきしすてむ,阿頼耶識システム,アニメ「機動戦士ガンダム 鉄血のオルフェンズ」の用語。パイロットの脊髄にナノマシンを埋め込み、機体と空間認識を直結させるシステム。,阿頼耶識システム,3,,,,
あらら,あらら,びっくりしたときにでるこえ,驚き,1,,,,
あり,アリ,じめんをあるくちいさなくろい虫,アリ 昆虫,1,,,,
あり,蟻,ちいさなはたらきもののむし,蟻,1,Ant,,,
ありあどす,アリアドス,獲物を糸で追い詰めるポケモン,アリアドス,3,Ariados,,,
ありか,在処,どこにあるかということ,場所,2,Location,assets/shiritori/complete-0162.png,asset,AI生成イラスト
ありげいつ,アリゲイツ,牙が鋭くなったワニポケモン,アリゲイツ,3,Croconaw,,,
ありさま,有様,そのときのみためやようす,様子,3,,assets/shiritori/complete-0164.png,asset,AI生成イラスト
ありさん,蟻さん,ありのことです,蟻,1,Ant,,,
ありじごく,蟻地獄,ありをとらえるむし,蟻地獄,2,Antlion,,,
ありす,アリス,女の子につける名前の一つ。,女の子,3,alice in wonderland,,,
ありすがわひまり,有栖川ひまり,「キラキラ☆プリキュアアラモード」の登場人物。キュアカスタードに変身する。スイーツに関する知識が非常に豊富な、ちょっぴり人見知りな理系少女。,有栖川ひまり アニメ,3,,,,
ありったけ,有った丈,あるだけぜんぶのこと,全部,2,All,assets/shiritori/complete-0169.png,asset,アプリ作成図
ある,有る,物がある場所に置かれていること。,存在,1,Existence,assets/shiritori/complete-0170.png,asset,AI生成イラスト
ある,在る,人や物がこの世にあること。,存在,1,Existence,assets/shiritori/complete-0171.png,asset,AI生成イラスト
あるある,あるある,よくあること,共感,2,,assets/shiritori/complete-0172.png,asset,AI生成イラスト
あるか,有るか,あるかどうかをたずねること。,疑問,2,,assets/shiritori/complete-0173.png,asset,AI生成イラスト
あるかりせい,アルカリ性,水にとかすと赤いリトマス紙を青くする性質。,アルカリ性 性質,2,Alkalinity,assets/shiritori/complete-0174.png,asset,アプリ作成図
あるこーるらんぷ,アルコールランプ,アルコールを燃やして物をあたためる道具。,アルコールランプ,2,Alcohol lamp,,,
あるじぇりあ,アルジェリア,アフリカ北部にある国。国土の大部分にサハラ砂漠が広がる。,アルジェリア 国旗,3,Algeria,,,
あるせうす,アルセウス,世界の創造主といわれるポケモン,アルセウス ポケモン,3,Arceus,,,
あるぜんちん,アルゼンチン,南アメリカ南部にあり、サッカーやタンゴ、大草原パンパが有名な国,アルゼンチン 国旗,2,Argentina,,,
あるばにあ,アルバニア,バルカン半島にあり、美しいアドリア海に面した歴史あるヨーロッパの国,アルバニア 国旗,3,Albania,,,
あるみ,アルミ,アルミニウムの略称。軽くて丈夫な金属,アルミニウム 金属,2,Aluminum,,,
あるみにうむ,アルミニウム,銀白色の軽い金属。電気や熱をよく通し、加工しやすいのが特徴,アルミニウム 金属,2,Aluminum,,,
あるみにうむはく,アルミニウムはく,アルミニウムをごく薄くのばしたシート。アルミホイルともいう,アルミニウム箔,2,Aluminum foil,,,
あるめにあ,アルメニア,コーカサス地方にあり、世界で最初にキリスト教を国教とした歴史を持つ国,アルメニア 国旗,3,Armenia,,,
あろさうるす,アロサウルス,肉を食べていた大きな恐竜。,アロサウルス,2,Allosaurus,,,
あわ,あわ,液体の中に気体が入ってできた小さな玉。,泡 現象,2,Bubble,,,
あんきろさうるす,アンキロサウルス,かたいよろいのような皮ふにおおわれた草食恐竜。,アンキロサウルス,1,Ankylosaurus,,,
あんごら,アンゴラ,アフリカ南西部にある国。石油やダイヤモンドがとれる。,アンゴラ 国旗,3,Angola,,,
あんぜん,安全,危険を避けて、安心して過ごせること。,安全,1,Safety,assets/shiritori/anzen.png,asset,AI生成イラスト
あんてぃぐあばーぶーだ,アンティグア・バーブーダ,カリブ海にある島国。,アンティグア・バーブーダ 国旗,3,Antigua and Barbuda,,,
あんどら,アンドラ,フランスとスペインの間のピレネー山脈にある小さな国。,アンドラ 国旗,3,Andorra,,,
あんのーん,アンノーン,文字の形をした謎のポケモン,アンノーン,3,Unown,,,
あんもにあすい,アンモニア水,アンモニアが水に溶けたもの。強いにおいがあり、アルカリ性を示す,アンモニア水 薬品,2,Ammonia solution,,,
あーけおす,アーケオス,空を飛ぶ古代の鳥ポケモン,アーケオス ポケモン,3,Archeops,,,
あーけん,アーケン,古代の鳥ポケモン,アーケン ポケモン,3,Archen,,,
あーごよん,アーゴヨン,毒を操る強靭なウルトラビースト,アーゴヨン ポケモン,3,Naganadel,,,
あーすのいど,アースノイド,アニメ「機動戦士ガンダム」シリーズの用語。宇宙へ移民せず、特権階級として地球に留まり続ける地球居住者の総称。,アースノイド,3,Earthnoid,,,
あーぼ,アーボ,毒ヘビのポケモン,アーボ,3,Ekans,,,
あーぼっく,アーボック,恐ろしい模様を持つヘビポケモン,アーボック,3,Arbok,,,
あーまーがあ,アーマーガア,空飛ぶ鎧のような鳥ポケモン,アーマーガア ポケモン,3,Corviknight,,,
いいえ,いいえ,なにかをことわるときにいうことば,拒否,1,No,assets/shiritori/complete-0200.png,asset,AI生成イラスト
いいねいぬ,イイネイヌ,キタカミの英雄,イイネイヌ ポケモン,3,Okidogi,,,
いえ,家,人が住むための建物。,家 住宅,1,,,,
いえっさん,イエッサン,おもてなしの心を持つポケモン,イエッサン ポケモン,3,Indeedee,,,
いえっさんめす,イエッサン(♀),メスのイエッサン,イエッサン(♀) ポケモン,3,Female Indeedee,,,
いえめん,イエメン,アラビア半島の南端にあり、世界最古の高層ビル群といわれるシバームの街がある国,イエメン 国旗,3,Yemen,,,
いおるぶ,イオルブ,超能力を使う虫ポケモン,イオルブ ポケモン,3,Orbeetle,,,
いか,イカ,海にすむ生き物。八本の腕と二本の長い触腕がある。,イカ,1,,,,
いか,烏賊,海にすむ生き物で、足のような腕がたくさんある。,烏賊,1,Squid,,,
いか,以下,ある数と同じか、それより少ないこと。,数,2,Below,assets/shiritori/complete-0209.png,asset,アプリ作成図
いかい,異界,この世とはちがう世界。,ファンタジー,3,,,,
いかずち,雷,空に光って鳴る雷のこと。,気象,2,Lightning,,,
いかだ,筏,きをならべてうかべるもの,いかだ,1,Raft,,,
いかづち,雷,「雷」を表す古い言い方。,雷,1,Thunderbolt,,,
いかにも,いかにも,まさにそのとおりだということ。,納得,2,,assets/shiritori/complete-0214.png,asset,AI生成イラスト
いかびき,烏賊曳き,イカを釣ること。,釣り,2,Squid fishing,assets/shiritori/complete-3732.png,asset,AI生成イラスト
いかみみ,烏賊耳,イカの胴の両側にある、ひれのような部分。,烏賊,2,Squid fin,,,
いかり,怒り,腹を立てる気持ち。,怒り,1,Anger,assets/shiritori/complete-0217.png,asset,AI生成イラスト
いかり,錨,船を止めるために海に沈める道具。,錨,1,Anchor,,,
いかる,怒る,腹を立てる。,怒り,1,Angry,assets/shiritori/complete-0217.png,asset,AI生成イラスト
いかん,遺憾,残念に思う気持ち。,残念,3,,assets/shiritori/regret.png,asset,AI生成イラスト
いがい,以外,ほかのものや人。,除外,2,Except,assets/shiritori/complete-0221.png,asset,アプリ作成図
いがい,意外,思っていたこととちがうこと。,驚き,2,Surprise,assets/shiritori/complete-0222.png,asset,AI生成イラスト
いがぐり,いがぐり,栗の実を包む、とげのある外側。,栗,1,Chestnut burr,,,
いき,息,鼻や口から空気を吸ったりはいたりすること。,呼吸,1,Breath,assets/shiritori/complete-2239.png,asset,AI生成イラスト
いき,粋,身なりやふるまいが洗練されているようす。,おしゃれ,3,,assets/shiritori/complete-0225.png,asset,AI生成イラスト
いきいき,生き生き,げんきなようす,元気,1,Lively,assets/shiritori/aw-ikiiki.png,asset,AI生成イラスト
いきおい,勢い,ちからがみなぎっていること,力,2,Force,assets/shiritori/complete-0227.png,asset,AI生成イラスト
いきかえる,生き返る,弱っていたものが元気を取りもどすこと。,魔法,2,Revive,assets/shiritori/complete-0228.png,asset,AI生成イラスト
いきぎれ,息切れ,はしりすぎていきがくるしいこと,疲労,2,Shortness of breath,assets/shiritori/complete-0229.png,asset,AI生成イラスト
いきごみ,意気込み,やるきがみなぎること,やる気,2,Motivation,assets/shiritori/netsui.png,asset,AI生成イラスト
いきさつ,経緯,あることが起きるまでの事情や流れ。,手順,3,History,assets/shiritori/complete-0231.png,asset,AI生成イラスト
いきどおり,憤り,はげしくおこること,怒り,3,Resentment,assets/shiritori/complete-0217.png,asset,AI生成イラスト
いきぬき,息抜き,すこしやすむこと,休憩,1,Break,assets/shiritori/kutsurogi.png,asset,AI生成イラスト
いきもの,生き物,どうぶつやむしやしょくぶつ,生き物,1,Living thing,,,
いきりんこ,イキリンコ,陽気なオウムポケモン,イキリンコ ポケモン,3,Squawkabilly,,,
いぎ,意義,物事をする意味や価値。,意味,3,Meaning,assets/shiritori/complete-0236.png,asset,AI生成イラスト
いぎ,異議,ちがうという考えや意見。,反論,3,Objection,assets/shiritori/complete-0237.png,asset,AI生成イラスト
いぎあり,異議あり,相手の考えに反対するときに言う言葉。,裁判,2,Objection,assets/shiritori/complete-0237.png,asset,AI生成イラスト
いぎりす,イギリス,ロンドンにビッグベンやタワーブリッジがある国。,イギリス 国旗,1,United Kingdom,,,
いくさ,戦,たたかいのこと,戦い,2,War,assets/shiritori/complete-3388.png,asset,AI生成イラスト
いくら,いくら,値段や数をたずねる言葉。,値段,1,Price,,,
いぐあとのどん,イグアノドン,親指のつめがするどくとがっている、くさをたべるきょうりゅう。,イグアノドン,2,Iguanodon,,,
いぐさ,藺草,たたみにつかうくさ,植物,2,Rush,,,
いぐさおり,藺草織り,いぐさを織って、ござや畳表を作ること。,工芸,2,Tatami weaving,assets/shiritori/complete-0244.png,asset,AI生成イラスト
いぐにす,イグニス,火という意味のことば,ラテン語,3,Fire,,,
いけ,池,公園などにある、水をたたえた場所。,池,1,,,,
いけがき,生け垣,きをならべてかきねにしたもの,庭,2,Hedge,,,
いけす,生け簀,魚を生かしたまま入れておく場所。,魚,2,Fish tank,,,
いけだはやと,池田勇人,第58代内閣総理大臣。,池田勇人 肖像,3,HayatoIkeda,,,
いけばな,生け花,花を美しく生けて飾ること。,生け花,1,Flower arrangement,assets/shiritori/complete-0250.png,asset,AI生成イラスト
いけん,意見,自分の考えや気持ち。,考え,2,Opinion,assets/shiritori/complete-0237.png,asset,AI生成イラスト
いげた,井桁,井戸の上に木などを組み合わせて作る四角い枠。,形,2,Well frame,,,
いげん,威厳,おごそかで、堂々としていること。,雰囲気,3,Dignity,assets/shiritori/complete-0253.png,asset,AI生成イラスト
いこい,憩い,心が落ち着き、ほっとすること。,安らぎ,2,Relaxation,assets/shiritori/kutsurogi.png,asset,AI生成イラスト
いこう,意向,これからどうしたいかという考え。,考え,3,Intention,assets/shiritori/ketsui.png,asset,AI生成イラスト
いご,以後,ある時からあと。,時間,2,After,assets/shiritori/complete-0256.png,asset,AI生成イラスト
いご,囲碁,黒と白の石を交互に置いて勝負する盤上の遊び。,遊び,1,Go game,,,
いごこち,居心地,その場所にいるときの気分。,快適,2,Comfort,assets/shiritori/kutsurogi.png,asset,AI生成イラスト
いざ,いざ,さあ行こう、何かを始めようというときの言葉。,掛け声,1,Come on,assets/shiritori/complete-0259.png,asset,AI生成イラスト
いざかや,居酒屋,お酒や料理を出す飲食店。,飲食店,1,Pub,,,
いざこざ,いざこざ,人と人の間に起きる小さなもめごと。,争い,2,Trouble,assets/shiritori/kenka.png,asset,AI生成イラスト
いざない,誘い,人を誘うこと。,招待,3,Invitation,assets/shiritori/complete-0262.png,asset,AI生成イラスト
いざなう,誘う,人を誘う。,招待,2,Invite,assets/shiritori/complete-0263.png,asset,AI生成イラスト
いざなぎ,伊邪那岐,日本の神話に出てくる男の神。伊邪那美とともに国土を生んだ。,伊邪那岐,2,Izanagi,,,
いざなみ,伊邪那美,日本の神話に出てくる女の神。伊邪那岐とともに国土を生んだ。,伊邪那美,2,Izanami,,,
いざよいりこ,十六夜リコ,「魔法つかいプリキュア!」に登場する魔法学校の生徒。キュアマジカルに変身する。,十六夜リコ アニメ,3,,,,
いざりぶね,漁り舟,浅瀬などで魚をとる舟。,船,2,Fishing boat,,,
いし,石,じめんにおちているかたいかたまり,石,1,,,,
いし,意志,じぶんのきめごと,決心,2,Will,assets/shiritori/ketsui.png,asset,AI生成イラスト
いし,医師,病気やけがを治す仕事をする人。,医師,1,Doctor,,,
いしかわ,石川県,金沢市がある中部地方の県。,石川県,1,Ishikawa,,,
いしがま,石窯,いしでつくったかま,パン,2,Stone oven,,,
いしころ,石ころ,ちいさな石のこと,石,1,Pebble,,,
いしずまい,イシズマイ,岩を背負う虫ポケモン,イシズマイ ポケモン,3,Dwebble,,,
いしだたみ,石畳,いしをしきつめたみち,道,2,Paved road,,,
いしだん,石段,石でできた階段。,階段,1,Stone steps,,,
いしつぶて,イシツブテ,岩石のような体を持つポケモン。,イシツブテ,3,Geodude,,,
いしつぶてあろーらのすがた,イシツブテ(アローラのすがた),磁石の性質を持つアローラの姿,イシツブテ(アローラのすがた),3,Alolan Geodude,,,
いしづえ,礎,物事を支える基本となるもの。,基礎,3,Cornerstone,assets/shiritori/complete-0279.png,asset,AI生成イラスト
いしづき,石突き,杖や槍の石突き。,杖,3,,,,
いしどうろう,石灯籠,庭などに置く、石でできた灯り。,灯籠,2,Stone lantern,,,
いしばし,石橋,いしでつくったはし,橋,1,Stone bridge,,,
いしへんじん,イシヘンジン,石でできた巨大ポケモン,イシヘンジン ポケモン,3,Stonjourner,,,
いしや,石屋,石を売ったり加工したりする店。,職業,2,Stonemason,,,
いじ,維持,物事や状態をそのまま保つこと。,保持,2,Maintenance,assets/shiritori/complete-0285.png,asset,AI生成イラスト
いじ,意地,自分の考えを曲げずに通そうとする気持ち。,頑固,2,Stubbornness,assets/shiritori/aw-kechi.png,asset,AI生成イラスト
いじくる,いじくる,手でいじって、あれこれ動かす。,手遊び,1,Fiddle,assets/shiritori/toy.png,asset,AI生成イラスト
いじげん,異次元,別の次元や世界。,ファンタジー,2,Other dimension,assets/shiritori/complete-0288.png,asset,AI生成イラスト
いじっばり,意地っ張り,すぐいじをはること,性格,1,Stubborn,assets/shiritori/aw-kechi.png,asset,AI生成イラスト
いじらしい,愛らしい,小さくてかわいそうな様子に、かわいさやいじらしさを感じること。,感情,2,Adorable,assets/shiritori/nikkori.png,asset,AI生成イラスト
いじり,弄り,からかったり、手を加えたりすること。,手遊び,2,,assets/shiritori/toy.png,asset,AI生成イラスト
いじわる,意地悪,人にわざと困ることをすること。,いたずら,1,Mean,assets/shiritori/aw-kechi.png,asset,AI生成イラスト
いじわるい,意地悪い,人にわざと困ることをするようす。,性格,1,Mean,assets/shiritori/aw-kechi.png,asset,AI生成イラスト
いす,椅子,人が座るための家具。,椅子,1,,,,
いすず,いすゞ,日本の自動車メーカー。トラックも作っている。,いすゞ,2,,,,
いすらえる,イスラエル,地中海の東側にある中東の国。,イスラエル 国旗,2,Israel,,,
いすわり,居座り,同じ場所に長く居続けること。,居座り,2,Stay,assets/shiritori/complete-0297.png,asset,AI生成イラスト
いずかた,何方,どちらの方向かをたずねる言葉。,疑問,3,Where,assets/shiritori/complete-0298.png,asset,AI生成イラスト
いずこ,何処,どこ、という意味の古い言葉。,場所,3,Where,assets/shiritori/complete-0299.png,asset,AI生成イラスト
いずな,いずな,おこじょににている小動物,いずな,2,,,,
いずみ,泉,地面から水がわき出ている小さな場所。,泉,1,Spring,,,
いずみ,和泉,ちめいのなまえ。,地名,3,,,,
いずら,面,つらやがおのこと,顔,3,Face,,,
いぜん,以前,まえのこと。,時間,2,Before,assets/shiritori/complete-0304.png,asset,AI生成イラスト
いぜん,依然,まえとまったくおなじこと。,状態,3,Still,assets/shiritori/complete-0305.png,asset,AI生成イラスト
いそがしい,忙しい,やることがたくさんあること。,忙しい,1,Busy,assets/shiritori/complete-0306.png,asset,AI生成イラスト
いそぎ,急ぎ,はやくすること。,急ぐ,1,Hurry,assets/shiritori/sekasu.png,asset,AI生成イラスト
いそぐ,急ぐ,いそいでやること。,走る,1,Rush,assets/shiritori/sekasu.png,asset,AI生成イラスト
いそべ,磯辺,うみのそばのところ。,磯,2,Seashore,,,
いぞう,遺像,亡くなった人の肖像。,写真,3,Memorial portrait,,,
いぞく,遺族,なくなったひとのごかぞく。,家族,2,Bereaved family,,,
いぞん,依存,だれかにたよること。,依存,3,Dependence,assets/shiritori/complete-0312.png,asset,AI生成イラスト
いた,板,きでできたうすいもの。,板,1,Board,,,
いた,痛,からだのどこかがくるしいこと。,痛み,1,Pain,assets/shiritori/itami.png,asset,AI生成イラスト
いたがきたいすけ,板垣退助,自由民権運動を進め、自由党を作った政治家。,板垣退助 肖像,2,Itagaki Taisuke,,,
いたずら,悪戯,わるいことをしてあそぶこと。,いたずら,1,Prank,assets/shiritori/aw-niyaniya.png,asset,AI生成イラスト
いたずらっ子,いたずらっ子,よくいたずらをする子ども。,子供,1,Mischievous child,,,
いたたまれない,居たたまれない,そこにいるのがつらくて、いたたまれない気持ち。,感情,3,,assets/shiritori/complete-0318.png,asset,AI生成イラスト
いただき,頂,山のいちばんうえ。,山頂,2,Summit,,,
いただく,頂く,もらうことのていねいないいかた。,もらう,2,Receive,assets/shiritori/complete-0320.png,asset,AI生成イラスト
いたって,至って,とても。たいへん。,強調,2,Very,assets/shiritori/complete-0321.png,asset,AI生成イラスト
いたみ,痛み,いたいきもちのこと。,痛み,1,Pain,assets/shiritori/itami.png,asset,AI生成イラスト
いたむ,痛む,からだやこころがいたいこと。,痛み,1,Ache,assets/shiritori/itami.png,asset,AI生成イラスト
いたむ,傷む,たべものがわるくなること。,腐敗,1,Rot,assets/shiritori/complete-0324.png,asset,AI生成イラスト
いたり,至り,とてもそうおもうこと。,状態,3,,assets/shiritori/complete-0325.png,asset,AI生成イラスト
いたりあ,イタリア,ピザやパスタがゆうめいで、くつのようなかたちをしたくに。,イタリア 国旗,1,Italy,,,
いたわる,労わる,やさしくすること。,いたわり,2,Kindness,assets/shiritori/ss-care.png,asset,AI生成イラスト
いだいなきば,イダイナキバ,古代のマンモスポケモン,イダイナキバ ポケモン,3,Great Tusk,,,
いち,一,かずの1のこと。,数字,1,One,assets/shiritori/complete-0329.png,asset,アプリ作成図
いち,位置,物がある場所や位置。,場所,2,Location,assets/shiritori/complete-0330.png,asset,AI生成イラスト
いち,市,人や店が集まって品物を売り買いする場所。,市場,2,Market,,,
いちえん,一円,日本のお金の単位の一つ。,硬貨,1,One yen,,,
いちご,イチゴ,あかくてつぶつぶがあるあまいくだもの。,イチゴ,1,,,,
いちご,苺,あかくてあまいくだもの。,苺,1,Strawberry,,,
いちごいちえ,一期一会,一生に一度の出会いを大切にすること。,格言,3,Meeting,assets/shiritori/complete-0335.png,asset,AI生成イラスト
いちじ,一時,短い時間。,時間,2,A while,assets/shiritori/complete-0336.png,asset,AI生成イラスト
いちじく,無花果,あまくておいしいくだもの。,無花果,1,Fig,,,
いちじつ,一日,一日。,一日,1,One day,,,
いちだい,一代,ひとりのひとの一生。,人生,3,One generation,assets/shiritori/complete-0339.png,asset,AI生成イラスト
いちだん,一段,ひとつのだんのこと。,階段,1,Step,assets/shiritori/complete-0340.png,asset,AI生成イラスト
いちどう,一同,その場にいる人みんな。,集団,2,Everyone,assets/shiritori/kessoku.png,asset,AI生成イラスト
いちにんまえ,一人前,必要な力や技術を身につけて、一人前になること。,成長,2,Adult,assets/shiritori/complete-0342.png,asset,AI生成イラスト
いちねんせんそう,一年戦争,アニメ「機動戦士ガンダム」の用語。地球連邦政府とジオン公国との間で勃発した史上最大規模の宇宙戦争。,一年戦争 ガンダム,3,,,,
いちのせみのり,一之瀬みのり,「トロピカル～ジュ!プリキュア」に登場する中学2年生。一之瀬みのりはキュアパパイアに変身する。,一之瀬みのり アニメ,3,,,,
いちはやく,一早く,だれよりも先に。できるだけ早く。,急ぐ,2,Promptly,assets/shiritori/complete-0345.png,asset,AI生成イラスト
いちば,市場,いろいろなものがうっているばしょ。,市場,1,Market,,,
いちばん,一番,いちばん上の順位。,1位,1,Number one,assets/shiritori/complete-0347.png,asset,アプリ作成図
いちぶ,一部,ぜんぶではなくすこしのこと。,部分,2,Part,assets/shiritori/complete-0348.png,asset,アプリ作成図
いちめん,一面,ある面の全体。または全体に広がるようす。,全体,2,Entire surface,assets/shiritori/complete-0349.png,asset,アプリ作成図
いちもくさん,一目散,まっすぐに、ものすごい速さで進むこと。,走る,2,Dash,assets/shiritori/complete-0345.png,asset,AI生成イラスト
いちもん,一文,昔のお金の単位「文」一つ分。,お金,3,One copper coin,,,
いちや,一夜,夜を一晩すごすこと。,夜,2,One night,assets/shiritori/complete-0352.png,asset,AI生成イラスト
いちり,一里,昔の距離の単位。,単位,3,Distance,,,
いちりんしゃ,一輪車,タイヤがひとつだけののりもの。,一輪車,1,Unicycle,,,
いちわ,一羽,鳥を数えるときに使う言葉。,鳥,1,One bird,,,
いっか,一家,家族みんな。,家族,1,Family,,,
いっかい,一回,一度。,回数,1,Once,assets/shiritori/complete-0357.png,asset,AI生成イラスト
いっかつ,一括,いくつかを一つにまとめて行うこと。,整理,2,Batch,assets/shiritori/complete-0358.png,asset,AI生成イラスト
いっかねずみ,イッカネズミ,家族を作るネズミポケモン,イッカネズミ ポケモン,3,Maushold,,,
いっかん,一環,一つにつながっていること。,部分,3,Link,assets/shiritori/complete-0360.png,asset,AI生成イラスト
いっき,一気,いっきにのんだりすること。,挑戦,1,In one breath,assets/shiritori/complete-0361.png,asset,AI生成イラスト
いっきに,一気に,休まずに一度に続けて行うようす。,挑戦,1,In one breath,assets/shiritori/complete-0362.png,asset,AI生成イラスト
いっけん,一軒,家一軒。家を数えるときにも使う言葉。,家,2,House,,,
いっこ,一個,ひとつのこと。,数,1,One item,assets/shiritori/complete-0364.png,asset,アプリ作成図
いっさい,一切,すべて。少しも残さず。,否定,3,All,assets/shiritori/complete-0365.png,asset,アプリ作成図
いっさん,一散,いそいでいくこと,走る,3,Dash,assets/shiritori/complete-0345.png,asset,AI生成イラスト
いっし,一指,ゆびをひとつさすこと,動作,3,One finger,assets/shiritori/pv-point.png,asset,AI生成イラスト
いっしゅう,一周,まわりを一回ぐるりと回ること。,回る,1,One lap,assets/shiritori/complete-0368.png,asset,アプリ作成図
いっしょ,一緒,ほかの人といっしょにいること。,集まり,1,Together,assets/shiritori/kessoku.png,asset,AI生成イラスト
いっしょくそくはつ,一触即発,危険がすぐそこまでせまっていること。,危険,3,Touch and go,assets/shiritori/complete-0370.png,asset,AI生成イラスト
いっしん,一心,一つのことに心を集中すること。,努力,3,Dedication,assets/shiritori/shuuchuu.png,asset,AI生成イラスト
いっしんどうたい,一心同体,二人が心を一つにして、力を合わせていること。,仲良し,3,One body,assets/shiritori/kessoku.png,asset,AI生成イラスト
いっすい,一睡,少しのあいだ眠ること。,睡眠,3,Nap,assets/shiritori/nemuru.png,asset,AI生成イラスト
いっすん,一寸,とても短い距離。,単位,3,Tiny,assets/shiritori/complete-0374.png,asset,AI生成イラスト
いっせき,一石,ひとつのいし。,石,2,One stone,,,
いっせきにちょう,一石二鳥,一つのことをして、二つのよい結果を得ること。,ことわざ,3,Two birds with one stone,assets/shiritori/complete-0376.png,asset,AI生成イラスト
いっせん,一銭,むかしのちいさなおかね,通貨,3,One sen,,,
いっせん,一戦,一度の戦い。,勝負,2,Match,assets/shiritori/complete-0378.png,asset,AI生成イラスト
いっそ,いっそ,ほかのことより、むしろこちらを選びたいという気持ち。,選択,2,Rather,assets/shiritori/complete-0379.png,asset,AI生成イラスト
いっそう,一層,さらに。いっそう。,変化,3,More,assets/shiritori/complete-0380.png,asset,AI生成イラスト
いっそく,一足,左右一組のくつ。,靴,2,A pair of shoes,,,
いっそく,一息,少し休むこと。または一度に飲み食いすること。,休憩,2,A breath,assets/shiritori/kutsurogi.png,asset,AI生成イラスト
いっそん,一村,一つの村。,村,3,One village,,,
いったい,一体,どうなっているのかと強くたずねたり驚いたりする言葉。,疑問,2,What on earth,assets/shiritori/complete-0384.png,asset,AI生成イラスト
いっち,一致,二つのものが同じになること。,合致,2,Matching,assets/shiritori/complete-0385.png,asset,アプリ作成図
いっちょう,一丁,豆腐を数えるときの言葉。,豆腐,2,One block,,,
いっちょうめ,一丁目,町を分けた区画の一つ。,住所,2,1-chome,,,
いってい,一定,決まっていて変わらないこと。,決まり,2,Fixed,assets/shiritori/complete-0388.png,asset,AI生成イラスト
いってん,一点,一点。一つの点や場所。,点,2,One point,assets/shiritori/complete-0389.png,asset,AI生成イラスト
いっぴん,逸品,特にすぐれた一つの品。,名品,3,Masterpiece,assets/shiritori/complete-0390.png,asset,AI生成イラスト
いっぶん,一分,一分。一つの部分。,時間,2,One minute,assets/shiritori/complete-0391.png,asset,アプリ作成図
いっぽ,一歩,一度、足を前に出すこと。,歩行,1,One step,assets/shiritori/complete-0392.png,asset,AI生成イラスト
いっぽん,一本,細長い物を数える言葉。,数,1,One long object,,,
いっぽんぎ,一本気,一つのことをまっすぐにやり通す性質。,性格,2,Single-minded,assets/shiritori/complete-0394.png,asset,AI生成イラスト
いっぽんづり,一本釣り,釣りざお一本で魚を釣ること。,釣り,2,Pole and line fishing,assets/shiritori/complete-3732.png,asset,AI生成イラスト
いっぽんやり,一本槍,一つの方法だけをたよりにすること。,こだわり,3,Single-minded,assets/shiritori/complete-0396.png,asset,AI生成イラスト
いと,糸,ぬうときや、つなぐときにつかうほそいひも。,糸,1,,,,
いとうひろぶみ,伊藤博文,初代内閣総理大臣。内閣制度が始まったときに就任した。,伊藤博文 肖像,3,HirobumiIto,,,
いとまる,イトマル,糸を操るクモポケモン,イトマル,3,Spinarak,,,
いなづま,稲妻,空に稲妻のように走る、雷の光。,稲妻,1,Lightning,,,
いなびかり,稲光,雷が光ること。,稲光,1,Lightning,assets/shiritori/complete-0401.png,asset,AI生成イラスト
いぬ,犬,人といっしょに暮らすことが多い動物。,犬,1,,,,
いぬかいいろは,犬飼いろは,「わんだふるぷりきゅあ!」の登場人物。キュアフレンディに変身する中学2年生。,犬飼いろは アニメ,3,,,,
いぬかいこむぎ,犬飼こむぎ,「わんだふるぷりきゅあ!」に登場するパピヨンの犬。人の姿になることができ、キュアワンダフルに変身する。,犬飼こむぎ アニメ,3,,,,
いぬかいつよし,犬養毅,第29代内閣総理大臣。,犬養毅 肖像,3,TsuyoshiInukai,,,
いのうただたか,伊能忠敬,50歳を過ぎてから日本中を歩いて測量し、正確な日本地図を作った,伊能忠敬 肖像,2,Ino Tadataka,,,
いのうりょく,異能力,人にはない不思議な力。,ファンタジー,2,Superpower,assets/shiritori/complete-0407.png,asset,AI生成イラスト
いのしし,いのしし,するどい牙と突進力をもった、豚に似た生き物。,いのしし,1,wild boar,,,
いのむー,イノムー,毛におおわれたイノシシのポケモン。,イノムー,3,Piloswine,,,
いばらき,茨城県,納豆が有名な、関東地方の県。,茨城県,1,Ibaraki,,,
いべるたる,イベルタル,破壊をもたらす伝説のポケモン。,イベルタル ポケモン,3,Yveltal,,,
いまいち,今一,期待したほどではないこと。,不十分,2,Not quite good,assets/shiritori/complete-0412.png,asset,AI生成イラスト
いまどき,今時,いまのじだいのこと。,現代,2,Nowadays,assets/shiritori/complete-0413.png,asset,AI生成イラスト
いまにも,今にも,すぐおこりそうなこと。,様子,2,Any moment,assets/shiritori/complete-0414.png,asset,AI生成イラスト
いも,芋,つちのなかにできるたべもの。,野菜,1,Potato,,,
いもあらい,芋洗い,人がたくさん集まって、ぎゅうぎゅうに混み合うこと。,混雑,2,Crowded,assets/shiritori/complete-0416.png,asset,AI生成イラスト
いもづる,芋づる,一つが分かると、関連することが次々に分かること。,芋,2,Vine,assets/shiritori/complete-0417.png,asset,AI生成イラスト
いもむし,芋虫,チョウやガの幼虫。,芋虫,1,Caterpillar,,,
いもようかん,芋羊羹,いもでつくったあまいおかし。,和菓子,1,Sweet potato jelly,,,
いや,嫌,すきじゃないこと。,拒否,1,Dislike,assets/shiritori/kirai.png,asset,AI生成イラスト
いやいや,いやいや,したくないときのこと。,拒否,1,Reluctantly,assets/shiritori/kirai.png,asset,AI生成イラスト
いやし,癒し,こころがほっとすること。,リラックス,2,Healing,assets/shiritori/iyashi.png,asset,AI生成イラスト
いやしい,卑しい,食べ物や物をむさぼりほしがるようす。,感情,3,Greedy,assets/shiritori/nedaru.png,asset,AI生成イラスト
いやだ,嫌だ,したくないこと。,感情,1,No way,assets/shiritori/kirai.png,asset,AI生成イラスト
いやな,嫌な,すきじゃないこと。,感情,1,Unpleasant,assets/shiritori/kirai.png,asset,AI生成イラスト
いよいよ,いよいよ,ついにその時が来たようす。また、もうすぐその時になること。,時間,1,Finally,assets/shiritori/complete-0426.png,asset,AI生成イラスト
いらく,イラク,古代メソポタミア文明が栄えた地で、チグリス川とユーフラテス川が流れる中東の国。,イラク 国旗,2,Iraq,,,
いらん,イラン,古代ペルシャ帝国の歴史を受け継ぎ、美しいペルシャじゅうたんやモスクが有名な中東の国,イラン 国旗,2,Iran,,,
いりぐち,入り口,なかにはいるところ。,場所,1,Entrance,,,
いりごま,煎り胡麻,いってあるごま。,料理,2,Toasted sesame,,,
いりたまご,煎り卵,卵をとき、いためて作る料理。,料理,1,Scrambled egg,,,
いりょう,医療,病気やけがを治したり、手当てをしたりすること。,病院,2,Medical care,assets/shiritori/complete-0432.png,asset,AI生成イラスト
いりょく,威力,人や物を動かす強い力。,力,2,Power,assets/shiritori/complete-0433.png,asset,AI生成イラスト
いる,居る,そこにいること。,存在,1,Be,assets/shiritori/complete-0434.png,asset,AI生成イラスト
いる,要る,ひつようなこと。,必要,1,Need,assets/shiritori/complete-0435.png,asset,AI生成イラスト
いる,いる,人や動物が住んでいる。,いる,1,,assets/shiritori/complete-0436.png,asset,AI生成イラスト
いるか,海豚,海にすむ哺乳類。,海豚,1,Dolphin,,,
いるす,留守,家の人が留守で、家にいないこと。,不在,1,Away,assets/shiritori/complete-0438.png,asset,AI生成イラスト
いるみーぜ,イルミーゼ,光る虫ポケモン。甘い香りでバルビートを誘い、夜空に模様を描く。,イルミーゼ ポケモン,3,Illumise,,,
いれかえ,入れ替え,中に入っているものを、別のものにかえること。,交換,2,Switch,assets/shiritori/complete-0440.png,asset,AI生成イラスト
いれかわる,入れ替わる,場所や役目をたがいにかえること。,移動,2,Switch,assets/shiritori/ss-change.png,asset,AI生成イラスト
いれもの,入れ物,なかになにかをいれるもの。,道具,1,Container,,,
いろ,色,あかあおきいろなどのこと。,色,1,Color,assets/shiritori/complete-0443.png,asset,アプリ作成図
いろあわせ,色合わせ,いろのくみあわせのこと。,デザイン,2,Color matching,assets/shiritori/botan.png,asset,AI生成イラスト
いろえんぴつ,色鉛筆,いろをぬるためのえんぴつ。,文房具,1,Colored pencil,,,
いろおとこ,色男,顔立ちがよく、魅力のある男性。,人物,3,Handsome man,,,
いろおに,いろおに,鬼ごっこの一つ。決めた色の物にさわって鬼から逃げる遊び。,色鬼,1,,,,
いろがみ,色紙,いろがついているかみ。,折り紙,1,Colored paper,,,
いろじろ,色白,肌の色が白いこと。,人物,2,Fair complexion,assets/shiritori/complete-0449.png,asset,AI生成イラスト
いろとりどり,色とりどり,たくさんのいろがあること。,鮮やか,1,Colorful,assets/shiritori/complete-0450.png,asset,AI生成イラスト
いろみ,色味,色の明るさやあざやかさの感じ。,色,2,Color tone,assets/shiritori/complete-0451.png,asset,AI生成イラスト
いわ,岩,とってもおおきないしのこと。,岩,1,Rock,,,
いわお,巌,とってもおおきなごつごつした岩。,岩,2,Boulder,,,
いわかげ,岩陰,いわのかげのこと。,隠れ家,2,Rock shadow,,,
いわくら,磐座,神が宿るといわれる岩。,神社,3,Rock seat,,,
いわし,鰯,ちいさなうみのさかな。,鰯,1,Sardine,,,
いわしぐも,鰯雲,魚の群れのように空に広がる雲。,秋,2,Cirrocumulus cloud,,,
いわて,岩手県,本州で一番広い面積を持つ県。,岩手県,1,Iwate,,,
いわな,岩魚,きれいなかわにすむさかな。,岩魚,1,Char,,,
いわのり,岩海苔,いわにはえているのり。,海藻,2,Rock seaweed,,,
いわば,岩場,いわがたくさんあるところ。,地形,1,Rocky place,,,
いわぱれす,イワパレス,大きな岩を背負った虫のポケモン。,イワパレス ポケモン,3,Crustle,,,
いわま,岩間,いわといわのあいだ。,隙間,2,Between rocks,,,
いわみ,石見,ちめいのなまえ。,地名,3,,,,
いわむろ,岩室,岩の中や岩を掘って作った部屋。,洞窟,3,Rock room,,,
いわや,岩屋,岩をくりぬいて作った住まい。,洞窟,2,Cave,,,
いわゆる,所謂,多くの人がそう呼んでいる、という意味の言葉。,説明,3,So-called,assets/shiritori/complete-0467.png,asset,AI生成イラスト
いわれ,謂れ,物事の由来や、そうなった理由。,由来,3,Origin,assets/shiritori/complete-0468.png,asset,AI生成イラスト
いわんこ,イワンコ,石を投げて遊ぶのが好きな子犬ポケモン。,イワンコ ポケモン,3,Rockruff,,,
いわーく,イワーク,大きな岩がつながった体を持つ、ヘビのポケモン。,イワーク,3,Onix,,,
いん,印,しるしのこと。,記号,1,Mark,assets/shiritori/complete-0471.png,asset,アプリ作成図
いんか,引火,火がほかの物に移ること。,火事,2,Ignition,assets/shiritori/complete-0472.png,asset,AI生成イラスト
いんきょ,隠居,仕事や役目をやめて、静かに暮らすこと。,老人,3,Retirement,assets/shiritori/complete-0473.png,asset,AI生成イラスト
いんこ,インコ,ちいさなとり。,インコ,1,Parakeet,,,
いんさつ,印刷,文字や絵を紙などにうつすこと。,プリンター,2,Print,assets/shiritori/complete-0475.png,asset,AI生成イラスト
いんしょう,印象,みたときにのこるきもち。,感情,2,Impression,assets/shiritori/complete-0476.png,asset,AI生成イラスト
いんしょく,飲食,のみたべすること。,食事,2,Eating and drinking,assets/shiritori/complete-0477.png,asset,AI生成イラスト
いんじ,印字,きかいでじをうつこと。,印刷,2,Printing,assets/shiritori/complete-0475.png,asset,AI生成イラスト
いんすう,因数,かけ算の答えを作る数の一つ。,算数,3,Factor,assets/shiritori/complete-0479.png,asset,アプリ作成図
いんせき,隕石,うちゅうからおちてくるいし。,宇宙,2,Meteorite,,,
いんたい,引退,しごとをやめること。,スポーツ,2,Retirement,assets/shiritori/complete-0481.png,asset,AI生成イラスト
いんちき,インチキ,うそやごまかしのこと。,嘘,1,Fake,assets/shiritori/complete-0482.png,asset,AI生成イラスト
いんてり,インテリ,知識があり、頭のよい人。,人物,3,Intellectual,,,
いんてれおん,インテレオン,ねらった場所を撃つのが得意な水ポケモン。,インテレオン ポケモン,3,Inteleon,,,
いんど,インド,カレーが有名で、世界で最も人口が多い国。,インド 国旗,1,India,,,
いんどねしあ,インドネシア,数多くの島々からなり、バリ島などのリゾートや独自の文化がある東南アジアの国。,インドネシア 国旗,2,Indonesia,,,
いんのしま,因島町,しまなみ海道にある広島県尾道市の島。,因島市,2,Innoshima,,,
いんぱくと,インパクト,強い印象や衝撃。,衝撃,2,Impact,assets/shiritori/complete-0488.png,asset,AI生成イラスト
いんぺい,隠蔽,かくれかくすこと。,秘密,3,Concealment,assets/shiritori/himitsu.png,asset,AI生成イラスト
いんよう,引用,本や人の言葉を、出典を示して取り上げること。,文章,3,Quotation,assets/shiritori/complete-0490.png,asset,AI生成イラスト
いんりょく,引力,ひっぱりあうちからのこと。,科学,2,Gravity,assets/shiritori/complete-0491.png,asset,アプリ作成図
いーぐれっと,イーグレット,とりのかざり。,鳥,3,Egret feather,,,
いーぶい,イーブイ,進化のしかたがたくさんあるポケモン。,イーブイ,3,Eevee,,,
いーゆい,イーユイ,勾玉のような珠を持つ災いのポケモン。,イーユイ ポケモン,3,Chi-Yu,,,
うぃんぐがんだむぜろ,ウイングガンダムゼロ,アニメ「新機動戦記ガンダムW」に登場するモビルスーツ。ゼロシステムを搭載している。,ウイングガンダムゼロ,3,Wing Gundam Zero,,,
ういんかー,ウィンカー,車が曲がることを知らせる点滅するランプ。,ウィンカー 自動車,2,Turn signal,,,
ういんぐがんだむ,ウイングガンダム,アニメ「新機動戦記ガンダムW」の主役機。飛行形態に変形できる。,ウイングガンダム,3,WingGundam,,,
ういんぐがんだむぜろ,ウイングガンダムゼロ,「新機動戦記ガンダムW」に登場するモビルスーツ。ゼロシステムを搭載している。,ウイングガンダムゼロ,3,WingGundamZero,,,
ういんでぃ,ウインディ,炎のようなたてがみを持つ伝説のポケモン。,ウインディ,3,Arcanine,,,
ういんでぃひすいのすがた,ウインディ(ヒスイのすがた),ヒスイ地方にいた、岩の角を持つウインディの姿。,ウインディ(ヒスイのすがた),3,Hisuian Arcanine,,,
うぇるかも,ウェルカモ,ダンスを踊る水ポケモン。,ウェルカモ ポケモン,3,Quaxwell,,,
うぇーにばる,ウェーニバル,ダンスが得意な水ポケモン。,ウェーニバル ポケモン,3,Quaquaval,,,
うぉーぐる,ウォーグル,大きな翼で空を飛ぶ勇者ポケモン。,ウォーグル ポケモン,3,Braviary,,,
うぉーぐるひすいのすがた,ウォーグル(ヒスイのすがた),超能力を使う、ウォーグルのヒスイ地方の姿。,ウォーグル(ヒスイのすがた) ポケモン,3,Hisuian Braviary,,,
うか,羽化,むしがさなぎからかえること。,羽化 昆虫,2,Emergence,assets/shiritori/complete-0505.png,asset,AI生成イラスト
うかのみたま,宇迦之御魂神,日本の神話で、お米や食べ物の神様。,稲荷神,2,Inari,,,
うがい,うがい,口に水などをふくみ、口やのどをすすぐこと。,うがい 習慣,1,Gargling,assets/shiritori/complete-0507.png,asset,AI生成イラスト
うがいぐすり,うがい薬,うがいをするときに使う薬。,うがい薬 薬,1,Mouthwash,,,
うがつほむら,ウガツホムラ,古代の炎ポケモン,ウガツホムラ ポケモン,3,Gouging Fire,,,
うがんだ,ウガンダ,アフリカにあり、野生のゴリラが生息する豊かな自然から「アフリカの真珠」と呼ばれる国,ウガンダ 国旗,3,Uganda,,,
うきわ,浮き輪,みずのうえにうかぶためのどうぐ。,浮き輪 道具,1,Swim ring,,,
うくらいな,ウクライナ,東ヨーロッパに位置し、広大なヒマワリ畑や農業が盛んなことで知られる国,ウクライナ 国旗,2,Ukraine,,,
うぐいす,うぐいす,ホーホケキョと鳴く鳥。,うぐいす,1,Nightingale,,,
うごき,動き,ものがうごくこと。,動き 動作,1,,assets/shiritori/complete-0514.png,asset,AI生成イラスト
うさぎ,ウサギ,みみがながくてぴょんぴょんはねるどうぶつ。,ウサギ,1,,,,
うさぎ,兎,みみがながくてぴょんぴょんはねるどうぶつ。,兎 動物,1,Rabbit,,,
うさみいちか,宇佐美いちか,「キラキラ☆プリキュアアラモード」の主人公。キュアホイップに変身する中学2年生。,宇佐美いちか アニメ,3,,,,
うし,牛,モーと鳴き、ミルクをとれる動物。,牛,1,,,,
うしわかまる,牛若丸,むかしのえらいさむらいのこどものなまえ。源義経の幼名。,牛若丸,2,Samurai,,,
うじ,蛆,はえのあかちゃん。,蛆 昆虫,2,Maggot,,,
うじがみ,氏神,その土地の神様,神社 神道,3,,,,
うす,臼,もちをつくためのどうぐ。,臼 道具,2,Mortar,,,
うすあか,薄赤,うすいあかいろ。,薄赤 色,1,,,,
うすい,薄い,あつみがないこと。,薄い 概念,1,,assets/shiritori/complete-0524.png,asset,アプリ作成図
うすぐもり,薄曇り,うすい雲が空に広がっている天気。,薄曇り 天気,2,,,,
うず,渦,みずがぐるぐるまわっていること。,渦 自然,2,Whirlpool,assets/shiritori/complete-0526.png,asset,AI生成イラスト
うずべきすたん,ウズベキスタン,中央アジアにあり、サマルカンドなどの青く美しいシルクロードの遺跡が残る国,ウズベキスタン 国旗,3,Uzbekistan,,,
うずまき,渦巻,ぐるぐるまわるかたち。,渦巻,1,Spiral,,,
うずまき,渦巻き,ぐるぐるまわるかたち。,渦巻き 図形,1,Spiral,,,
うせき,雨石,あめをよぶといういし,雨石 伝説,3,,,,
うそ,嘘,ほんとうではないこと。,嘘 概念,1,,assets/shiritori/complete-0531.png,asset,AI生成イラスト
うそっきー,ウソッキー,木に化ける岩のポケモン。,ウソッキー,3,Sudowoodo,,,
うそつき,嘘つき,うそばかりいうひと。,嘘つき 人物,1,,assets/shiritori/complete-0533.png,asset,AI生成イラスト
うそはち,ウソハチ,盆栽のような姿をしたポケモン。,ウソハチ ポケモン,3,Bonsly,,,
うた,歌,こえにだしてメロディをつけるもの。,歌 音楽,1,Song,assets/shiritori/complete-0535.png,asset,AI生成イラスト
うた,詩,ことばをつかってきもちをあらわすもの。,詩 文学,2,Poem,assets/shiritori/shi.png,asset,AI生成イラスト
うたがい,疑い,ほんとうかなあとおもうこと。,疑い 概念,2,,assets/shiritori/complete-0537.png,asset,AI生成イラスト
うたがわひろしげ,歌川広重,『東海道五十三次』などの風景画を描いた、江戸時代の浮世絵師,歌川広重 浮世絵,2,Hiroshige,,,
うたたね,うたたね,ほんのすこしのあいだねむること。,居眠り 動作,2,,assets/shiritori/nemuru.png,asset,AI生成イラスト
うちあわせ,打ち合わせ,会議などの前に、話し合う内容を決めておくこと。,会議 仕事,2,Meeting,assets/shiritori/complete-0540.png,asset,AI生成イラスト
うちでこづち,打ち出の小槌,ふるとたからものがでてくるといわれるどうぐ,打ち出の小槌 伝説,2,Magic mallet,,,
うちのり,内法,うちがわのはかりかた。,計測 道具,3,,assets/shiritori/complete-0542.png,asset,AI生成イラスト
うちゅう,宇宙,星や地球がある、広く大きな空間。,宇宙 宇宙空間,1,Outer space,,,
うちゅうせん,宇宙船,うちゅうをとぶのりもの。,宇宙船 乗り物,1,Spacecraft,,,
うちゅうひこうし,宇宙飛行士,うちゅうへいくひと。,宇宙飛行士 職業,1,Astronaut,,,
うちゅうふく,宇宙服,宇宙で活動するときに着る服。,宇宙服,2,,,,
うちわ,うちわ,手で動かして風を起こす道具。,うちわ,1,,,,
うちわ,団扇,うちわで風を起こすこと。,団扇 道具,1,Hand fan,assets/shiritori/complete-0548.png,asset,AI生成イラスト
うちわもめ,内輪揉め,なかまどうしでけんかすること。,喧嘩 概念,2,,assets/shiritori/kenka.png,asset,AI生成イラスト
うっう,ウッウ,獲物を飲みこむ鳥ポケモン。,ウッウ ポケモン,3,Cramorant,,,
うっそえヴぃん,ウッソ・エヴィン,アニメ「機動戦士Vガンダム」の主人公。13歳という若さでVガンダムを駆り、ザンスカール帝国と戦った少年。,ウッソ・エヴィン,3,Uso Ewin,,,
うつくしい,美しい,見た目がとてもきれいなこと。,美しい 概念,1,,assets/shiritori/complete-0552.png,asset,AI生成イラスト
うつし,写し,何かをまねて作った絵や写し。,複写 道具,2,Copy,assets/shiritori/complete-0553.png,asset,AI生成イラスト
うつどん,ウツドン,袋のような口で獲物をとらえ、とかすポケモン。,ウツドン,3,Weepinbell,,,
うつぶせ,うつ伏せ,からだのまえをしたがわにしてねること。,うつ伏せ 動作,2,,assets/shiritori/complete-0555.png,asset,AI生成イラスト
うつぼっと,ウツボット,強い香りで獲物を誘うポケモン。,ウツボット,3,Victreebel,,,
うつろ,虚ろ,なかになにもないこと。,空洞 概念,3,,assets/shiritori/complete-0557.png,asset,アプリ作成図
うつろいど,ウツロイド,クラゲのような姿をした、ウルトラビーストのポケモン。,ウツロイド ポケモン,3,Nihilego,,,
うで,腕,かたからてまでのぶぶん。,腕 解剖学,1,Arm,,,
うでっぽう,ウデッポウ,腕から水を飛ばすポケモン。,ウデッポウ ポケモン,3,Clauncher,,,
うでどけい,腕時計,うでにつけるどけい。,腕時計 道具,1,Wristwatch,,,
うどん,うどん,白くて長い麺。,うどん 料理,1,Udon,,,
うどんげ,優曇華,めったにさかないといわれるはな,花 植物,3,,,,
うなぎ,鰻,ながくてぬるぬるしたさかな。,鰻 動物,1,Eel,,,
うなぎのぼり,鰻登り,勢いよく上がっていくこと。,鰻登り 慣用句,3,,assets/shiritori/complete-0565.png,asset,AI生成イラスト
うなじ,項,くびのうしろがわ。,項 体,2,Nape,,,
うなずく,頷く,頭を前後に動かして、はいという気持ちを表すしぐさ。,頷く 動作,2,,assets/shiritori/complete-0567.png,asset,AI生成イラスト
うに,ウニ,海にすむ、とげのある丸い動物。,ウニ,1,Sea urchin,,,
うに,海胆,ウニの体の中にある、食べる部分。,海胆 生物,1,Sea urchin,,,
うね,畝,畑に作る、細長く盛り上がった土。,畝 農業,2,Ridge,,,
うのう,右脳,脳の右側。,右脳 脳,3,Right brain,,,
うのめ,鵜の目,何かを見つけようと、注意深く見る目つき。,目 動作,3,,assets/shiritori/complete-0572.png,asset,AI生成イラスト
うばぐるま,乳母車,あかちゃんをのせておすくるま。,乳母車 道具,1,Baby carriage,,,
うぱー,ウパー,水辺にすむ、サンショウウオのようなポケモン。,ウパー,3,Wooper,,,
うぶげ,産毛,からだにはえているうすくてやわらかいけ。,産毛 体,2,Vellus hair,,,
うぶごえ,産声,うまれたばかりのあかちゃんのなきごえ。,産声 赤ちゃん,2,,,,
うぶすながみ,産土神,うまれた土地の神様,神社 神道,3,,,,
うま,馬,人を乗せて速く走ることができる動物。,馬,1,,,,
うまごや,厩舎,うまをいれておくへや。,厩舎 建物,2,Stable,,,
うまのり,馬乗り,馬の背中に乗ること。,馬乗り 動作,2,,assets/shiritori/complete-0580.png,asset,AI生成イラスト
うみ,海,おおきなみずのひろがり。,海,1,,,,
うみでぃぐだ,ウミディグダ,海にすむモグラのような姿のポケモン。,ウミディグダ ポケモン,3,Wiglett,,,
うみとりお,ウミトリオ,細長い魚のような姿をしたポケモン。群れで暮らす。,ウミトリオ ポケモン,3,Wugtrio,,,
うみへび,海蛇,うみにすむへびのような生き物。,海蛇 生物,2,Sea snake,,,
うみべ,海辺,うみのそばのりくち。,海辺 風景,1,Seashore,,,
うみぼうず,海坊主,海にすむようかい。,海坊主,2,,,,
うめ,梅,はるのはじめにピンクの花がさく木。,梅,1,,,,
うめあわせ,埋め合わせ,損失や不足を、別のもので補うこと。,償い 概念,2,,assets/shiritori/complete-0588.png,asset,AI生成イラスト
うめぼし,梅干し,うめをほしてつくったすっぱいもの。,梅干し 食べ物,1,Umeboshi,,,
うめれんこん,梅蓮根,うめとれんこんのあえもの。,料理 食べ物,2,,,,
うもう,羽毛,鳥の羽の中でも、ふわふわした部分のこと。,羽毛,2,Foal,,,
うら,裏,おもての反対がわ。,裏 概念,2,,assets/shiritori/complete-0592.png,asset,AI生成イラスト
うらがえし,裏返し,うらとおもてを逆にすること。,裏返し 動作,1,,assets/shiritori/complete-0593.png,asset,AI生成イラスト
うらさき,浦崎町,おのみちしのひがしにある、うみのまち。,浦崎町,2,Urasaki,,,
うらしまたろう,うらしまたろう,竜宮城へ行った男の子が出てくる日本の昔話。,うらしまたろう,1,Urashima Taro,,,
うららか,うららか,天気がよく、あたたかくのどかなようす。,うららか,2,,assets/shiritori/nodoka.png,asset,AI生成イラスト
うり,瓜,なつにたべるやさいのなかま。,瓜 植物,1,Melon,,,
うりむー,ウリムー,氷原にすむ、いのししのようなポケモン。,ウリムー,3,Swinub,,,
うるおい,潤い,しめっていてみずみずしいこと。,潤い 自然,2,,assets/shiritori/complete-0599.png,asset,AI生成イラスト
うるがもす,ウルガモス,太陽の化身といわれる、ほのおとむしのポケモン。,ウルガモス ポケモン,3,Volcarona,,,
うるぐあい,ウルグアイ,南アメリカ南東部にある国。サッカーが盛ん。,ウルグアイ 国旗,2,Uruguay,,,
うるとらびーすと,ウルトラビースト,べつのせかいからやってきた少し違うポケモン,ウルトラビースト,3,,,,
うろうろ,うろうろ,あてもなく歩き回ること。,うろうろ,2,,assets/shiritori/complete-0603.png,asset,AI生成イラスト
うろこ,鱗,さかなのからだをおおっているもの。,鱗 生物,2,Scale,,,
うろたえる,狼狽える,びっくりしてあわてること。,狼狽 感情,2,,assets/shiritori/complete-0605.png,asset,AI生成イラスト
うわがき,上書き,前に書いてあった文字などの上に、別の内容を書くこと。,上書き コンピュータ,3,Overwrite,assets/shiritori/complete-0606.png,asset,AI生成イラスト
うわぎ,上着,ふくのうえからきるもの。,上着 服,1,Jacket,,,
うわさ,噂,ひとからひとへつたわるはなし。,噂 概念,2,Rumor,assets/shiritori/complete-0608.png,asset,AI生成イラスト
うわさらてんびん,上皿てんびん,左右の皿に物をのせて、重さを比べるための道具。,上皿てんびん,2,Triple beam balance,,,
うわずみえき,うわずみ液,沈殿した物質の上の、透明な液体の部分。,上澄み液 実験,2,Supernatant,,,
うわばき,上履き,がっこうのなかではくくつ、シューズのこと。,上履き 靴,1,Indoor shoes,,,
うわびき,上引き,きもののうえからはおること,上着 服,2,,assets/shiritori/complete-0612.png,asset,AI生成イラスト
うんが,運河,ふねがとおるためにほったみずみち。,運河 土木,2,Canal,,,
うんけい,運慶,鎌倉時代の仏師。東大寺南大門の金剛力士像など、写実的な仏像を作った,金剛力士像 東大寺,2,Unkei,,,
うんちく,蘊蓄,ものごとのふかいちしき。,知識 概念,3,,assets/shiritori/complete-0615.png,asset,AI生成イラスト
うんてい,雲梯,こうえんにあるてでぶらさがってわたるあそび。,雲梯 遊具,1,Monkey bars,,,
うんてん,運転,くるまをうごかすこと。,運転 自動車,2,,assets/shiritori/complete-0617.png,asset,AI生成イラスト
うんてんしゅ,運転手,くるまやバスをうんてんするひと。,運転手 職業,1,Driver,,,
うんどう,運動,体を動かすこと、ものが動くこと。,運動 概念,1,sports,assets/shiritori/taisou.png,asset,AI生成イラスト
うんどうかい,運動会,かけっこをするがっこうのぎょうじ。,運動会 行事,1,Sports day,assets/shiritori/complete-0620.png,asset,AI生成イラスト
うんどうぶ,運動部,がっこうでうんどうをするぶかつ。,運動部,1,Sports club,,,
うーらおす,ウーラオス,伝説の格闘ポケモン。,ウーラオス ポケモン,3,Urshifu,,,
うーらおすいちげきのかた,ウーラオス(いちげきのかた),一撃の型を持つウーラオス。,ウーラオス(いちげきのかた) ポケモン,3,Single Strike Urshifu,,,
うーらおすれんげきのかた,ウーラオス(れんげきのかた),連撃の型を持つウーラオス。,ウーラオス(れんげきのかた) ポケモン,3,Rapid Strike Urshifu,,,
うーるー,ウールー,モコモコの羊ポケモン。,ウールー ポケモン,3,Wooloo,,,
え,絵,かみなどにえがかれたもの。,絵 アート,1,Drawing,,,
えあーむど,エアームド,鎧のような羽を持つ鳥ポケモン。,エアームド,3,Skarmory,,,
えいえん,永遠,いつまでも終わらずに続くこと。,永遠 概念,1,Eternity,assets/shiritori/complete-0628.png,asset,AI生成イラスト
えいえん,延円,円をのばしたかたち,延円 図形,3,,,,
えいか,詠歌,うたをよむこと。,詠歌 文学,3,,assets/shiritori/shi.png,asset,AI生成イラスト
えいが,映画,スクリーンに映し出す動く映像。,映画 娯楽,1,Movie,,,
えいぎょう,営業,おみせがあいているじかん。,営業 商業,2,Business,assets/shiritori/complete-0632.png,asset,AI生成イラスト
えいけん,英検,えいごのテスト。,英検 資格,2,Eiken,,,
えいご,英語,外国のことばのひとつ。,英語 言語,2,English language,,,
えいし,英姿,かっこよく、りっぱな姿。,英姿 人物,3,,,,
えいし,詠詩,詩を作って詠むこと。,詠詩 文学,3,,assets/shiritori/shi.png,asset,AI生成イラスト
えいしゃ,映写,スクリーンにうつすこと。,映写 映像,2,Projection,assets/shiritori/complete-0637.png,asset,AI生成イラスト
えいじ,英字,アルファベットの文字。,英字 文字,2,Alphabet,,,
えいせい,衛星,惑星や地球のまわりを回る天体や人工物。,衛星 天体,3,Natural satellite,,,
えいせい,衛生,体を清潔に保つこと。,衛生 健康,2,Hygiene,assets/shiritori/complete-0640.png,asset,AI生成イラスト
えいぞう,映像,テレビやスマホにうつるもの。,映像 メディア,1,Video,,,
えいはぶりあくたー,エイハブ・リアクター,アニメ「機動戦士ガンダム 鉄血のオルフェンズ」の用語。半永久的に莫大なエネルギーを出力する真空素子を用いた相転移炉。,エイハブ・リアクター,3,,,,
えいぱむ,エイパム,器用な尻尾を持つ猿ポケモン。,エイパム,3,Aipom,,,
えいぶん,英文,英語でかかれたぶん。,英文 言語,2,English sentence,,,
えいゆう,英雄,人々を助ける勇気ある人。,英雄 人物,2,Hero,,,
えいよう,栄養,体を作ったり動かしたりするために、食べ物からとるもの。,栄養 健康,2,Nutrition,assets/shiritori/complete-0646.png,asset,AI生成イラスト
えいり,鋭利,はもののようにするどいこと。,鋭利 状態,3,,assets/shiritori/complete-0647.png,asset,AI生成イラスト
えいり,営利,お金をもうけること。,営利 経済,3,,assets/shiritori/complete-0648.png,asset,AI生成イラスト
えいわ,英和,英語を日本語に訳すこと。英和辞典にも使われる言葉。,英和 辞書,2,English-Japanese,assets/shiritori/complete-0649.png,asset,AI生成イラスト
えぅーご,エゥーゴ,アニメ「機動戦士Ζガンダム」の用語。地球連邦軍の軍閥「ティターンズ」の暴虐に対抗するために結成された反地球連邦組織。,エゥーゴ,3,AUEG,,,
えがお,笑顔,うれしくてにこにこしているかお。,笑顔,1,,assets/shiritori/egao.png,asset,AI生成イラスト
えがお,絵画,線や色で物や景色を表したもの。,絵画 アート,2,Painting,,,
えき,駅,でんしゃがとまって人が乗り降りするところ。,駅,1,,,,
えき,えき,液体状の物質のこと。水などのように流れる性質を持つ。,液体 物質,2,Liquid,assets/shiritori/complete-0654.png,asset,アプリ作成図
えき,液,さらさらしたみずのようなもの。,液 状態,2,Liquid,assets/shiritori/complete-0654.png,asset,アプリ作成図
えきしょうおんどけい,えきしょう温度計,温度によって色が変わる液晶を利用した、板状やテープ状の温度計。,液晶温度計,2,Liquid crystal thermometer,,,
えきじょういんく,えきじょうインク,液体の状態のインク。水の流れを見たりするのに使う,インク,2,Ink,assets/shiritori/complete-0657.png,asset,AI生成イラスト
えきたい,液体,流れる性質があり、容器に合わせて形を変えるが、体積は一定の物質の状態。,液体 状態,2,Liquid,assets/shiritori/complete-0654.png,asset,アプリ作成図
えきたい,えき体,流れる性質があり、容器に合わせて形を変えるが、体積は一定の物質の状態。,液体 状態,2,Liquid,assets/shiritori/complete-0654.png,asset,アプリ作成図
えきだめ,えきだめ,温度計の下の方にある、液体（赤液や水銀）がたまっている部分。,温度計 液溜め,2,Thermometer bulb,,,
えきひ,液肥,液体の肥料。,液肥 農業,3,Liquid fertilizer,,,
えくあどる,エクアドル,国名がスペイン語で「赤道」を意味し、固有の生物が多いガラパゴス諸島を持つ南米の国。,エクアドル 国旗,2,Ecuador,,,
えくすれっぐ,エクスレッグ,鋭い脚を持つバッタポケモン。,エクスレッグ ポケモン,3,Lokix,,,
えくぼ,エクボ,わらうとほっぺたにできる、ちいさなくぼみ。,えくぼ,1,Dimple,,,
えじぷと,エジプト,ピラミッドやスフィンクスというふるいきずきものがあるくに。,エジプト 国旗,1,Egypt,,,
えすてぃーじーず,SDGs,2030年までに達成を目指す、持続可能でより良い世界を作るための17の国際目標。,SDGs ロゴ,2,Sustainable Development Goals,assets/shiritori/complete-0666.png,asset,AI生成イラスト
えすとにあ,エストニア,バルト海に面し、電子政府などのIT技術が非常に進んでいることで有名なヨーロッパの国,エストニア 国旗,3,Estonia,,,
えたじまし,江田島市,うみにかこまれた、いりぐちがうつくしいまち。,江田島市,1,Etajima,,,
えだ,枝,木の幹からわかれてのびているぶぶん。,枝,1,,,,
えだまめ,枝豆,みどりいろのさやにはいったまめ。,枝豆,1,,,,
えちおぴあ,エチオピア,アフリカ東部にあり、コーヒーの原産地として、また独自の歴史を持つ国として知られる国,エチオピア 国旗,3,Ethiopia,,,
えちるあるこーる,エチルアルコール,酒の主成分であり、消毒や燃料にも使われるアルコールの一種。,エチルアルコール 薬品,2,Ethanol,,,
えつねん,越年,としをこすこと。,越年 習慣,2,New Year,assets/shiritori/complete-0673.png,asset,AI生成イラスト
えつらん,閲覧,本やウェブページをみること。,閲覧 行為,3,,assets/shiritori/complete-0674.png,asset,AI生成イラスト
えてぼーす,エテボース,尻尾の手を操るポケモン。,エテボース ポケモン,3,Ambipom,,,
えど,江戸,むかしのとうきょうのなまえ。,江戸 歴史,2,Edo period,,,
えどじだい,江戸時代,徳川家康が江戸に幕府を開き、約260年間の平和が続いた時代。,江戸時代 風俗,2,Edo period,,,
えなめる,エナメル,物の表面に光沢のある被膜を作るための塗料の一種。,エナメル 塗料,2,Enamel,,,
えなめるせん,エナメル線,銅線に薄い絶縁塗料を塗ったもの。電磁石の実験などによく使う。,エナメル線,2,Enamelled wire,,,
えぬじーおー,NGO,政府から独立して、社会の課題に取り組む民間の団体。,NGO 活動,2,Non-governmental organization,assets/shiritori/complete-0680.png,asset,AI生成イラスト
えねこ,エネコ,自分の尻尾を追いかけるポケモン。,エネコ ポケモン,3,Skitty,,,
えねころろ,エネコロロ,自由気ままなスタイルを持つポケモン。,エネコロロ ポケモン,3,Delcatty,,,
えのき,榎茸,ほそくてしろいきのこ。,榎茸 食べ物,1,Enoki mushroom,,,
えのぐ,絵の具,えをかくときにつかういろがついたもの。,絵の具 道具,1,Paint,,,
えひめ,愛媛県,みかんがとてもおいしい、四国の県。,愛媛県,1,Ehime,,,
えび,海老,長いひげと細い足をもつ、海や川の生き物。,海老 生物,1,Shrimp,,,
えびす,恵比須,商売や漁業の神として信仰される七福神の一人。,恵比須,2,Ebisu,,,
えびす,恵比寿,恵比寿天とも呼ばれる七福神の一人。,恵比寿 神話,3,Ebisu,,,
えびわらー,エビワラー,パンチの達人である格闘ポケモン。,エビワラー,3,Hitmonchan,,,
えほん,絵本,たくさんの絵とやさしいお話がある本。,絵本,1,,assets/shiritori/complete-0690.png,asset,AI生成イラスト
えむりっと,エムリット,感情の神と呼ばれるポケモン。,エムリット ポケモン,3,Mesprit,,,
えもん,衣紋,きもののえりもと。,衣紋 服,3,,,,
えもんが,エモンガ,空を滑空するモモンガポケモン。,エモンガ ポケモン,3,Emolga,,,
えらぶ,選ぶ,いくつかの中から、よいと思うものを決めること。,選ぶ,1,Choose,assets/shiritori/erabu.png,asset,AI生成イラスト
えり,襟,ふくのくびのまわりのぶぶん。,襟 服,2,Collar,,,
えりきてる,エリキテル,日光をエネルギーにするポケモン。,エリキテル ポケモン,3,Helioptile,,,
えりとりあ,エリトリア,紅海に面したアフリカ東部の国で、イタリア植民地時代の面影が残る街並みがある国,エリトリア 国旗,3,Eritrea,,,
えりまき,襟巻,あたたかくするためにくびにまくもの、マフラー。,襟巻,1,Scarf,,,
えりまきとかげ,エリマキトカゲ,首のまわりにえりのようなひだがあるトカゲ。おどろかせると、ひだを広げる。,エリマキトカゲ,2,lizard,,,
えるさるばどる,エルサルバドル,中央アメリカに位置し、コーヒー栽培や火山の景観、サーフィンが有名な国,エルサルバドル 国旗,3,El Salvador,,,
えるふーん,エルフーン,風に乗って移動するポケモン。,エルフーン ポケモン,3,Whimsicott,,,
えるめす,エルメス,アニメ「機動戦士ガンダム」の用語。ララァ・スンが搭乗し、ビットによる遠隔攻撃で連邦軍を恐怖に陥れた試作型MA。,エルメス ガンダム,3,Hermes,,,
えるれいど,エルレイド,騎士のような姿をした、エスパーと格闘タイプのポケモン。,エルレイド ポケモン,3,Gallade,,,
えれきっど,エレキッド,電気をたくわえる、子どものポケモン。,エレキッド,3,Elekid,,,
えれきぶる,エレキブル,電気を操るポケモン。,エレキブル ポケモン,3,Electivire,,,
えれざーど,エレザード,首のえりのような皮ふがある、でんきタイプのポケモン。,エレザード ポケモン,3,Heliolisk,,,
えれずん,エレズン,どくとでんきのタイプを持つ、子どものポケモン。,エレズン ポケモン,3,Toxel,,,
えれぶー,エレブー,電気を操るポケモン。,エレブー,3,Electabuzz,,,
えん,円,まるいかたちのこと、または日本のお金。,円 幾何学,1,,assets/shiritori/complete-0709.png,asset,AI生成イラスト
えんあまり,円亜久里,「ドキドキ!プリキュア」に登場する小学4年生の女の子。キュアエースに変身する。,円亜久里 アニメ,3,,,,
えんい,遠位,とおくのほう。,遠位 解剖学,3,,assets/shiritori/complete-0711.png,asset,AI生成イラスト
えんか,塩化,塩素がほかの元素と結びつくこと。,塩化 化学,3,Chloride,assets/shiritori/complete-0712.png,asset,アプリ作成図
えんか,炎火,燃え上がる火。,炎火 自然,3,Flame,,,
えんか,縁下,家の縁側の下にある空間。,縁下 家,3,,,,
えんかい,宴会,みんなでたのしくごはんをたべること。,宴会 行事,2,Party,assets/shiritori/complete-0715.png,asset,AI生成イラスト
えんかすいそ,塩化水素,刺激的なにおいがある気体。水に溶けると塩酸になる,塩化水素 気体,2,Hydrogen chloride,,,
えんかつ,円滑,ものごとがスムーズにいくこと。,円滑 概念,3,,assets/shiritori/complete-0717.png,asset,AI生成イラスト
えんがわ,縁側,家の外側に作る、板張りの細長い通路。,縁側 家,1,Veranda,,,
えんき,塩基,酸とは反対の性質を持つ物質。,塩基 化学,3,Base,,,
えんき,延期,よていをあとにすること。,延期 概念,2,Postponement,assets/shiritori/complete-0720.png,asset,AI生成イラスト
えんき,円機,まるいかたちをしたきかい,円機 機械,3,,,,
えんきょく,婉曲,遠回しにいうこと。,婉曲 表現,3,,assets/shiritori/complete-0722.png,asset,AI生成イラスト
えんぎ,演技,役者さんがやること。,演技 演劇,2,Acting,assets/shiritori/complete-0723.png,asset,AI生成イラスト
えんぎ,縁起,これから起こることを示す、めでたい前ぶれ。,縁起 習俗,2,Omen,assets/shiritori/complete-0724.png,asset,AI生成イラスト
えんげ,嚥下,たべものをのむこと。,嚥下 生理,3,Swallowing,assets/shiritori/complete-0725.png,asset,AI生成イラスト
えんげい,園芸,はなややさいをそだてること。,園芸 趣味,2,Gardening,assets/shiritori/complete-0726.png,asset,AI生成イラスト
えんこ,縁故,しりあいとのつながり。,縁故 人間関係,3,,assets/shiritori/complete-0727.png,asset,AI生成イラスト
えんこ,円弧,円の一部にあたる曲線。,円弧 数学,3,Circular arc,assets/shiritori/complete-0728.png,asset,アプリ作成図
えんこう,猿猴,むかしのかみさまやさるのこと,猿猴 伝説,3,,,,
えんさ,塩差,しおのちがい,塩差 化学,3,,,,
えんさく,原作,映画などのもとになったお話。,原作 創作,2,Original work,assets/shiritori/complete-0731.png,asset,AI生成イラスト
えんさん,塩酸,塩化水素という気体が水に溶けたもの。強い酸性を持つ薬品。,塩酸 薬品,2,Hydrochloric acid,,,
えんざん,演算,けいさんをすること。,演算 数学,2,Calculation,assets/shiritori/complete-0733.png,asset,アプリ作成図
えんしゅう,円周,円のまわりの長さ。,円周 数学,2,Circumference,assets/shiritori/complete-0734.png,asset,アプリ作成図
えんしょ,炎暑,とってもあついなつ。,炎暑 天気,3,,assets/shiritori/complete-0735.png,asset,AI生成イラスト
えんしょう,炎症,体の一部が赤くはれ、熱や痛みが出ること。,炎症 医学,3,Inflammation,assets/shiritori/complete-0736.png,asset,AI生成イラスト
えんしん,遠心,中心からとおくへいこうとするちから。,遠心 物理,3,Centrifugal force,assets/shiritori/complete-0737.png,asset,アプリ作成図
えんしんりょく,遠心力,回転する物が外へ飛び出そうとするように感じる力。,遠心力 物理,2,Centrifugal force,assets/shiritori/complete-0738.png,asset,アプリ作成図
えんじ,臙脂,黒みがかった赤色。,臙脂,2,red,,,
えんじ,エンジ,黒みがかった赤色。,エンジ 色,2,Maroon,,,
えんじ,園児,ようちえんにかよっているこ。,園児 子供,1,Preschooler,,,
えんじぇるはいろぅ,エンジェル・ハイロゥ,アニメ「機動戦士Vガンダム」の用語。数万人のサイキッカーの脳波を増幅し、地上人類の戦意を喪失させる巨大サイコミュ要塞。,エンジェル・ハイロゥ,3,Angel Halo,,,
えんじょ,援助,こまっているひとをたすけること。,援助 行為,2,,assets/shiritori/teikyou.png,asset,AI生成イラスト
えんじょ,演者,舞台などで演じる人。,演者 職業,2,Performer,,,
えんじょ,炎上,インターネット上で、多くの人から強く批判されること。,炎上 ネット用語,3,,assets/shiritori/complete-0745.png,asset,AI生成イラスト
えんじん,エンジン,くるまなどをうごかすためのきかい。,エンジン 機械,2,Internal combustion engine,,,
えんすい,円錐,底が丸く、先がとがった立体。,円錐 図形,2,Cone,,,
えんすい,塩水,しおがとけているみず。,塩水 食べ物,1,Saltwater,,,
えんせい,遠征,とおくのほうへいくこと。,遠征 旅行,2,Expedition,assets/shiritori/complete-0749.png,asset,AI生成イラスト
えんぜつ,演説,みんなのまえでおはなしすること。,演説 政治,2,Speech,assets/shiritori/speech.png,asset,AI生成イラスト
えんそ,塩素,水道水の消毒などに使う物質。,塩素 化学物質,3,Chlorine,,,
えんそう,演奏,ピアノやギターで音をかなでること。,演奏 音楽,1,Musical performance,assets/shiritori/neiro.png,asset,AI生成イラスト
えんそう,円相,まるいかたちや、まるくかくこと,円相 仏教,3,,assets/shiritori/complete-0753.png,asset,AI生成イラスト
えんそう,援走,はしるのをたすけること,援走 スポーツ,3,,assets/shiritori/complete-0754.png,asset,AI生成イラスト
えんそく,遠足,みんなで出かける日帰りの旅。,遠足 学校行事,1,Field trip,assets/shiritori/complete-0755.png,asset,AI生成イラスト
えんちょう,延長,じかんやながさをのばすこと。,延長 概念,2,,assets/shiritori/complete-0756.png,asset,アプリ作成図
えんちょう,延長戦,スポーツでじかんをのばしてたたかうこと。,延長戦 スポーツ,2,Overtime,assets/shiritori/complete-0757.png,asset,AI生成イラスト
えんつばかつぞう,圓鍔勝三,おのみちし、みつぎしゅっしんのゆうめいなちょうこくか。,圓鍔勝三,2,Sculptor,,,
えんてい,エンテイ,火山の噴火と共に現れる伝説のポケモン。,エンテイ ポケモン,3,Entei,,,
えんてん,炎天,夏の強い日ざしや暑さ。,炎天 天気,3,,assets/shiritori/complete-0735.png,asset,AI生成イラスト
えんてん,円転,まるくまわること,円転 概念,3,,assets/shiritori/complete-0761.png,asset,アプリ作成図
えんとう,円筒,トイレットペーパーの芯のような、空洞のある立体。,円筒 図形,2,Cylinder,,,
えんとつ,煙突,やねのうえからけむりをだすところ。,煙突 建物,1,Chimney,,,
えんにゅーと,エンニュート,毒を持つトカゲのポケモン。,エンニュート ポケモン,3,Salazzle,,,
えんのう,園農,庭や畑で作物を育てること,園農 農業,3,,assets/shiritori/sodateru.png,asset,AI生成イラスト
えんぴつ,鉛筆,じをかくときにつかうほそながいどうぐ。,鉛筆,1,,,,
えんぶおー,エンブオー,炎のようなひげを持つポケモン。,エンブオー ポケモン,3,Emboar,,,
えんぶん,塩分,食べ物にふくまれる塩の量や、塩の味。,塩分 食べ物,1,Salt,,,
えんぺら,エンペラ,イカやタコについている、ひらひらしたからだのぶぶん。,エンペラ,2,Mantle,,,
えんまく,煙幕,けむりをつかってすがたをかくすこと。,煙幕 軍事,3,Smokescreen,assets/shiritori/complete-0770.png,asset,AI生成イラスト
えーすばーん,エースバーン,炎のボールをけって戦うポケモン。,エースバーン ポケモン,3,Cinderace,,,
えーふぃ,エーフィ,太陽の光を浴びるイーブイの進化形。,エーフィ,3,Espeon,,,
おいしい,美味しい,あじがとてもよいこと。,美味しい 食べ物,1,Delicious,assets/shiritori/complete-0773.png,asset,AI生成イラスト
おいで,おいで,こちらへくるようにいうことば。,おいで,1,,assets/shiritori/complete-0774.png,asset,AI生成イラスト
おいわい,お祝い,めでたいことやおめでとうというきもち。,お祝い ケーキ,1,Celebration,assets/shiritori/oiwai.png,asset,AI生成イラスト
おうえん,応援,ひとをはげますこと。,応援 旗,1,Cheering,assets/shiritori/ouen.png,asset,AI生成イラスト
おうさま,王様,くにをおさめるひと。,王様 王冠,1,King,,,
おうじ,王子,おうさまのこども。,王子 イラスト,1,Prince,,,
おうじさま,王子様,王子を敬って呼ぶ言い方。,王子様 イラスト,1,Prince,,,
おうじょ,王女,おうさまのむすめ。,王女 イラスト,1,Princess,,,
おうだんほどう,横断歩道,道路を渡る人のために、白い線で示した場所。,横断歩道 道路,1,Crosswalk,,,
おうち,お家,すんでいるところ。,家 建物,1,House,,,
おうち,王地,王が治める土地。,城 地図,2,,,,
おうんごーる,オウンゴール,じぶんのチームのゴールにボールをいれてしまうこと。,オウンゴール,2,Own goal,assets/shiritori/complete-0784.png,asset,AI生成イラスト
おおあめ,大雨,雨がひどく、たくさん降ること。,大雨,1,Heavy rain,assets/shiritori/complete-0785.png,asset,AI生成イラスト
おおい,多い,たくさんあること。,沢山 集合,1,Many,assets/shiritori/complete-0786.png,asset,アプリ作成図
おおいた,大分県,温泉が多い九州地方の県。,大分県,1,Oita,,,
おおかぜ,大風,とてもつよいかぜ。,大風 天気,1,Strong wind,,,
おおかみ,オオカミ,犬に似た、群れで暮らす野生動物。,オオカミ,1,,,,
おおかみ,狼,群れで暮らすイヌの仲間。,狼 動物,1,Wolf,,,
おおかみざ,狼座,よぞらにみえるほしのあつまり。,狼座 星座,2,Lupus,,,
おおきい,大きい,ほかのものより、幅や高さなどが大きいようす。,大きい,1,,assets/shiritori/complete-0792.png,asset,アプリ作成図
おおきさ,大きさ,物や人の幅や高さなどが、どれくらいか。,定規 長さ,1,Size,assets/shiritori/complete-0793.png,asset,アプリ作成図
おおくぼとしみち,大久保利通,明治政府の中心人物。廃藩置県など近代的な国づくりを推進した,大久保利通 肖像,2,Okubo Toshimichi,,,
おおくましげのぶ,大隈重信,第8代と第17代の内閣総理大臣。,大隈重信 肖像,3,ShigenobuOkuma,,,
おおぐまざ,大熊座,よぞらにみえるほしのあつまり。,大熊座 星座,2,Ursa Major,,,
おおさか,大阪府,近畿地方の府。府庁所在地は大阪市。,大阪府,1,Osaka,,,
おおさか,大阪,大阪府の中心にある都市。,大阪 街並み,1,Osaka,,,
おおじ,王子,駅の名前や地名,王子駅 駅,2,Oji Station,,,
おおすばめ,オオスバメ,急降下が得意な鳥ポケモン。,オオスバメ ポケモン,3,Swellow,,,
おおぜい,大勢,人がたくさんいること。,人 大勢,1,Crowd,assets/shiritori/complete-0801.png,asset,AI生成イラスト
おおたけし,大竹市,こうじょうがたくさんあるうみのまち。,大竹市,1,Otake,,,
おおたち,オオタチ,細長い体をしたポケモン。,オオタチ,3,Furret,,,
おおづな,大綱,とても太いなわ。,綱 引き綱,2,Rope,,,
おおて,大手,規模の大きな会社。,オフィスビル 企業,2,Major company,,,
おおどおり,大通り,幅の広い道。,大通り 道路,1,Main street,,,
おおなみ,大波,とても高い波。,波 海,1,Big wave,,,
おおにゅーら,オオニューラ,ニューラから進化したポケモン。,オオニューラ,3,Sneasler,,,
おおのこ,大鋸,とてもおおきなのこぎり。,鋸 工具,2,Large saw,,,
おおはば,大幅,幅がとても広いこと。,グラフ 上昇,2,Significant,assets/shiritori/complete-0810.png,asset,AI生成イラスト
おおひるね,大昼寝,とてもながいひるね。,昼寝 子供,1,Nap,assets/shiritori/complete-0811.png,asset,AI生成イラスト
おおまめ,大豆,大豆。,大豆 豆,1,Soybean,,,
おおみそか,大晦日,一年の最後の日。,カレンダー 12月31日,1,New Year's Eve,,,
おおむぎ,大麦,麦の仲間で、麦茶やビールなどに使われる作物。,大麦 畑,1,Barley,,,
おおむらさき,オオムラサキ,にほんのくにのちょう,オオムラサキ 蝶,2,Great purple emperor,,,
おおもりゆうこ,大森ゆうこ,「ハピネスチャージプリキュア!」に登場する中学2年生。キュアハニーに変身する。,大森ゆうこ アニメ,3,,,,
おおや,大家,アパートやマンションのオーナー。,建物 管理人,2,Landlord,,,
おおやけ,公,世の中の人みんなに関係すること。,公 標識,2,Public,assets/shiritori/complete-0818.png,asset,AI生成イラスト
おおゆき,大雪,とてもたくさんふるゆき。,大雪 雪景色,1,Heavy snow,assets/shiritori/complete-0819.png,asset,AI生成イラスト
おか,丘,なだらかに盛り上がった土地。,丘 風景,1,Hill,,,
おかあさん,お母さん,自分を産んだ人。母親を親しく呼ぶ言葉。,お母さん 家族,1,Mother,,,
おかえり,お帰り,かえってきたひとにかけることば。,玄関 家族,1,Welcome home,assets/shiritori/complete-0822.png,asset,AI生成イラスト
おかし,お菓子,チョコレートやクッキーなどの甘い食べ物。,お菓子,1,,,,
おかず,おかず,ごはんといっしょにたべるもの。,おかず 料理,1,Side dish,,,
おかたづけ,お片付け,使った物を決まった場所に戻し、きれいにすること。,片付け 整理,1,Cleaning up,assets/shiritori/tidy.png,asset,AI生成イラスト
おかにわ,丘庭,おかのうえにあるにわ。,庭 景色,2,Garden,,,
おかね,お金,物を買うときなどに使う、硬貨や紙幣。,お金,1,,,,
おかめ,おかめ,日本の女性の顔を表したお面。,おかめ 面,2,Okame mask,,,
おかやま,岡山県,晴れの日が多いことから「晴れの国」と呼ばれる県。,岡山県,1,Okayama,,,
おかゆ,お粥,おこめをやわらかくたいたもの。,お粥 料理,1,Rice porridge,,,
おかわり,お代わり,もうひとつもらうこと。,ご飯 お代わり,1,Refill,assets/shiritori/complete-0831.png,asset,AI生成イラスト
おがわ,小川,公園や野原などを流れる、小さな川。,小川,1,Brook,,,
おき,沖,うみのほう。,海 沖,1,Offing,,,
おきしどーる,オキシドール,過酸化水素の薄い水溶液。傷口の消毒などに使われる,オキシドール 薬品,2,Oxydol,,,
おきなわ,沖縄県,日本の南西にある、島々からなる県。,沖縄県,1,Okinawa,,,
おきなわ,沖縄,にほんのなみにあるあたたかいくつ,沖縄 海,1,Okinawa,,,
おきもの,置き物,かざるためのもの。,置物 インテリア,1,Ornament,,,
おく,置く,物をある場所に置くこと。,本 机,1,Put,assets/shiritori/complete-0838.png,asset,AI生成イラスト
おくさま,奥様,ほかの人の妻を敬って呼ぶ言葉。,女性 人物,2,Madam,,,
おくじょう,屋上,ビルのいちばんうえのところ。,屋上 ビル,1,Rooftop,,,
おくたん,オクタン,吸盤で獲物をとらえるタコのポケモン。,オクタン,3,Octillery,,,
おくら,おくら,穀物などをしまっておく建物。,おくら,1,Piggy bank,,,
おくりもの,贈り物,プレゼントのこと。,贈り物 プレゼント,1,Gift,,,
おこりざる,オコリザル,怒りが頂点に達した姿をしたポケモン。,オコリザル,3,Primeape,,,
おさきかみじまちょう,大崎上島町,うみにある、みかんがおいしいしまのまち。,大崎上島町,1,Osakikamijima-cho,,,
おさら,皿,食べ物をのせる器。,皿,1,Plate,,,
おさらい,お浚い,前に学んだことを、もう一度勉強すること。,おさらい,1,Review,assets/shiritori/osarai.png,asset,AI生成イラスト
おしえ,教え,人から教わった知識や決まり。,授業 先生,1,Teaching,assets/shiritori/ss-lecture.png,asset,AI生成イラスト
おしえる,教える,わかるようにつたえること。,勉強 先生,1,Teach,assets/shiritori/oshieru.png,asset,AI生成イラスト
おしおき,お仕置き,悪いことをした人に、もうしないようにさせるための罰。,注意 子供,1,Punishment,assets/shiritori/complete-0850.png,asset,AI生成イラスト
おしごと,お仕事,はたらくこと。,お仕事 働く人,1,Job,assets/shiritori/complete-0851.png,asset,AI生成イラスト
おしたく,お支度,出かけるための準備をすること。,支度 準備,1,Preparation,assets/shiritori/complete-0852.png,asset,AI生成イラスト
おしゃべり,お喋り,みんなでたのしくはなすこと。,おしゃべり 友達,1,Chat,assets/shiritori/oshaberi.png,asset,AI生成イラスト
おしゃまり,オシャマリ,ダンスが得意なアシカポケモン。,オシャマリ ポケモン,3,Brionne,,,
おしや,押し屋,でんしゃにおすひと,駅 満員電車,2,Subway pusher,,,
おしり,お尻,体の後ろにあり、座るときに使う部分。,お尻,1,Buttocks,,,
おしろ,お城,むかしのおうさまがすんでいたところ。,お城 歴史,1,Castle,,,
おじいさん,お祖父さん,お父さんやお母さんの父親。,おじいさん 家族,1,Grandfather,,,
おじぎ,お辞儀,あたまをさげてあいさつすること。,お辞儀 挨拶,1,Bow,assets/shiritori/sonkei.png,asset,AI生成イラスト
おじさん,叔父さん,お父さんやお母さんの兄弟。,おじさん 男性,1,Uncle,,,
おじさん,小父さん,親しく呼ぶときの、大人の男性。,男性 人物,1,Man,,,
おじゃま,お邪魔,人のいるところへ行くこと。,訪問 玄関,1,Visit,assets/shiritori/nock.png,asset,AI生成イラスト
おじょうさま,お嬢様,裕福な家などの娘を敬って呼ぶ言葉。,お嬢様 女性,2,Young lady,,,
おす,押す,ちからをくわえてうごかすこと。,スイッチ 押す,1,Push,assets/shiritori/pv-push.png,asset,AI生成イラスト
おすし,お寿司,ごはんにさかなをのせたもの。,お寿司 料理,1,Sushi,,,
おすもう,お相撲,日本の伝統的な格闘技。,お相撲さん 力士,1,Sumo,assets/shiritori/complete-0866.png,asset,AI生成イラスト
おせち,おせち,おしょうがつにたべるりょうり。,おせち 料理,1,Osechi,,,
おせわ,お世話,ひとのめんどうをみること。,世話 介護,1,Care,assets/shiritori/ss-care.png,asset,AI生成イラスト
おそい,遅い,うごきがゆっくりなこと。,亀 遅い,1,Slow,assets/shiritori/complete-0869.png,asset,AI生成イラスト
おそうじ,お掃除,ちりをはらってきれいにすること。,掃除 ほうき,1,Cleaning,assets/shiritori/souji.png,asset,AI生成イラスト
おそら,お空,あたまのうえにひろがるせかい。,空 青空,1,Sky,,,
おそる,恐る,こわがること。,恐れる 表情,2,Fear,assets/shiritori/osoru.png,asset,AI生成イラスト
おそろしい,恐ろしい,こわいこと。,おばけ 怖い,1,Scary,assets/shiritori/osoroshii.png,asset,AI生成イラスト
おたがい,お互い,二人以上のそれぞれが相手を指す言葉。,握手 協力,2,Mutual,assets/shiritori/complete-0874.png,asset,AI生成イラスト
おたち,オタチ,直立して周囲を見回す、小さな哺乳類のようなポケモン。,オタチ,3,Sentret,,,
おたまろ,オタマロ,ほおをふくらませる、おたまじゃくしのようなポケモン。,オタマロ ポケモン,3,Tympole,,,
おだいりさま,お内裏様,ひなまつりのかざり。,お内裏様 ひな人形,1,Emperor doll,,,
おだのぶなが,織田信長,室町幕府を滅ぼし、楽市楽座や鉄砲の活用などで天下統一を目指した,織田信長 肖像,2,Oda Nobunaga,,,
おだやか,穏やか,こころがおちついていること。,穏やか 風景,2,Calm,assets/shiritori/odayaka.png,asset,AI生成イラスト
おだんご,お団子,米の粉などを丸めて作る食べ物。,お団子 和菓子,1,Dumpling,,,
おちば,落ち葉,きからおちたはっぱ。,落ち葉 秋,1,Fallen leaf,assets/shiritori/fallen-leaves.png,asset,AI生成イラスト
おちる,落ちる,うえからしたへさがること。,リンゴ 落ちる,1,Fall,assets/shiritori/complete-0882.png,asset,AI生成イラスト
おつかい,お使い,おみせでかいものをしてくること。,お使い 買い物,1,Errand,assets/shiritori/complete-0883.png,asset,AI生成イラスト
おつきさま,お月様,夜に空に見える月。,月 夜空,1,Moon,,,
おつり,お釣り,お金を払ったあとに戻ってくるお金。,お金 お釣り,1,Change,,,
おてあらい,お手洗い,手を洗ったり、トイレを使ったりする場所。,トイレ,1,Restroom,,,
おてだま,お手玉,ぬのぶくろのなかにまめをいれたおもちゃ。,お手玉 遊び,1,Beanbag,,,
おてら,お寺,仏教のお坊さんがお参りをする場所。,お寺 建物,1,Temple,,,
おてんき,お天気,そらのようすのこと。,晴れ 太陽,1,Weather,assets/shiritori/complete-0889.png,asset,AI生成イラスト
おてんとうさま,お天道様,たいようのこと。,太陽 空,1,Sun,,,
おてんば,おてんば,元気で活発な女の子。,元気な子供,1,Tomboy,assets/shiritori/nobinobi.png,asset,AI生成イラスト
おでかけ,お出かけ,家の外へ出かけること。,お出かけ 公園,1,Going out,assets/shiritori/complete-0892.png,asset,AI生成イラスト
おでこ,おでこ,ひたいのこと。,おでこ 顔,1,Forehead,,,
おでっささくせん,オデッサ作戦,アニメ「機動戦士ガンダム」の用語。地球上の資源地帯をジオン軍から奪還するために、地球連邦軍が総力を挙げて挑んだ大反攻作戦。,オデッサ作戦,3,Operation Odessa,,,
おと,音,耳に聞こえてくるもの。,音,1,,,,
おとぎばなし,おとぎ話,むかしのふしぎなおはなし。,絵本 物語,1,Fairy tale,,,
おとこ,男,大人の男性。,男の子,1,Man,,,
おとこのこ,男の子,男の子ども。,男の子 子供,1,1,,,
おとしだま,お年玉,おしょうがつにもらうおかね。,お年玉 お金,1,New Year's gift,,,
おとしどり,オトシドリ,岩を落として攻撃する鳥ポケモン。,オトシドリ ポケモン,3,Bombirdier,,,
おとしもの,落とし物,なくして、あとに残した持ち物。,落とし物 カバン,1,Lost item,,,
おとす,落とす,もっているものをしたにおとすこと。,落とす 失敗,1,Drop,assets/shiritori/complete-0902.png,asset,AI生成イラスト
おとすず,音鈴,おとがなるすず,鈴 楽器,1,Bell,,,
おとすぱす,オトスパス,掴み技が得意なタコポケモン。,オトスパス ポケモン,3,Grapploct,,,
おとどけ,お届け,ものをとどけること。,配達 荷物,1,Delivery,assets/shiritori/todokeru.png,asset,AI生成イラスト
おとも,お供,いっしょについていくこと。,お供 従者,2,Companion,assets/shiritori/tsukiau.png,asset,AI生成イラスト
おともだち,お友達,なかよくあそぶひと。,友達 子供,1,Friend,assets/shiritori/complete-0907.png,asset,AI生成イラスト
おとる,劣る,ほかよりすぐれていないこと。,比較 順位,2,Inferior,assets/shiritori/make.png,asset,AI生成イラスト
おとろえる,衰える,よわくなること。,老化 枯れ葉,2,Decline,assets/shiritori/complete-0909.png,asset,AI生成イラスト
おとん,おとん,おとうさんのこと,父 家族,1,Father,,,
おどしし,オドシシ,枝角に不思議な力を持つシカのポケモン。,オドシシ,3,Stantler,,,
おどり,踊り,リズムにあわせてからだをうごかすこと。,踊り ダンス,1,Dance,assets/shiritori/complete-0912.png,asset,AI生成イラスト
おどりどり,オドリドリ,スタイルで姿が変わる鳥ポケモン。,オドリドリ ポケモン,3,Oricorio,,,
おどろく,驚く,びっくりすること。,驚く 表情,1,Surprised,assets/shiritori/odoroku.png,asset,AI生成イラスト
おなか,お腹,胃や腸があり、食べ物を消化する体の部分。,お腹 体,1,Stomach,,,
おなかのすく,お腹の空く,おなかがすいて、食べ物がほしくなること。,空腹 胃,1,Hungry,assets/shiritori/onakanosuku.png,asset,AI生成イラスト
おなじ,同じ,ちがうところがひとつもないこと。,同じ 比較,1,Same,assets/shiritori/complete-0917.png,asset,アプリ作成図
おなまえ,お名前,人を呼ぶときに使う名前。,名前 名札,1,Name,,,
おに,鬼,日本の昔話などに出てくる、角やきばを持つとされる怪物。,鬼,1,Demon,,,
おにあそび,鬼遊び,鬼役がほかの人を追いかけてつかまえる遊び。,鬼ごっこ 遊び,1,Tag,,,
おにぎり,おにぎり,ごはんをにぎって形を作った食べ物。,おにぎり,1,,,,
おにぎり,お握り,ごはんをにぎって作る食べ物。,おにぎり 食べ物,1,Rice ball,,,
おにく,お肉,動物の体のうち、食べ物になる部分。,お肉 料理,1,Meat,,,
おにごっこ,鬼ごっこ,鬼役がほかの人を追いかけてつかまえる遊び。,鬼ごっこ,1,,,,
おにしずくも,オニシズクモ,水の泡で体を包み、獲物をつかまえるクモのポケモン。,オニシズクモ ポケモン,3,Araquanid,,,
おにすずめ,オニスズメ,小さな翼で一生懸命飛ぶ鳥ポケモン。,オニスズメ,3,Spearow,,,
おにどりる,オニドリル,大きな翼と鋭い嘴を持つハンター。,オニドリル,3,Fearow,,,
おにわ,お庭,家のまわりに草や木を植えた場所。,庭 建物,1,Garden,,,
おねえさん,お姉さん,自分より年上の女のきょうだい。また、年上の女性への呼びかけ。,お姉さん 家族,1,Older sister,,,
おねがい,お願い,してほしいことを人にたのむこと。,お願い 手合わせ,1,Request,assets/shiritori/tanomu.png,asset,AI生成イラスト
おねつ,お熱,体温がふだんより高くなること。,体温計 熱,1,Fever,assets/shiritori/complete-0931.png,asset,AI生成イラスト
おねぼう,寝坊,あさおそくおきること。,寝坊 目覚まし時計,1,Oversleeping,assets/shiritori/chikoku.png,asset,AI生成イラスト
おの,斧,きをきるためのどうぐ。,斧 工具,1,Axe,,,
おのおの,各々,一人一人。それぞれ。,人 複数,2,Each,assets/shiritori/complete-0934.png,asset,アプリ作成図
おののいもこ,小野妹子,聖徳太子の命令により、遣隋使として中国の隋にわたった人物,小野妹子 肖像,2,Ono no Imoko,,,
おののくす,オノノクス,鋼をも切り裂く竜ポケモン。,オノノクス ポケモン,3,Haxorus,,,
おのぼりさん,お上りさん,地方から大きな町へ出てきた人を呼ぶ言葉。,旅行 観光,2,Visitor,,,
おのみちし,尾道市,広島県の瀬戸内海沿いにある市。坂の町として知られる。,尾道市,1,Onomichi,,,
おのんど,オノンド,牙が鋭くなった竜ポケモン。,オノンド ポケモン,3,Fraxure,,,
おはし,お箸,たべるときにつかうどうぐ。,お箸 食器,1,Chopsticks,,,
おはしり,お走り,はしること,走る 子供,1,Running,assets/shiritori/nobinobi.png,asset,AI生成イラスト
おはなし,お話,話すこと。また、話した内容。,絵本 読み聞かせ,1,Story,assets/shiritori/tsutaeru.png,asset,AI生成イラスト
おはなみ,お花見,さくらをみてたのしむこと。,お花見 桜,1,Cherry blossom viewing,assets/shiritori/complete-0943.png,asset,AI生成イラスト
おはやし,お囃子,おまつりできくおんがく。,お囃子 祭り,2,Festival music,,,
おはらい,お祓い,神社などで、けがれや災いをはらう儀式。,お祓い 神社,2,Exorcism,assets/shiritori/complete-0945.png,asset,AI生成イラスト
おひさま,お日様,たいようのこと。,太陽 空,1,Sun,,,
おひたし,お浸し,やさいをゆでてだしにつけたもの。,お浸し 料理,1,Ohitashi,,,
おひなさま,お雛様,ひなまつりのかざり。,雛人形 ひな祭り,1,Hina doll,,,
おひる,お昼,ひるまのじかん。,時計 12時,1,Noon,,,
おひるね,お昼寝,ひるまにねること。,昼寝 子供,1,Nap,assets/shiritori/complete-0950.png,asset,AI生成イラスト
おび,帯,和服・着物のおなかをしめるもの。,帯,1,Sash,,,
おふだ,お札,神社や寺で受け、お守りとして家などにまつる札。,お札 神社,2,Amulet,,,
おふとん,お布団,寝るときに体にかけたり、下に敷いたりする寝具。,布団 寝具,1,Futon,,,
おふろ,お風呂,からだをあらってゆにつかること。,お風呂 バスルーム,1,Bath,assets/shiritori/complete-0954.png,asset,AI生成イラスト
おぶね,小舟,ちいさいふね。,小舟 海,1,Boat,,,
おべんとう,お弁当,もちはこべるおひるごはん。,お弁当 食べ物,1,Bento,,,
おぼうさん,お坊さん,仏教の修行をする人。,お坊さん 僧侶,1,Monk,,,
おぼえる,覚える,見たり聞いたりしたことを、忘れないよう心にとめること。,勉強 暗記,1,Remember,assets/shiritori/kioku.png,asset,AI生成イラスト
おぼれる,溺れる,水の中で息ができなくなり、苦しくなること。,海 溺れる,1,Drowning,assets/shiritori/sukuu.png,asset,AI生成イラスト
おまけ,おまけ,メインのものについてくる、ちょっとしたうれしいもの。,おまけ,1,Gift,assets/shiritori/omake.png,asset,AI生成イラスト
おまわりさん,お巡りさん,まちをまわってまもるひと。,警察官 パトカー,1,Police officer,,,
おまーん,オマーン,アラビア半島東端にあり、伝統的なアラビアの街並みや美しい海岸線を持つ国,オマーン 国旗,3,Oman,,,
おみくじ,おみくじ,うんせいをうらなうかみ。,おみくじ 神社,1,Fortune slip,,,
おみせ,お店,ものをうっているところ。,店 ショップ,1,Shop,,,
おみやげ,お土産,旅先の記念に持ち帰る品物。,お土産 プレゼント,1,Souvenir,,,
おむすたー,オムスター,鋭い角を持つ古代ポケモン。,オムスター,3,Omastar,,,
おむすび,お結び,ごはんをむすんだもの。,おむすび 食べ物,1,Rice ball,,,
おむつ,おむつ,あかちゃんがはくもの。,赤ちゃん おむつ,1,Diaper,,,
おむないと,オムナイト,古代の海にいた貝のポケモン。,オムナイト,3,Omanyte,,,
おめかし,おめかし,おしゃれすること。,着飾り 服,1,Dressing up,assets/shiritori/complete-0970.png,asset,AI生成イラスト
おめでとう,おめでとう,人のうれしい出来事を祝う言葉。,お祝い ケーキ,1,Congratulations,assets/shiritori/omedetou.png,asset,AI生成イラスト
おもい,重い,もちあげるときにちからがいること。,重い ダンベル,1,Heavy,assets/shiritori/complete-0972.png,asset,AI生成イラスト
おもい,思い,心に思っていること。気持ち。,ハート マーク,2,Thought,assets/shiritori/omoi.png,asset,AI生成イラスト
おもいかね,思金神,あたまがとてもよくて、みんなにちえをかしてくれる神様。,思金神,2,Omoikane,,,
おもいで,思い出,むかしのことをおもいだすこと。,アルバム 写真,1,Memory,assets/shiritori/natsukashii.png,asset,AI生成イラスト
おもしろい,面白い,興味をひかれたり、楽しいと感じたりすること。,笑う 子供,1,Interesting,assets/shiritori/tanoshii.png,asset,AI生成イラスト
おもちゃ,おもちゃ,あそぶときにつかう道具やにんぎょう。,おもちゃ,1,,assets/shiritori/toy.png,asset,AI生成イラスト
おもちゃ,玩具,あそぶためのもの。,おもちゃ 人形,1,Toy,,,
おもて,表,もののそとがわ。,表裏 コイン,1,Front,,,
おもや,母屋,家の敷地の中で、家族が暮らす中心となる建物。,家 建物,2,Main house,,,
おもり,おもり,重くするためのもの。,釣り 錘,1,Weight,,,
おやこ,親子,おやとこどものこと。,親子 家族,1,Parent and child,,,
おやすみ,お休み,眠ること。また、夜のあいさつ。,寝る ベッド,1,Good night,assets/shiritori/nemuru.png,asset,AI生成イラスト
おやつ,おやつ,ごはんのあいだにたべるもの。,おやつ 菓子,1,Snack,,,
おやまづみ,大山祇神,やまの神様で、山のすべてをまもっている。,大山祇神,2,Oyamatsumi,,,
おやゆび,親指,てでいちばんふといゆび。,親指 手,1,Thumb,,,
およぐ,泳ぐ,みずのなかをすすむこと。,泳ぐ 水泳,1,Swim,assets/shiritori/pv-swim.png,asset,AI生成イラスト
およめさん,お嫁さん,結婚した女性を親しく呼ぶ言葉。,花嫁 結婚式,1,Bride,,,
おらんだ,オランダ,チューリップや風車、運河のある景色が有名なヨーロッパの国。,オランダ 国旗,2,Netherlands,,,
おりがみ,折り紙,かみをおっていろいろなかたちをつくるあそび。,折り紙,1,,assets/shiritori/origami.png,asset,AI生成イラスト
おりこう,おりこう,行儀がよくて、かしこいこと。,賢い 子供,1,Good child,assets/shiritori/complete-0991.png,asset,AI生成イラスト
おりる,降りる,高い所から低い所へ移ること。また、乗り物から降りること。,階段 降りる,1,Get off,assets/shiritori/complete-0992.png,asset,AI生成イラスト
おりーにょ,オリーニョ,オリーブの実を持つポケモン。,オリーニョ ポケモン,3,Dolliv,,,
おりーヴぁ,オリーヴァ,オリーブの木を守るポケモン。,オリーヴァ ポケモン,3,Arboliva,,,
おる,折る,かみやえだをまげること。,折る 棒,1,Fold,assets/shiritori/origami.png,asset,AI生成イラスト
おる,織る,いとをあわせてぬのをつくること。,機織り 織物,2,Weave,assets/shiritori/complete-0996.png,asset,AI生成イラスト
おるてが,オルテガ,アニメ「機動戦士ガンダム」の登場人物。「黒い三連星」の一員。巨漢であり、ドムのジャイアント・バズによる格闘戦を得意とする。,オルテガ ガンダム,3,Ortega,,,
おれんじ,オレンジ,あかといろのあいだのいろ。,オレンジ 果物,1,Orange,,,
おろす,下ろす,上から下へ移すこと。また、高い場所から取りおろすこと。,荷物 下ろす,1,Lower,assets/shiritori/complete-0999.png,asset,AI生成イラスト
おろす,卸す,品物を小売店などに、まとめて売ること。,市場 卸売,2,Wholesale,assets/shiritori/complete-1000.png,asset,AI生成イラスト
おろそか,疎か,いい加減にして、きちんと取り組まないこと。,怠ける,2,,assets/shiritori/aw-nonki.png,asset,AI生成イラスト
おわかれ,お別れ,さようならすること。,手を振る 別れ,1,Farewell,assets/shiritori/ss-farewell.png,asset,AI生成イラスト
おわん,お椀,汁物を入れる、口が広くて深い器。,お椀 食器,1,Bowl,,,
おわん,御椀,口が広く、深さのある器。,食器 椀,2,Bowl,,,
おんかん,音感,音の高さを聞き分ける力。,ピアノ 音符,2,Sense of pitch,assets/shiritori/complete-1005.png,asset,AI生成イラスト
おんがく,音楽,声や楽器で音を組み合わせて作るもの。,音楽 楽器,1,Music,,,
おんけい,恩恵,人から受ける、ありがたい助けや恩。,自然 恵み,2,Benefit,assets/shiritori/complete-1007.png,asset,AI生成イラスト
おんさ,音叉,音の高さを合わせるときに使う、二またの金属の道具。,音叉 実験,2,Tuning fork,,,
おんし,恩師,学問や技術を教えてくれた先生。,先生 教師,2,Teacher,,,
おんじ,音字,音を表す文字。,文字 アルファベット,2,Phonetic letter,,,
おんせつ,音節,言葉を作る音のひとまとまり。,言語 学び,2,Syllable,,,
おんせん,温泉,地下から温かい水がわき出る場所。また、その湯。,温泉,1,,,,
おんち,音痴,音程を正しく取って歌うのが苦手なこと。,歌 音符,2,Tone-deaf,assets/shiritori/complete-0535.png,asset,AI生成イラスト
おんどう,温度,どれくらいあついかさむいか,温度計 気温,1,Temperature,,,
おんどけい,温度計,物の温度をはかる道具。,温度計,2,Thermometer,,,
おんどけい,おんど計,物の温度をはかる道具。,温度計,2,Thermometer,,,
おんな,女,おとなの女性。,女の子,1,Woman,,,
おんなのこ,女の子,女の子ども。,女の子 子供,1,Girl,,,
おんぶ,おんぶ,人を背中に乗せて運ぶこと。,おんぶ 親子,1,Piggyback,assets/shiritori/complete-1019.png,asset,AI生成イラスト
おんぷ,音符,音の高さや長さを表す記号。,音符 楽譜,1,Note,,,
おんぷ,おんぷ,「おジャ魔女どれみ」に登場する魔女見習いの女の子。,瀬川おんぷ,3,Onpu Segawa,,,
おんぼろ,おんぼろ,古くて、こわれそうな様子。,古い 家,1,Decrepit,assets/shiritori/complete-1022.png,asset,AI生成イラスト
おんらいん,オンライン,インターネットなどの通信につながっている状態。,パソコン ネット,2,Online,assets/shiritori/complete-1023.png,asset,AI生成イラスト
おんわ,温和,穏やかで、やさしいこと。,笑顔 穏やか,2,Gentle,assets/shiritori/odayaka.png,asset,AI生成イラスト
おーがぽん,オーガポン,仮面をかぶって戦う、伝説のポケモン。,オーガポン ポケモン,3,Ogerpon,,,
おーすとらりあ,オーストラリア,南半球にある大きな国。,オーストラリア 国旗,1,Australia,,,
おーすとりあ,オーストリア,ヨーロッパ中部にある国。,オーストリア 国旗,2,Austria,,,
おーだいる,オーダイル,大きなあごを持つワニのポケモン。,オーダイル,3,Feraligatr,,,
おーべむ,オーベム,頭が光る、エスパータイプのポケモン。,オーベム ポケモン,3,Beheeyem,,,
おーろっと,オーロット,森にすむ、木の姿をしたポケモン。,オーロット ポケモン,3,Trevenant,,,
おーろんげ,オーロンゲ,ひげのような毛を持つ、あく・フェアリータイプのポケモン。,オーロンゲ ポケモン,3,Grimmsnarl,,,
かい,貝,貝殻を持つ、海にすむ軟体動物。,貝,1,Shell,,,
かいが,絵画,絵の具などで描いた絵。,絵画,1,Painting,,,
かいし,開始,物事を始めること。,開始,2,start,assets/shiritori/complete-1034.png,asset,AI生成イラスト
かいたちょう,海田町,ひろしましのとなりにあるまち。,海田町,1,Kaita-cho,,,
かいでん,カイデン,風に乗って飛ぶ、でんき・ひこうタイプのポケモン。,カイデン ポケモン,3,Wattrel,,,
かいどうみなみ,海藤みなみ,「Go! プリンセスプリキュア」に登場する生徒会長。キュアマーメイドに変身する。,海藤みなみ アニメ,3,,,,
かいぶつ,怪物,正体が分からず、不思議でこわい生き物。,怪物,2,,,,
かいりきー,カイリキー,4本の腕を持つ、かくとうタイプのポケモン。,カイリキー,3,Machamp,,,
かいりゅー,カイリュー,空を飛ぶことができる、ドラゴンタイプのポケモン。,カイリュー,3,Dragonite,,,
かいろす,カイロス,大きな角を持つ、むしタイプのポケモン。,カイロス,3,Pinsir,,,
かう,買う,お金を払って、品物を手に入れること。,買う,1,,assets/shiritori/complete-1042.png,asset,AI生成イラスト
かえる,カエル,水辺にすみ、後ろ足で跳ねる両生類。,カエル,1,,,,
かえる,蛙,後ろ足で跳ねて進む生き物。,蛙 両生類,1,Frog,,,
かえる,帰る,出かけた場所から、自分の家にもどること。,帰宅,1,Return,assets/shiritori/ss-farewell.png,asset,AI生成イラスト
かえんじし,カエンジシ,たてがみを持つ、ほのおタイプのライオンのポケモン。,カエンジシ ポケモン,3,Pyroar,,,
かお,顔,目や鼻や口がある、頭の前の部分。,顔,1,,,,
かかえこみ,抱え込み,ひざを胸に引き寄せて、体を小さく丸める姿勢。,抱え込み 体操,2,Tuck position (gymnastics),assets/shiritori/complete-1048.png,asset,AI生成イラスト
かかお,カカオ,チョコレートの原料になる、カカオの木の種。,カカオ,1,Face,,,
かがくやくひん,化学薬品,化学の実験や製造に使う薬品。,化学薬品 物質,2,Chemicals,,,
かがやきほまれ,輝木ほまれ,「HUGっと！プリキュア」に登場するフィギュアスケート経験者。キュアエトワールに変身する。,輝木ほまれ アニメ,3,,,,
かがわ,香川県,日本の四国にある県。,香川県,1,Kagawa,,,
かき,柿,秋に実る、甘い果物。,柿 果物,1,Persimmon,,,
かき,牡蠣,海の岩などに付着して育つ、二枚貝。,牡蠣,1,,,,
かき,書き,文字を紙などに書きしるすこと。,書く 動作,1,Writing,assets/shiritori/kaku.png,asset,AI生成イラスト
かき,火器,ひをつかうどうぐやぶきのこと,火器 道具,3,Firearm,,,
かきごおり,かき氷,細かく削った氷に、シロップなどをかけた食べ物。,かき氷 デザート,1,Shaved ice,,,
かきざん,書き算,数字を縦に並べて書いて計算する方法。,計算 算数,2,Calculation,assets/shiritori/complete-1058.png,asset,AI生成イラスト
かぎ,鍵,かぎ穴に差し込んで、錠を開け閉めする道具。,鍵,1,,,,
かく,書く,文字を書くこと。,書く 動作,1,Writing,assets/shiritori/kaku.png,asset,AI生成イラスト
かく,描く,絵を描くこと。,描く 絵画,1,Drawing,assets/shiritori/complete-1061.png,asset,AI生成イラスト
かく,掻く,かゆいところを、つめなどでこすること。,掻く 動作,1,Scratch,assets/shiritori/kayui.png,asset,AI生成イラスト
かぐ,家具,家の中で使う、机や椅子などの道具。,家具 インテリア,1,Furniture,,,
かぐやまどか,香久矢まどか,「スター☆トゥインクルプリキュア」に登場する中学3年生。キュアセレーネに変身する。,香久矢まどか アニメ,3,,,,
かげ,影,光がさえぎられて、暗くなった部分。,影 光,1,Shadow,assets/shiritori/shadow.png,asset,AI生成イラスト
かげつ,ヶ月,月の満ち欠けが一周する期間。,カレンダー,2,Month,,,
かこ,過去,今より前の、過ぎた時間。,過去,1,,assets/shiritori/natsukashii.png,asset,AI生成イラスト
かこう,加工,材料や品物に手を加えて、形や性質を変えること。,加工 工場,2,Processing,assets/shiritori/complete-1068.png,asset,AI生成イラスト
かこう,火口,火山の噴火口。,火口 火山,2,Crater,,,
かこう,河口,川が海や湖に流れ込む場所。,河口 地形,2,River mouth,,,
かご,籠,竹やひもなどを編んで作った、物を入れる器。,籠,1,,,,
かごしま,鹿児島県,桜島がある、九州の県。,鹿児島県,1,Kagoshima,,,
かさ,傘,雨や日差しを防ぐために、頭の上にさす道具。,傘 道具,1,Umbrella,assets/shiritori/umbrella.png,asset,AI生成イラスト
かさいあまね,菓彩あまね,「デリシャスパーティ♡プリキュア」に登場する生徒会長。キュアフィナーレに変身する。,菓彩あまね アニメ,3,,,,
かさんかすいそすい,過酸化水素水,消毒などに使う、過酸化水素を水に溶かした液体。,過酸化水素水 薬品,2,Hydrogen peroxide,,,
かざふすたん,カザフスタン,中央アジアにある世界最大の内陸国で、宇宙船の打ち上げ基地があることで知られる国,カザフスタン 国旗,3,Kazakhstan,,,
かざん,火山,地下の熱で岩石が溶け、噴火することがある山。,火山 地質,2,Volcano,,,
かし,菓子,食べるために作られた、甘いものや軽い食べ物。,菓子 スイーツ,1,Confectionery,,,
かし,歌詞,歌の中で歌われる言葉。,歌詞 音楽,1,Lyrics,,,
かしこい,賢い,理解や判断をする力があること。,賢い 人物,2,Wise,assets/shiritori/aw-kenmei.png,asset,AI生成イラスト
かしこまる,畏まる,改まって、ていねいな態度をとること。,礼儀 態度,3,,assets/shiritori/teinei.png,asset,AI生成イラスト
かしゅ,歌手,人前で歌を歌う人。,歌手,1,,,,
かしわ,柏,大きな葉を餅に巻く、落葉樹。,柏 植物,2,Oak,,,
かじ,火事,家や建物が燃える火事。,火事 災害,1,Fire,,,
かじ,家事,料理や掃除など、家で暮らすための仕事。,家事 掃除,2,Housework,assets/shiritori/cooking.png,asset,AI生成イラスト
かじっちゅ,カジッチュ,りんごの姿をした、くさ・ドラゴンタイプのポケモン。,カジッチュ ポケモン,3,Applin,,,
かじつ,果実,植物の花が咲いたあとにでき、種を含む部分。,果実 植物,1,Fruit,,,
かじりがめ,カジリガメ,強いあごを持つ、みず・いわタイプのカメのポケモン。,カジリガメ ポケモン,3,Drednaw,,,
かじりつく,齧り付く,歯でかみついて食べること。,食べる 動作,1,,assets/shiritori/complete-0477.png,asset,AI生成イラスト
かす,貸す,自分の物を、人に使わせること。,貸す 動作,1,Lend,assets/shiritori/ss-lend.png,asset,AI生成イラスト
かす,掠す,あとで返してもらう約束で、自分の物を人に使わせること。,動作,2,,assets/shiritori/complete-1091.png,asset,AI生成イラスト
かすがのうらら,春日野うらら,「Yes！プリキュア5」に登場する中学1年生のアイドル。キュアレモネードに変身する。,春日野うらら アニメ,3,,,,
かすみ,霞,空気中の水分などで、遠くがぼやけて見えること。,霞 天気,2,Haze,assets/shiritori/complete-1093.png,asset,AI生成イラスト
かすみそう,カスミソウ,小さな白い花をたくさん咲かせる植物。,カスミソウ 花,2,Gypsophila,,,
かせ,かせ,糸を巻き取るための道具。,かせ 道具,2,Skein,,,
かせぐ,稼ぐ,働いてお金を得ること。,お金 仕事,2,Earn,assets/shiritori/complete-0851.png,asset,AI生成イラスト
かぜ,風,空気が動くこと。,風,1,,assets/shiritori/complete-1097.png,asset,AI生成イラスト
かぜ,風邪,せきや熱が出る、鼻やのどの感染症。,風邪 病気,1,Cold,,,
かぞえる,数える,物の数を一つずつ調べること。,数える 動作,1,Count,assets/shiritori/complete-1099.png,asset,アプリ作成図
かぞく,家族,親や子どもなど、近い関係にある人たち。,家族 集合,1,Family,,,
かた,肩,首と腕のつけ根の部分。,肩,1,,,,
かた,型,物の形を整えるために使う枠。,型 道具,2,Mold,,,
かた,刀,昔の武士が使った、刀や槍などの武器。,刀 武器,2,Sword,,,
かたい,硬い,力を加えても、へこみにくいこと。,硬い 質感,1,Hard,assets/shiritori/complete-1104.png,asset,AI生成イラスト
かたくりこ,かたくり粉,主にジャガイモのでんぷんから作る白い粉。,かたくり粉 物質,2,Potato starch,,,
かたち,形,物の形や見た目。,形 形状,1,Shape,,,
かたづけ,片付け,使った物を元の場所に戻すこと。,片付け,1,,assets/shiritori/tidy.png,asset,AI生成イラスト
かたな,刀,刃が片側にある、日本の伝統的な刀。,刀 武器,2,Sword,,,
かたびら,帷子,裏地のない、薄い着物。,着物 衣類,3,Kimono,,,
かたまり,塊,いくつかの物が集まって、一つになったもの。,塊 形状,1,Lump,,,
かたみ,形見,亡くなった人が残した品物。,形見 思い出,2,Memento,,,
かたみち,片道,行きだけの道のり。,片道 交通,2,One-way,assets/shiritori/complete-1112.png,asset,AI生成イラスト
かたむく,傾く,まっすぐだった物が、斜めになること。,傾く 動作,2,Tilt,assets/shiritori/complete-1113.png,asset,AI生成イラスト
かたーる,カタール,ペルシャ湾に突き出た半島にあり、豊富な天然ガスや近代的な都市がある中東の国,カタール 国旗,2,Qatar,,,
かち,価値,物や行動が、どれほど大切かということ。,価値 概念,2,Value,assets/shiritori/complete-1115.png,asset,AI生成イラスト
かち,勝ち,試合などで相手に勝つこと。,勝ち スポーツ,1,Win,assets/shiritori/hokori.png,asset,AI生成イラスト
かちく,家畜,人が飼い育てて、生活に役立てる動物。,家畜 動物,2,Livestock,,,
かちこち,カチコチ,とても硬い様子。,氷 状態,1,Hard,assets/shiritori/complete-1118.png,asset,AI生成イラスト
かちこーる,カチコール,氷のような体を持つポケモン。,カチコール ポケモン,3,Bergmite,,,
かっせいたん,活性炭,においや汚れを吸着する、細かな穴の多い炭。,活性炭 物質,2,Activated carbon,,,
かっぱ,カッパ,頭に皿があるとされる、日本の伝説上の生き物。,河童,1,,,,
かつ,勝つ,相手より良い結果を出すこと。,勝つ 動作,1,Win,assets/shiritori/hokori.png,asset,AI生成イラスト
かつおぶし,かつおぶし,かつおを煮て、乾燥させた食品。,かつおぶし,1,Fishcake,,,
かつおぶし,鰹節,かつおを乾燥させて削った食品。,鰹節 食品,2,Katsuobushi,,,
かつかいしゅう,勝海舟,江戸幕府の役人。西郷隆盛と会談し、江戸城の無血開城を実現させた,勝海舟 肖像,2,Katsu Kaishu,,,
かつぐ,担ぐ,荷物を肩にのせて運ぶこと。,運ぶ 動作,1,Carry,assets/shiritori/complete-1126.png,asset,AI生成イラスト
かつごう,括弧,文や数式をくくる「（ ）」などの記号。,記号 文房具,2,Parentheses,,,
かつじ,活字,印刷に使う、金属などでできた文字。,活字 印刷,3,Typeface,,,
かつせんつきろうと,活せん付ろうと,コックがついていて、液体の落ちる量を調節できるろうと,分液漏斗,2,Separatory funnel,,,
かつどう,活動,体を動かしたり、仕事をしたりすること。,活動 動作,2,Activity,assets/shiritori/koudou.png,asset,AI生成イラスト
かつにゅう,割入,物事の間に入ること。,割り込み,2,,assets/shiritori/complete-1131.png,asset,AI生成イラスト
かつはつ,滑脱,すべりぬけること,脱出,3,,assets/shiritori/complete-1132.png,asset,AI生成イラスト
かつやく,活躍,力を発揮して、目立った働きをすること。,活躍 動作,2,Success,assets/shiritori/complete-1133.png,asset,AI生成イラスト
かつら,かつら,人の頭にかぶせる、髪の形をしたもの。,かつら 装飾,2,Wig,,,
かつら,桂,秋に葉が黄色く色づく落葉樹。,桂 植物,2,Katsura tree,,,
かつらたろう,桂太郎,第11・13・15代内閣総理大臣。,桂太郎 肖像,3,TaroKatsura,,,
かつりょく,活力,物事を進める力。活気。,活力 概念,2,Vitality,assets/shiritori/kenkou.png,asset,AI生成イラスト
かつろ,活路,困ったときに、そこから抜け出す道。,活路 解決,3,,assets/shiritori/complete-1138.png,asset,AI生成イラスト
かとうたかあき,加藤高明,第24代内閣総理大臣。,加藤高明 肖像,3,TakaakiKato,,,
かな,仮名,ひらがなとカタカナ。,文字 国語,2,Kana,,,
かなあみ,金網,金属の線で作った網。,金網 資材,2,Wire mesh,,,
かながわ,神奈川県,横浜市や鎌倉市がある、日本の県。,神奈川県,1,Kanagawa,,,
かなしい,悲しい,つらくて、泣きたくなるような気持ち。,悲しい 感情,1,Sad,assets/shiritori/kanashii.png,asset,AI生成イラスト
かなだ,カナダ,北アメリカにある大きな国。,カナダ 国旗,1,Canada,,,
かなづち,金槌,くぎを打つための道具。,金槌 道具,1,Hammer,,,
かなづち,カナヅチ,泳げない人を指す、俗な言い方。,泳ぐ 人,1,,,,
かなでる,奏でる,楽器を演奏して、音楽を作ること。,音楽 演奏,2,Play,assets/shiritori/neiro.png,asset,AI生成イラスト
かなり,かなり,思っていたより程度が大きい様子。,程度,1,,assets/shiritori/complete-1148.png,asset,AI生成イラスト
かなわぬ,叶わぬ,願いが実現しないこと。,願い 失敗,2,,assets/shiritori/complete-1149.png,asset,AI生成イラスト
かに,蟹,はさみのような爪を持つ、甲殻類。,蟹 動物,1,Crab,,,
かにく,果肉,果物の中の、種を包むやわらかい部分。,果肉 食べ物,2,Flesh,,,
かぬちゃん,カヌチャン,ハンマーを持つ、フェアリー・はがねタイプのポケモン。,カヌチャン ポケモン,3,Tinkatink,,,
かね,金,物を買うときなどに使う、お金。,お金 貨幣,1,Money,,,
かね,鐘,打ち鳴らして音を出す道具。,鐘 楽器,2,Bell,,,
かねつ,加熱,火などで熱を加え、温度を上げること。,加熱 実験,2,Heating,assets/shiritori/complete-0093.png,asset,AI生成イラスト
かねつきぐ,加熱器具,物を熱するための器具。,加熱器具 実験,2,Heating equipment,,,
かねつようかなあみ,加熱用金あみ,加熱するときに器具を支える、金属の網。,金網 実験,2,Wire gauze,,,
かのう,可能,することができること。,可能 状態,2,Possible,assets/shiritori/complete-1158.png,asset,AI生成イラスト
かのじょ,彼女,話し手から離れた女性を指す言葉。また、恋人の女性。,人物,1,She,,,
かば,カバ,水辺にすむ、大きな草食動物。,カバ,1,Hippopotamus,,,
かばるどん,カバルドン,大きな体の、じめんタイプのカバのポケモン。,かばるどん ポケモン,3,Hippowdon,,,
かばん,鞄,本やノートなどを入れて持ち運ぶ袋。,鞄 道具,1,Bag,,,
かびごん,カビゴン,食べることと眠ることが好きなポケモン。,カビゴン,3,Snorlax,,,
かぶ,株,根の部分を食べる野菜。,株 植物,1,Stump,,,
かぶ,兜,頭を守るためにかぶる、武士のかぶと。,兜 歴史,2,Helmet,,,
かぶか,株価,株を売り買いするときの値段。,株価 経済,3,Stock price,,,
かぶと,カブト,殻に包まれた古代のポケモン。,カブト,3,Kabuto,,,
かぶとぷす,カブトプス,鋭い爪を持つ、古代のポケモン。,カブトプス,3,Kabutops,,,
かぶとむし,カブトムシ,頭に角がある、甲虫の仲間。,カブトムシ 昆虫,1,Beetle,,,
かぶぬし,株主,会社の株を持っている人。,株主 経済,3,Shareholder,,,
かぶる,被る,帽子などを頭にのせること。,動作,1,Wear,assets/shiritori/complete-1171.png,asset,AI生成イラスト
かぶるも,カブルモ,相手のよろいを奪うことがある、むしタイプのポケモン。,カブルモ ポケモン,3,Karrablast,,,
かぷこけこ,カプ・コケコ,メレメレ島を守る、でんき・フェアリータイプのポケモン。,カプ・コケコ ポケモン,3,Tapu Koko,,,
かぷててふ,カプ・テテフ,アーカラ島を守る、エスパー・フェアリータイプのポケモン。,カプ・テテフ ポケモン,3,Tapu Lele,,,
かぷぶるる,カプ・ブルル,ウラウラ島を守る、くさ・フェアリータイプのポケモン。,カプ・ブルル ポケモン,3,Tapu Bulu,,,
かぷれひれ,カプ・レヒレ,ポニ島を守る、みず・フェアリータイプのポケモン。,カプ・レヒレ ポケモン,3,Tapu Fini,,,
かべ,壁,部屋などを仕切る、建物の面。,壁 建物,1,Wall,,,
かぼちゃ,カボチャ,大きな実を食べる、つる性の野菜。,カボチャ 野菜,1,Pumpkin,,,
かぽえらー,カポエラー,回転するように戦う、かくとうタイプのポケモン。,カポエラー,3,Hitmontop,,,
かま,鎌,草などを刈るための、刃のついた道具。,鎌 道具,2,Sickle,,,
かま,釜,かまどなどに置いて、米を炊くための深い鍋。,釜 調理器具,2,Pot,,,
かまきり,カマキリ,かまのような前脚を持つ昆虫。,カマキリ 昆虫,1,Praying mantis,,,
かまくら,鎌倉,神奈川県にある市。,鎌倉 地名,2,Kamakura,,,
かまくらじだい,鎌倉時代,鎌倉に幕府が置かれ、武士が政治を行った時代。,鎌倉時代 武士,2,Kamakura period,,,
かますじょー,カマスジョー,鋭い歯を持つ、みずタイプの魚ポケモン。,カマスジョー ポケモン,3,Barraskewda,,,
かまど,竃,火を使って、米などを炊く場所や道具。,竃 調理器具,2,Stove,,,
かまぼこ,蒲鉾,魚のすり身を蒸して作る食品。,蒲鉾 食品,1,Kamaboko,,,
かまんべーるちーず,カマンベールチーズ,フランスで生まれた、白カビを使ったチーズ。,カマンベールチーズ,2,,,,
かみ,紙,植物の繊維などを薄く平らにしたもの。,紙 素材,2,Paper,,,
かみ,髪,頭に生える毛。,髪の毛,1,,,,
かみ,神,神社などでまつられる神。,神社 神道,1,,,,
かみっちゅ,カミッチュ,蜜で作ったりんごにすむ、くさ・ドラゴンタイプのポケモン。,カミッチュ ポケモン,3,Dipplin,,,
かみつおろち,カミツオロチ,りんごの中に七匹のポケモンがすむ、くさ・ドラゴンタイプのポケモン。,カミツオロチ ポケモン,3,Hydrapple,,,
かみつるぎ,カミツルギ,折り紙のような姿をした、はがね・くさタイプのポケモン。,カミツルギ ポケモン,3,Kartana,,,
かみなり,雷,雲の間で光り、音を立てる放電現象。,雷,1,,,,
かみひこうき,紙飛行機,紙を折って作る、飛行機の形をしたおもちゃ。,紙飛行機 おもちゃ,1,Paper plane,assets/shiritori/kamihikouki.png,asset,AI生成イラスト
かみぶくろ,紙袋,紙で作った袋。,紙袋 容器,1,Paper bag,,,
かみやすり,紙やすり,表面がざらざらした紙やすり。,紙やすり 道具,2,Sandpaper,,,
かみやん,噛みやん,食べ物などを、歯でよくかむこと。,動作,2,,assets/shiritori/complete-1199.png,asset,AI生成イラスト
かみーゆびだん,カミーユ・ビダン,アニメ「機動戦士Ζガンダム」の主人公。史上最高のニュータイプ能力を持つと言われる少年。,カミーユ・ビダン,3,Kamille Bidan,,,
かむ,噛む,歯で食べ物をかみくだくこと。,噛む 動作,1,Chew,assets/shiritori/complete-0477.png,asset,AI生成イラスト
かむ,神む,神としてまつられること。,神格化,3,,,,
かむかめ,カムカメ,大きな歯でかみつく、みずタイプのカメのポケモン。,カムカメ ポケモン,3,Chewtle,,,
かむむすび,神産巣日神,ものをつくりだすちからをもった、むかしの神様。,神産巣日神,2,Kamimusubi,,,
かめ,亀,背中に硬い甲羅を持つ生き物。,亀 動物,1,Turtle,,,
かめ,カメ,硬い甲羅を持ち、陸や水辺で暮らす生き物。,カメ,1,,,,
かめ,瓶,酒や水などを入れる、口の広い陶器の器。,瓶 容器,2,Jar,,,
かめっくす,カメックス,背中の大砲から水を出す、みずタイプのポケモン。,カメックス,3,Blastoise,,,
かめてて,カメテテ,二つの頭を持つポケモン,カメテテ ポケモン,3,Binacle,,,
かめら,カメラ,写真や動画を撮るための機械。,カメラ 道具,1,Camera,,,
かめるーん,カメルーン,アフリカ中西部にあり、多様な気候や文化、サッカーの強豪として知られる国,カメルーン 国旗,3,Cameroon,,,
かめーる,カメール,長い耳のようなひれを持つ、みずタイプのポケモン。,カメール,3,Wartortle,,,
かも,鴨,水辺にすむ、くちばしの平たい鳥。,鴨,1,Duck,,,
かもく,科目,学校で学ぶ、教科や勉強の種類。,勉強 学校,2,Subject,,,
かもねぎ,カモネギ,長ねぎを持って戦う、ノーマル・ひこうタイプのポケモン。,カモネギ,3,Farfetch'd,,,
かもねぎがらるすがた,カモネギ(ガラル・すがた),太いねぎを武器にする、カモネギのガラルのすがた。,カモネギ(ガラル・すがた),3,Galarian Farfetch'd,,,
かもめ,カモメ,海辺などにすむ、白っぽい鳥。,カモメ,1,,,,
かもめ,鴎,海辺などにすむ、白っぽい鳥。,鴎 動物,1,Seagull,,,
かゆ,粥,米を水でやわらかく煮た食べ物。,お粥,1,,,,
かゆい,痒い,皮膚をかきたくなるような感じ。,痒い 身体感覚,1,Itchy,assets/shiritori/kayui.png,asset,AI生成イラスト
かゆみ,痒み,皮膚をかきたくなる感じ。,痒み 身体感覚,1,Itch,assets/shiritori/kayui.png,asset,AI生成イラスト
かよう,通う,学校や塾などに通うこと。,通う 動作,1,Commute,assets/shiritori/complete-1222.png,asset,AI生成イラスト
かようび,火曜日,げつようびのつぎのひ。,曜日 カレンダー,1,Tuesday,,,
から,殻,卵などを包んでいる、外側のかたい部分。,殻 自然,1,Shell,,,
から,空,中に何も入っていないこと。,空 状態,1,Empty,assets/shiritori/complete-1225.png,asset,アプリ作成図
からい,辛い,とうがらしのように、舌がひりひりする味。,辛い 味覚,1,Spicy,assets/shiritori/complete-1226.png,asset,AI生成イラスト
からから,カラカラ,母親の頭の骨をかぶっている、じめんタイプのポケモン。,カラカラ,3,Cubone,,,
からくさ,唐草,つるや葉を曲線で描いた模様。,唐草 模様,2,Arabesque,,,
からくさもよう,唐草模様,つるが曲がりくねった、植物のような模様。,唐草模様,2,Arabesque,,,
からさりす,カラサリス,糸で体を包んで進化を待つ、むしタイプのさなぎポケモン。,カラサリス ポケモン,3,Silcoon,,,
からし,からし,からし菜の種などから作る、辛みのある調味料。,からし,1,Mustard,,,
からす,カラス,黒い羽を持ち、「カーカー」と鳴く鳥。,カラス,1,,,,
からす,烏,黒い羽を持つ鳥。,烏 動物,1,Crow,,,
からすてんぐ,烏天狗,山にすむとされる、カラスの姿をした伝説上の生き物。,烏天狗 伝説,2,Karasu-tengu,,,
からだ,体,人や動物の、頭や手足などを合わせた全体。,体 人体,1,Body,,,
からっぽ,空っぽ,中に何も入っていないこと。,空っぽ 状態,1,Empty,assets/shiritori/complete-1236.png,asset,アプリ作成図
からなくし,カラナクシ,海にすむ、ナメクジのような姿のポケモン。,カラナクシ ポケモン,3,Shellos,,,
からまねろ,カラマネロ,強い催眠術で相手を操る、あく・エスパータイプのポケモン。,カラマネロ ポケモン,3,Malamar,,,
からみんご,カラミンゴ,フラミンゴに似た、かくとう・ひこうタイプのポケモン。,カラミンゴ ポケモン,3,Flamigo,,,
からむ,絡む,糸などが、互いに巻きついてほどけにくくなること。,絡む 動作,2,Entangle,assets/shiritori/complete-1240.png,asset,AI生成イラスト
からゆき,唐行き,むかしがいこくにいったひと,歴史,3,,,,
かり,借り,人の物を、あとで返す約束で使うこと。,借り 動作,1,Borrow,assets/shiritori/ss-borrow.png,asset,AI生成イラスト
かり,狩り,山などで野生の動物を捕らえること。,狩り 動作,2,Hunting,assets/shiritori/complete-1243.png,asset,AI生成イラスト
かり,仮,本物ではなく、一時的なものであること。,仮 概念,2,Temporary,assets/shiritori/complete-1244.png,asset,AI生成イラスト
かりあげる,刈り上げる,髪の毛を短く刈りそろえること。,髪型,2,,assets/shiritori/complete-1245.png,asset,AI生成イラスト
かりきり,カリキリ,日光でためたエネルギーを使う、くさタイプのポケモン。,カリキリ ポケモン,3,Fomantis,,,
かりぐらし,借り暮らし,借りた物を使って生活すること。,生活,2,,assets/shiritori/ss-borrow.png,asset,AI生成イラスト
かりこむ,刈り込む,草や木をまとめて刈り取ること。,手入れ,2,,assets/shiritori/complete-1248.png,asset,AI生成イラスト
かりすま,カリスマ,人を強く引きつける魅力。,カリスマ 人物,3,Charisma,assets/shiritori/complete-1249.png,asset,AI生成イラスト
かりそめ,仮初め,ほんのしばらくの間であること。,一時的,3,,assets/shiritori/complete-1250.png,asset,AI生成イラスト
かりたてる,駆り立てる,人にある行動をするよう促すこと。,心理,3,,assets/shiritori/sekasu.png,asset,AI生成イラスト
かりもの,借り物,人から借りた物。,借り物 道具,1,Borrowed item,,,
かりん,花梨,黄色く香りのよい実がなる、バラ科の果樹。,花梨 果物,2,Quince,,,
かる,刈る,刃物などで、草や木を切り取ること。,刈る 動作,2,Cut,assets/shiritori/complete-1254.png,asset,AI生成イラスト
かるい,軽い,持ち上げるときに、あまり力がいらないこと。,軽い 重量,1,Light,assets/shiritori/complete-1255.png,asset,AI生成イラスト
かるた,かるた,読み札に合わせて絵札を取る、日本のカード遊び。,かるた,1,,,,
かるた,カルタ,読み札と絵札を使って遊ぶ、日本のカード遊び。,カルタ 遊び,1,Card game,,,
かるた,歌留多,読み札と絵札を使うカード遊び。,カルタ 遊び,1,Card game,,,
かるちゃー,カルチャー,人々の生活や考え方、芸術などに見られる特徴。,文化,2,Culture,assets/shiritori/complete-1259.png,asset,AI生成イラスト
かるぼう,カルボウ,燃えるよろいをまとった、ほのおタイプのポケモン。,カルボウ ポケモン,3,Charcadet,,,
かれ,彼,あの男性を指す言葉。また、恋人の男性。,彼 人物,1,He,,,
かれ,枯れ,草や花が水分を失い、しおれること。,枯れ 植物,2,Wither,assets/shiritori/complete-1262.png,asset,AI生成イラスト
かれえ,カレー,香辛料を使った、とろみのある料理。,カレー 料理,1,Curry,,,
かれき,枯れ木,葉が落ちて、枯れた木。,枯れ木 植物,1,Dead tree,,,
かれくさ,枯れ草,水分を失って枯れた草。,枯れ草 植物,1,Dead grass,,,
かれこれ,かれこれ,およそ。そのくらい。,程度,2,,assets/shiritori/complete-1266.png,asset,AI生成イラスト
かれし,彼氏,付き合っている男性。,彼氏 人物,2,Boyfriend,,,
かれは,枯葉,木や草から落ちた葉。,枯葉,1,Dead leaf,,,
かれは,枯れ葉,木から落ちた葉。,枯れ葉 植物,1,Dead leaf,,,
かれやま,枯れ山,木が少なく、草木の葉があまりない山。,枯れ山 風景,2,,,,
かろう,過労,働きすぎること。,過労 健康,3,Overwork,assets/shiritori/complete-0229.png,asset,AI生成イラスト
かろうじて,辛うじて,ぎりぎりのところで、なんとか。,状態,3,,assets/shiritori/complete-1272.png,asset,AI生成イラスト
かわ,川,陸の水が集まり、海や湖へ流れる水の道。,川,1,,,,
かわ,皮,果物や動物の体を包む、外側の部分。,皮,1,,,,
かわ,革,動物の皮を加工して作った材料。,革 素材,2,Leather,,,
かわ,河,大きな川。,河 地形,2,River,,,
かわいい,可愛い,小さくて愛らしいなど、見ていて好ましく感じること。,可愛い 感情,1,Cute,assets/shiritori/nikkori.png,asset,AI生成イラスト
かわいそう,可哀想,相手の様子を見て、気の毒に思うこと。,可哀想 感情,1,Poor,assets/shiritori/kawaisou.png,asset,AI生成イラスト
かわかみ,川上,川の流れが始まる上流の方。,川上 地形,2,Upstream,,,
かわき,渇き,のどの水分が足りず、水を飲みたくなること。,渇き 身体感覚,2,Thirst,assets/shiritori/complete-1280.png,asset,AI生成イラスト
かわく,乾く,ぬれた物の水分がなくなること。,乾く 動作,1,Dry,assets/shiritori/laundry.png,asset,AI生成イラスト
かわく,渇く,のどの水分が足りず、水を飲みたくなること。,渇く 身体感覚,2,Thirst,assets/shiritori/complete-1282.png,asset,AI生成イラスト
かわざかな,川魚,川にすむ魚。,川魚 動物,1,Freshwater fish,,,
かわしも,川下,川の下流の方。,川下 地形,2,Downstream,,,
かわす,交わす,言葉や物を、互いにやり取りすること。,交わす 動作,2,Exchange,assets/shiritori/ss-communicate.png,asset,AI生成イラスト
かわす,かわす,飛んでくる物などを、身を動かしてよけること。,避ける 動作,2,Dodge,assets/shiritori/complete-1286.png,asset,AI生成イラスト
かわら,瓦,屋根をふくための、粘土を焼いて作った板。,瓦 建材,2,Roof tile,,,
かわら,河原,川岸や川底にある、小石や砂利。,河原 地形,1,River beach,,,
かわる,変わる,前とは違う状態になること。,変わる 状態,1,Change,assets/shiritori/complete-1289.png,asset,AI生成イラスト
かわる,代わる,順番に入れ替わること。,代わる 動作,2,Replace,assets/shiritori/ss-change.png,asset,AI生成イラスト
かん,缶,飲み物などを入れる、金属製の容器。,缶 容器,1,Can,,,
かん,勘,はっきりとは説明できないが、そうだと思うこと。,勘 感覚,2,Intuition,assets/shiritori/chokkan.png,asset,AI生成イラスト
かん,関,昔、通行人や荷物を調べるために道に設けた場所。,関 歴史,3,,,,
かんあそび,缶遊び,空き缶などを使ってする遊び。,遊び,1,,,,
かんい,簡易,手続きなどが簡単なこと。,簡易 状態,2,Simple,assets/shiritori/complete-1295.png,asset,AI生成イラスト
かんいすいしつけんさしやく,簡易水質検査試薬,水が汚れているかどうかを簡単に調べるための薬品,水質検査 試薬,2,Water test kit,,,
かんいん,館員,たてもののひと,人,2,,,,
かんえい,寛永,むかしのじだい,歴史,3,,,,
かんおけ,棺桶,亡くなった人を納める箱。,棺桶 葬儀,2,Coffin,,,
かんかく,感覚,外からの刺激を体で感じ取ること。,感覚 心理,2,Sense,assets/shiritori/complete-0048.png,asset,AI生成イラスト
かんかく,間隔,物と物の間の距離。,間隔 距離,2,Interval,assets/shiritori/complete-1301.png,asset,アプリ作成図
かんかん,カンカン,金属などが続けて鳴る音。また、腹を立てている様子。,擬音語,1,,assets/shiritori/complete-0217.png,asset,AI生成イラスト
かんがえる,考える,頭を使って、答えや方法を考えること。,考える 動作,1,Think,assets/shiritori/kangaeru.png,asset,AI生成イラスト
かんき,換気,窓を開けるなどして、部屋の空気を入れ替えること。,換気 生活,2,Ventilation,assets/shiritori/sawayaka.png,asset,AI生成イラスト
かんき,歓喜,とても大きな喜び。,歓喜 感情,3,Joy,assets/shiritori/yorokobi.png,asset,AI生成イラスト
かんきせん,換気扇,部屋の空気を入れ替える機械。,換気扇 家電,2,Ventilation fan,,,
かんきつ,柑橘,ミカンやレモンなどの果物の仲間。,柑橘 果物,2,Citrus,,,
かんきょう,環境,人や生き物を取り巻く、周りの様子。,環境 自然,2,Environment,assets/shiritori/complete-1308.png,asset,AI生成イラスト
かんきん,監禁,人を、自由に動けない場所に閉じ込めること。,犯罪,3,,assets/shiritori/complete-1309.png,asset,AI生成イラスト
かんぐ,勘ぐり,本当かどうかを疑うこと。,心理,3,,assets/shiritori/complete-0537.png,asset,AI生成イラスト
かんげい,歓迎,来た人を喜んで迎えること。,歓迎 礼儀,2,Welcome,assets/shiritori/kangei.png,asset,AI生成イラスト
かんげき,感激,強く心を動かされること。,感激 感情,2,Deeply moved,assets/shiritori/yorokobi.png,asset,AI生成イラスト
かんこく,勧告,こうしたほうがよいと、相手に意見を伝えること。,忠告,3,,assets/shiritori/complete-1313.png,asset,AI生成イラスト
かんごし,看護師,病気やけがをした人の世話をする人。,看護師 職業,1,Nurse,,,
かんさ,監査,決まりどおりか、問題がないかを調べること。,調査,3,,assets/shiritori/complete-1315.png,asset,AI生成イラスト
かんさつ,観察,よく見たり調べたりして、様子を知ること。,観察 科学,2,Observation,assets/shiritori/kansatsu.png,asset,AI生成イラスト
かんざし,簪,髪にさして飾る道具。,簪 装飾,2,Hairpin,,,
かんし,監視,人や場所の様子を注意して見守ること。,監視 動作,2,Surveillance,assets/shiritori/complete-1318.png,asset,AI生成イラスト
かんし,漢詩,中国で作られた詩。また、その形式にならった漢詩。,漢詩 文学,3,Chinese poetry,,,
かんしゃ,感謝,ありがたいと思う気持ち。,感謝 感情,1,Gratitude,assets/shiritori/kansha.png,asset,AI生成イラスト
かんしょう,鑑賞,絵や音楽などを味わい、よさを感じること。,鑑賞 芸術,2,Appreciation,assets/shiritori/kenbutsu.png,asset,AI生成イラスト
かんしょう,観賞,景色や自然を見て楽しむこと。,観賞 芸術,2,Viewing,assets/shiritori/complete-1322.png,asset,AI生成イラスト
かんしょく,感触,物に触れたときに感じること。,感触 身体感覚,2,Texture,assets/shiritori/complete-1323.png,asset,AI生成イラスト
かんしん,関心,物事に興味を持つこと。,関心 心理,2,Interest,assets/shiritori/kyoumi.png,asset,AI生成イラスト
かんしん,感心,優れていると思い、感心すること。,感心 感情,2,Admiration,assets/shiritori/aw-keifuku.png,asset,AI生成イラスト
かんじ,漢字,日本語で使う、漢字という文字。,漢字,1,,,,
かんじゃ,患者,病気やけがで治療を受ける人。,患者 医療,2,Patient,,,
かんせい,完成,作業が終わって、物ができあがること。,完成 状態,2,Completion,assets/shiritori/seikou.png,asset,AI生成イラスト
かんせい,歓声,喜びや賛成を表して出す声。,歓声 感情,2,Cheer,assets/shiritori/complete-1329.png,asset,AI生成イラスト
かんせん,感染,病気が人から人へうつること。,感染 医療,2,Infection,assets/shiritori/complete-1330.png,asset,AI生成イラスト
かんせん,幹線,地域をつなぐ、幅の広い主要な道路。,道路,3,,,,
かんぜい,関税,外国から品物を輸入するときにかかる税金。,経済,3,Tariff,,,
かんそう,感想,見たり聞いたりしたことについて、心に感じたこと。,感想 心理,2,Impression,assets/shiritori/complete-1333.png,asset,AI生成イラスト
かんそう,乾燥,水分が少なく、かわいていること。,乾燥 状態,2,Dry,assets/shiritori/laundry.png,asset,AI生成イラスト
かんそく,観測,天気や星などの様子を調べること。,観測 科学,2,Observation,assets/shiritori/complete-1335.png,asset,AI生成イラスト
かんとく,監督,映画やスポーツチームをまとめ、指示を出す人。,監督,2,Director,assets/shiritori/ss-leader.png,asset,AI生成イラスト
かんなん,艱難,つらくて苦しいこと。,苦難,3,,assets/shiritori/complete-1337.png,asset,AI生成イラスト
かんなんしんく,艱難辛苦,つらいことを乗り越え、苦しみを味わうこと。,苦難,3,,assets/shiritori/nintai.png,asset,AI生成イラスト
かんぼじあ,カンボジア,東南アジアにある国。,カンボジア 国旗,2,Cambodia,,,
かんむてんのう,桓武天皇,都を平城京から平安京へ移し、律令制を立て直そうとした天皇,桓武天皇 肖像,2,Emperor Kanmu,,,
がいあ,ガイア,アニメ「機動戦士ガンダム」の登場人物。ジオン公国軍の熟練兵で「黒い三連星」のリーダーを務める男。,ガイア ガンダム,3,Gaia,,,
がいあな,ガイアナ,南アメリカ北部にあり、国土の大部分がアマゾンの熱帯雨林に覆われた自然豊かな国,ガイアナ 国旗,3,Guyana,,,
がおがえん,ガオガエン,プロレスのように戦う、ほのお・あくタイプのネコポケモン。,ガオガエン ポケモン,3,Incineroar,,,
がけがに,ガケガニ,崖のような岩場にすむ、いわタイプのカニポケモン。,ガケガニ ポケモン,3,Klawf,,,
がす,ガス,燃料や暖房などに使う気体。,ガス 燃料,2,Gas,,,
がすこんろ,ガスこんろ,ガスを燃やして、料理や加熱に使う道具。,ガスコンロ,2,Gas stove,,,
がすちょうせつねじ,ガス調節ねじ,ガスバーナーで、ガスの量を加減して炎の大きさを変えるためのねじ,ガス調節ねじ,2,Gas control valve,,,
がすとーち,ガストーチ,ガスを噴き出して炎を出す、火を使う道具。,ガストーチ,2,Blowtorch,,,
がすばーなー,ガスバーナー,ガスを燃やして、強い炎を出す器具。,ガスバーナー,2,Gas burner,,,
がそりん,ガソリン,石油から作られる、自動車などの燃料。,ガソリン 燃料,2,Gasoline,,,
がちぐま,ガチグマ,大きな体を持つ、じめんタイプのクマポケモン。,ガチグマ ポケモン,3,Ursaluna,,,
がちぐまあかつき,ガチグマ(アカツキ),赤い月に関わる、ガチグマの特別な姿。,ガチグマ(アカツキ) ポケモン,3,Bloodmoon Ursaluna,,,
がちごらす,ガチゴラス,昔の王者を思わせる、いわ・ドラゴンタイプのポケモン。,ガチゴラス ポケモン,3,Tyrantrum,,,
がちょう,ガチョウ,アヒルに似た、水辺にすむ大きな鳥。,ガチョウ,1,,,,
がっこう,学校,子どもなどが集まり、勉強や運動をするところ。,学校,1,,,,
がばいと,ガバイト,背中のひれのうろこが薬になるとされるポケモン。,ガバイト ポケモン,3,Gabite,,,
がぶりあす,ガブリアス,ジェット機のような速さで飛ぶ、ドラゴンタイプのポケモン。,ガブリアス ポケモン,3,Garchomp,,,
がま,ガマ,池や沼の近くに生える、細長い穂をつける植物。,ガマ 植物,1,,,,
がまがる,ガマガル,振動で戦う、みず・じめんタイプのポケモン。,ガマガル ポケモン,3,Palpitoad,,,
がまぐち,がま口,口金を開けて使う、小銭入れ。,がま口,1,,,,
がまげろげ,ガマゲロゲ,地面を揺らして戦う、みず・じめんタイプのポケモン。,ガマゲロゲ ポケモン,3,Seismitoad,,,
がむ,ガム,長くかんで味わうお菓子。,チューインガム,1,,,,
がめのです,ガメノデス,いくつもの岩が集まった姿の、いわタイプのポケモン。,ガメノデス ポケモン,3,Barbaracle,,,
がらがら,ガラガラ,骨を武器にする、じめんタイプのポケモン。,ガラガラ,3,Marowak,,,
がらがらあろーらのすがた,ガラガラ(アローラのすがた),炎をともした骨を使う、ガラガラのアローラのすがた。,ガラガラ(アローラのすがた),3,Alolan Marowak,,,
がらす,ガラス,光を通す、かたい材料。,ガラス,1,,,,
がらすかん,ガラスかん,ガラスで作った、細長い管。,ガラス管,2,Glass tube,,,
がらすきぐ,ガラス器具,ビーカーや試験管など、ガラス製の実験器具。,ガラス器具,2,Laboratory glassware,,,
がらすばん,ガラス板,平らな板状のガラス。,ガラス板,2,Glass plate,,,
がらすびん,ガラスびん,液体などを入れる、ガラス製の容器。,瓶 ガラス,2,Glass bottle,,,
がらすぼう,ガラスぼう,液体をかき混ぜたり、流れを導いたりするガラスの棒。,ガラス棒,2,Stirring rod,assets/shiritori/complete-1371.png,asset,AI生成イラスト
がらすようき,ガラス容器,ビーカーや瓶など、ガラスで作った容器。,ガラス容器,2,Glass container,,,
がりがり,ガリガリ,とてもやせている様子。,ガリガリ,1,,assets/shiritori/complete-1373.png,asset,AI生成イラスト
がるーら,ガルーラ,腹の袋で子どもを育てる、ノーマルタイプのポケモン。,ガルーラ,3,Kangaskhan,,,
がんえん,岩塩,地中から採れる、塩化ナトリウムの結晶。,岩塩 鉱物,2,Rock salt,,,
がんじつ,元日,1月1日。新しい年の最初の日。,元日,1,,,,
がんじん,鑑真,唐から苦難の末に来日し、唐招提寺を開いて正しい仏教を伝えた僧,鑑真 坐像,2,Jianzhen,,,
がんだむ,RX-78-2 ガンダム,機動戦士ガンダムの主役機。地球連邦軍の白い悪魔と呼ばれる。伝説的な高性能MS。,ガンダム RX-78-2,3,Gundam,,,
がんだむ,ガンダム,アニメ「機動戦士ガンダム」の用語。地球連邦軍が開発した伝説的な高性能モビルスーツ。,ガンダム,3,Gundam,,,
がんだむえありある,ガンダム・エアリアル,アニメ「機動戦士ガンダム 水星の魔女」の用語。主人公のスレッタが「家族」と呼んで大切にしているMS。,ガンダム・エアリアル,3,Gundam Aerial,,,
がんだむえくしあ,ガンダムエクシア,機動戦士ガンダム00の主役機。近接戦闘に特化したガンダム。,ガンダムエクシア,3,GundamExia,,,
がんだむえふきゅうじゅういち,ガンダムF91,アニメ「機動戦士ガンダムF91」の用語。小型・高性能化を突き詰め、最大稼働時に「質量を持った残像」を生み出すMS。,ガンダムF91,3,Gundam F91,,,
がんだむしさくいちごうき,ガンダム試作1号機,汎用人型としての基本性能を極限まで高めた地上戦用機。,ガンダム試作1号機,3,GundamGP01,,,
がんだむしさくさんごうき,ガンダム試作3号機,ステイメンとオーキスが合体した超大型MA形態。,ガンダム試作3号機,3,GundamGP03,,,
がんだむしさくにごうき,ガンダム試作2号機,核兵器の運用を前提とした重装甲・重武装の強襲用機。,ガンダム試作2号機,3,GundamGP02,,,
がんだむしさくよんごうき,ガンダム試作4号機,強襲用に開発されていたが開発中止となりガーベラ・テトラとなった。,ガンダム試作4号機,3,GundamGP04,,,
がんだむだぶるえっくす,ガンダムダブルエックス,機動新世紀ガンダムXの強化型主役機。ツインサテライトキャノンを持つ。,ガンダムダブルエックス,3,GundamDoubleX,,,
がんだむばるばとす,ガンダム・バルバトス,アニメ「機動戦士ガンダム 鉄血のオルフェンズ」の用語。厄祭戦時のフレームを残す、近接戦闘を主眼に置いたガンダム。,ガンダム・バルバトス,3,Gundam Barbatos,,,
がんだむふれーむ,ガンダム・フレーム,アニメ「機動戦士ガンダム 鉄血のオルフェンズ」の用語。厄祭戦時に開発された、2基のリアクターを搭載する超高性能MS用骨格。,ガンダム・フレーム,3,Gundam Frame,,,
がんだむまーくつー,ガンダムMk-II,ティターンズが開発したガンダムの後継機。のちにエゥーゴへ強奪された。,ガンダムMk-II,3,GundamMkII,,,
がんとる,ガントル,結晶が輝く岩石ポケモン,ガントル ポケモン,3,Boldore,,,
がんどふぉーまっと,GUNDフォーマット,アニメ「機動戦士ガンダム 水星の魔女」の用語。身体機能拡張技術をMSの制御システムへと応用したMS型生体コード。,GUNDフォーマット,3,,,,
がんびあ,ガンビア,ガンビア川の流域に沿って細長く広がる、アフリカ西部の小さな国,ガンビア 国旗,3,The Gambia,,,
がーぜ,ガーゼ,傷に当てて、血や液を吸い取る布。,ガーゼ,1,,,,
がーでぃ,ガーディ,忠実で賢い、ほのおタイプの子犬ポケモン。,ガーディ,3,Growlithe,,,
がーでぃひすいのすがた,ガーディ(ヒスイのすがた),毛が厚く、いわタイプを持つガーディのヒスイのすがた。,ガーディ(ヒスイのすがた),3,Hisuian Growlithe,,,
き,木,幹や枝を持ち、育つと大きくなる植物。,木 樹木,1,Tree,,,
き,黄,レモンの皮やひまわりの花のような、明るい色。,黄色,1,Yellow,,,
き,気,目には見えず、雰囲気や心の様子として感じるもの。,気,1,,assets/shiritori/complete-1399.png,asset,AI生成イラスト
きああい,気合,物事をやりとげようとする、強い気持ち。,気合,1,,assets/shiritori/kiai.png,asset,AI生成イラスト
きあう,着合う,服の色や形の組み合わせを考えて、身につけること。,衣服,2,Clothing,assets/shiritori/complete-1401.png,asset,AI生成イラスト
きあつ,気圧,空気が周りの物を押す力。,気圧,2,Atmospheric pressure,,,
きあわせ,居合わせ,ある場所に、偶然そのとき居合わせること。,居合わせ,2,,assets/shiritori/complete-1403.png,asset,AI生成イラスト
きあん,起案,仕事の計画や決まりの案を考えて、書面にすること。,起案,3,,assets/shiritori/aw-kentou.png,asset,AI生成イラスト
きい,奇異,普通と違っていて、不思議だったり怪しかったりする様子。,奇異,2,,assets/shiritori/fushigi.png,asset,AI生成イラスト
きいろ,黄色,レモンやひまわりのような明るい色。,黄色,1,Yellow,,,
きうい,キウイ,毛のある皮と、甘酸っぱい実を持つ果物。,キウイフルーツ,1,Kiwifruit,,,
きうつ,気鬱,気持ちが沈み、元気が出ないこと。,気鬱,3,,assets/shiritori/aw-kiutsu.png,asset,AI生成イラスト
きえ,帰依,神や仏を深く信じ、その教えに従うこと。,帰依,3,,assets/shiritori/complete-1409.png,asset,AI生成イラスト
きえい,気鋭,新しく勢いがあり、将来を期待される人。,気鋭,3,,assets/shiritori/complete-1410.png,asset,AI生成イラスト
きえうせる,消え失せる,目の前にあった物が、あとかたもなく消えること。,消え失せる,2,,assets/shiritori/complete-1411.png,asset,AI生成イラスト
きえさる,消え去る,あった物の姿や音が、完全になくなること。,消え去る,1,,assets/shiritori/complete-1412.png,asset,AI生成イラスト
きえゆく,消えゆく,時間とともに、だんだん消えていく様子。,消えゆく,1,,assets/shiritori/complete-1413.png,asset,AI生成イラスト
きえん,気炎,盛んな意気込みを、言葉や態度で表すこと。,気炎,3,,assets/shiritori/netsui.png,asset,AI生成イラスト
きおう,既往,以前にかかった病気など、これまでの記録。,既往,3,,assets/shiritori/complete-1415.png,asset,AI生成イラスト
きおく,記憶,見たり聞いたりしたことを、頭に残しておくこと。,記憶,2,,assets/shiritori/kioku.png,asset,AI生成イラスト
きおくれ,気後れ,相手の勢いに押されて、気持ちが弱くなること。,気後れ,2,,assets/shiritori/kiokure.png,asset,AI生成イラスト
きおん,気温,周りの空気の温かさや冷たさの程度。,気温,1,Temperature,,,
きかい,機械,動力を使って、仕事をする道具。,機械,1,Machine,,,
きかい,機会,何かをするのにちょうどよい時や場面。,機会,2,,assets/shiritori/complete-1420.png,asset,AI生成イラスト
きかんしゃ,機関車,他の車両を引っぱって走らせる鉄道車両。,機関車,2,locomotive,,,
ききゅう,気球,袋の中の空気を温めて空を飛ぶ乗り物。,気球,1,Hot air balloon,,,
きく,菊,秋に花を咲かせる、キク科の植物。,菊 植物,1,Chrysanthemum,,,
きく,聞く,耳で音や声を感じ取ること。,聞く,1,Hearing,assets/shiritori/kiku.png,asset,AI生成イラスト
きく,聴く,音楽や人の話に耳を傾けること。,聴く,1,Listening,assets/shiritori/kiku.png,asset,AI生成イラスト
きく,効く,薬や対策が、期待する効果をあげること。,効く,2,,assets/shiritori/complete-1426.png,asset,AI生成イラスト
きけん,危険,けがや事故が起こるおそれがあること。,危険,1,Danger,assets/shiritori/complete-0370.png,asset,AI生成イラスト
きげん,期限,約束や仕事を終わらせる期限。,期限,2,Deadline,assets/shiritori/complete-1428.png,asset,AI生成イラスト
きげん,起源,物事のもとになった、最初のところ。,起源,2,Origin,assets/shiritori/complete-0468.png,asset,AI生成イラスト
きこう,気候,一年を通した、その土地の天気の特徴。,気候,2,Climate,,,
きごう,記号,意味を表すための、簡単なしるし。,記号,1,Sign,,,
きざむ,刻む,野菜を細かく切ること。また、文字などを彫ること。,刻む,1,Chopping,assets/shiritori/complete-1432.png,asset,AI生成イラスト
きし,騎士,昔のヨーロッパで、馬に乗って戦った武士。,騎士,2,Knight,,,
きし,岸,海や川や湖と陸地が接するところ。,岸 沿岸,1,Coast,,,
きしだふみお,岸田文雄,第100・101代内閣総理大臣。,岸田文雄 肖像,3,FumioKishida,,,
きしのぶすけ,岸信介,第56・57代内閣総理大臣。,岸信介 肖像,3,NobusukeKishi,,,
きしゃ,汽車,蒸気の力で走る、昔の列車。,汽車,1,Steam train,,,
きしゃ,記者,取材して新聞や放送の記事を書く人。,記者,2,Reporter,,,
きじ,記事,新聞や雑誌などに載る、ニュースや読み物の文章。,記事,2,Article,,,
きじ,生地,服を作るための布。また、焼く前のパンなどの生地。,生地 布,1,Fabric,,,
きじ,雉,日本のキジ科の鳥。,キジ 鳥,1,Pheasant,,,
きず,傷,転んだりぶつけたりして、皮膚や物についた傷。,傷,1,Wound,,,
きずあと,傷跡,けがが治ったあとに残る跡。,傷跡,1,Scar,,,
きせつ,季節,春夏秋冬という、一年の四つの時期。,季節,1,Season,,,
きせやよい,黄瀬やよい,「スマイルプリキュア！」に登場する女の子。キュアピースに変身する。,黄瀬やよい アニメ,3,,,,
きそく,規則,人々が守るように決めた約束。,規則,1,Rule,assets/shiritori/complete-1446.png,asset,AI生成イラスト
きた,北,太陽がのぼる方を右に見たとき、正面になる方角。,北 方位,1,North,,,
きたい,気体,形や体積が決まっておらず、空間に広がる物質の状態。,気体 状態,2,Gas,assets/shiritori/complete-1448.png,asset,アプリ作成図
きたいけんちかん,気体検知管,気体の種類や濃さを調べるための管。,気体検知管,2,Gas detector tube,,,
きたいさいしゅき,気体採取器,検知管に空気を通すためのポンプ。,気体採取器,2,Gas sampler,,,
きたさとしばさぶろう,北里柴三郎,細菌学者。破傷風の治療法を発見し、日本の近代医学を支えた,北里柴三郎 肖像,2,Kitasato Shibasaburo,,,
きたちょうせん,北朝鮮,朝鮮半島の北部にある国。,北朝鮮 国旗,3,North Korea,,,
きたひろしまちょう,北広島町,スキーじょうがある、さむいけどたのしいまち。,北広島町,1,Kitahiroshima-cho,,,
きちきぎす,キチキギス,キタカミの里で英雄とされる、あく・フェアリータイプのポケモン。,キチキギス ポケモン,3,Fezandipiti,,,
きって,切手,手紙やはがきに貼り、郵便料金を示す紙。,切手,1,Postage stamp,,,
きつつき,キツツキ,木に穴をあけて虫などを食べる鳥。,キツツキ,1,Woodpecker,,,
きつね,キツネ,とがった耳とふさふさした尾を持つイヌ科の動物。,キツネ,1,,,,
きつね,狐,とがった耳とふさふさした尾を持つイヌ科の動物。,キツネ,1,Fox,,,
きてるぐま,キテルグマ,力が強く、抱きつくのが好きなクマのポケモン。,キテルグマ ポケモン,3,Bewear,,,
きとく,危篤,病気がとても重く、命にかかわる状態。,危篤,3,,assets/shiritori/complete-1460.png,asset,AI生成イラスト
きどう,軌道,星や人工衛星が、天体の周りを回る道筋。,軌道 宇宙,2,Orbit,,,
きどう,機動,状況に応じて、すばやく行動すること。,機動,3,,assets/shiritori/complete-0617.png,asset,AI生成イラスト
きどたかよし,木戸孝允,長州藩出身。薩長同盟や倒幕に貢献し、五箇条の御誓文の作成にも関わった,木戸孝允 肖像,2,Kido Takayoshi,,,
きどる,気取る,格好よく見えるよう、気取った態度をとること。,気取る,2,,assets/shiritori/complete-1464.png,asset,AI生成イラスト
きのう,昨日,今日の一日前。,昨日,1,,,,
きのう,機能,機械や体の部分が持つ、特別な働き。,機能,2,,assets/shiritori/complete-1466.png,asset,AI生成イラスト
きのがっさ,キノガッサ,速いパンチを出す、くさ・かくとうタイプのポケモン。,キノガッサ ポケモン,3,Breloom,,,
きのこ,キノコ,森などに生える、かさのある菌類。,キノコ,1,,,,
きのこ,茸,しめじやしいたけなど、菌類の仲間。,キノコ,1,Mushroom,,,
きのここ,キノココ,胞子をまく、くさタイプのキノコポケモン。,キノココ ポケモン,3,Shroomish,,,
きはつ,揮発,液体が、常温で気体に変わること。,揮発,3,Volatility,assets/shiritori/complete-1471.png,asset,AI生成イラスト
きば,牙,動物の口にある、長くて鋭い歯。,牙,1,Tusk,,,
きばご,キバゴ,牙が生えた、ドラゴンタイプのポケモン。,キバゴ ポケモン,3,Axew,,,
きばにあ,キバニア,川にすむ、きょうぼうなみずタイプのポケモン。,キバニア ポケモン,3,Carvanha,,,
きびだんご,黍団子,きび粉やもち米などで作る団子。,黍団子,1,Kibi dango,,,
きふ,寄付,困っている人や社会のために、金品を無償で出すこと。,寄付,2,Donation,assets/shiritori/kifu.png,asset,AI生成イラスト
きぶん,気分,そのときの心や体の状態。,気分,1,,assets/shiritori/kibun.png,asset,AI生成イラスト
きぷろす,キプロス,地中海東部に浮かぶ島国で、古代ギリシャ神話のアフロディーテ誕生の地とされる国,キプロス 国旗,3,Cyprus,,,
きほん,基本,物事を学んだり行ったりするときの、土台となる大切なこと。,基本,1,,assets/shiritori/complete-1479.png,asset,AI生成イラスト
きほんてきじんけん,基本的人権,人間が生まれながらに持っている、おかすことのできない永久の権利,基本的人権 概念,2,Human rights,assets/shiritori/complete-1480.png,asset,AI生成イラスト
きぼ,規模,物や計画全体の大きさ。,規模,2,Scale,assets/shiritori/complete-1481.png,asset,AI生成イラスト
きまぐれ,気まぐれ,気持ちがよく変わる様子。,気まぐれ,2,,assets/shiritori/complete-1482.png,asset,AI生成イラスト
きまわり,キマワリ,太陽の光を浴びると元気になる、くさタイプのポケモン。,キマワリ,3,Sunflora,,,
きみ,君,相手を親しんで呼ぶ言葉。また、目下の人に使う呼び方。,君,1,,,,
きみ,気味,物事の様子や、何となく感じられる傾向。,気味,2,,assets/shiritori/complete-1485.png,asset,AI生成イラスト
きみょう,奇妙,普通とは違って、不思議な様子。,奇妙,2,,assets/shiritori/fushigi.png,asset,AI生成イラスト
きめい,記名,書類に自分の名前を書くこと。,記名,2,,assets/shiritori/kaku.png,asset,AI生成イラスト
きめる,決める,いくつかの中から、これにすると選ぶこと。,決める,1,,assets/shiritori/kimeru.png,asset,AI生成イラスト
きめん,鬼面,鬼の顔をかたどった仮面。,鬼面,2,Oni mask,,,
きも,肝,肝臓。また、物事の最も大切な部分。,肝臓,2,Liver,,,
きもち,気持ち,心の中にある思いや感じ。,気持ち,1,,assets/shiritori/kimochi.png,asset,AI生成イラスト
きもの,着物,日本で着られてきた、伝統的な衣服。,着物,1,Kimono,,,
きもり,キモリ,素早く動く、くさタイプのポケモン。,キモリ ポケモン,3,Treecko,,,
きゃたぴー,キャタピー,緑色の幼虫の姿をした、むしタイプのポケモン。,キャタピー,3,Caterpie,,,
きゃべつ,キャベツ,葉が丸く重なって育つ野菜。,キャベツ,1,,,,
きゃもめ,キャモメ,海辺を飛ぶ、ひこうタイプの鳥ポケモン。,キャモメ ポケモン,3,Wingull,,,
きやく,規約,団体などで、みんなが守る決まり。,規約,2,,,,
きやすい,気安い,気取らず、親しみやすく落ち着く様子。,気安,2,,assets/shiritori/kiyasui.png,asset,AI生成イラスト
きゅああくあ,キュアアクア,「Yes！プリキュア5」に登場する水無月かれんが変身する姿。,キュアアクア アニメ,3,,,,
きゅああむーる,キュアアムール,「HUGっと！プリキュア」に登場するルールー・アムールが変身する姿。,キュアアムール アニメ,3,,,,
きゅああるかなしゃどう,キュアアルカナ・シャドウ,森亜るるかが変身する、「名探偵プリキュア！」のプリキュア。,キュアアルカナ・シャドウ アニメ,3,,,,
きゅああんさー,キュアアンサー,明智あんなが変身する、「名探偵プリキュア！」のプリキュア。,キュアアンサー アニメ,3,,,,
きゅああんじゅ,キュアアンジュ,薬師寺さあやが変身する、「HUGっと！プリキュア」のプリキュア。,キュアアンジュ アニメ,3,,,,
きゅああーす,キュアアース,風鈴アスミが変身する、「ヒーリングっど♥プリキュア」のプリキュア。,キュアアース アニメ,3,,,,
きゅあいーぐれっと,キュアイーグレット,美翔舞が変身する、「ふたりはプリキュア Splash☆Star」のプリキュア。,キュアイーグレット アニメ,3,,,,
きゅあうぃんでぃ,キュアウィンディ,美翔舞が変身する、「ふたりはプリキュア Splash☆Star」のプリキュア。,キュアウィンディ アニメ,3,,,,
きゅあういんぐ,キュアウイング,夕凪ツバサが変身する、「ひろがるスカイ！プリキュア」のプリキュア。,キュアウイング アニメ,3,,,,
きゅあえとわーる,キュアエトワール,輝木ほまれが変身する、「HUGっと！プリキュア」のプリキュア。,キュアエトワール アニメ,3,,,,
きゅあえーす,キュアエース,円亜久里が変身する、「ドキドキ！プリキュア」のプリキュア。,キュアエース アニメ,3,,,,
きゅあえーる,キュアエール,野乃はなが変身する、「HUGっと！プリキュア」のプリキュア。,キュアエール アニメ,3,,,,
きゅあかすたーど,キュアカスタード,有栖川ひまりが変身する、「キラキラ☆プリキュアアラモード」のプリキュア。,キュアカスタード アニメ,3,,,,
きゅあぐれーす,キュアグレース,花寺のどかが変身する、「ヒーリングっど♥プリキュア」のプリキュア。,キュアグレース アニメ,3,,,,
きゅあこすも,キュアコスモ,ユニが変身する、「スター☆トゥインクルプリキュア」のプリキュア。,キュアコスモ アニメ,3,,,,
きゅあこーらる,キュアコーラル,涼村さんごが変身する、「トロピカル〜ジュ！プリキュア」のプリキュア。,キュアコーラル アニメ,3,,,,
きゅあさにー,キュアサニー,日野あかねが変身する、「スマイルプリキュア！」のプリキュア。,キュアサニー アニメ,3,,,,
きゅあさまー,キュアサマー,夏海まなつが変身する、「トロピカル〜ジュ！プリキュア」のプリキュア。,キュアサマー アニメ,3,,,,
きゅあさんしゃいん,キュアサンシャイン,明堂院いつきが変身する、「ハートキャッチプリキュア！」のプリキュア。,キュアサンシャイン アニメ,3,,,,
きゅあしょこら,キュアショコラ,剣城あきらが変身する、「キラキラ☆プリキュアアラモード」のプリキュア。,キュアショコラ アニメ,3,,,,
きゅあじぇらーと,キュアジェラート,立神あおいが変身する、「キラキラ☆プリキュアアラモード」のプリキュア。,キュアジェラート アニメ,3,,,,
きゅあすかい,キュアスカイ,ソラ・ハレワタールが変身する、「ひろがるスカイ！プリキュア」のプリキュア。,キュアスカイ アニメ,3,,,,
きゅあすかーれっと,キュアスカーレット,紅城トワが変身する、「Go！プリンセスプリキュア」のプリキュア。,キュアスカーレット アニメ,3,,,,
きゅあすたー,キュアスター,星奈ひかるが変身する、「スター☆トゥインクルプリキュア」のプリキュア。,キュアスター アニメ,3,,,,
きゅあすぱいしー,キュアスパイシー,芙羽ここねが変身する、「デリシャスパーティ♡プリキュア」のプリキュア。,キュアスパイシー アニメ,3,,,,
きゅあすぱーくる,キュアスパークル,平光ひなたが変身する、「ヒーリングっど♥プリキュア」のプリキュア。,キュアスパークル アニメ,3,,,,
きゅあせれーね,キュアセレーネ,香久矢まどかが変身する、「スター☆トゥインクルプリキュア」のプリキュア。,キュアセレーネ アニメ,3,,,,
きゅあそれいゆ,キュアソレイユ,天宮えれなが変身する、「スター☆トゥインクルプリキュア」のプリキュア。,キュアソレイユ アニメ,3,,,,
きゅあそーど,キュアソード,剣崎真琴が変身する、「ドキドキ！プリキュア」のプリキュア。,キュアソード アニメ,3,,,,
きゅあだいやもんど,キュアダイヤモンド,菱川六花が変身する、「ドキドキ！プリキュア」のプリキュア。,キュアダイヤモンド アニメ,3,,,,
きゅあとぅいんくる,キュアトゥインクル,天ノ川きららが変身する、「Go！プリンセスプリキュア」のプリキュア。,キュアトゥインクル アニメ,3,,,,
きゅあどりーむ,キュアドリーム,夢原のぞみが変身する、「Yes！プリキュア5」のプリキュア。,キュアドリーム アニメ,3,,,,
きゅあにゃみー,キュアニャミー,猫屋敷ユキが変身する、「わんだふるぷりきゅあ！」のプリキュア。,キュアニャミー アニメ,3,,,,
きゅあはっぴー,キュアハッピー,星空みゆきが変身する、「スマイルプリキュア！」のプリキュア。,キュアハッピー アニメ,3,,,,
きゅあはにー,キュアハニー,大森ゆうこが変身する、「ハピネスチャージプリキュア！」のプリキュア。,キュアハニー アニメ,3,,,,
きゅあはーと,キュアハート,相田マナが変身する、「ドキドキ！プリキュア」のプリキュア。,キュアハート アニメ,3,,,,
きゅあばたふらい,キュアバタフライ,聖あげはが変身する、「ひろがるスカイ！プリキュア」のプリキュア。,キュアバタフライ アニメ,3,,,,
きゅあぱいん,キュアパイン,山吹祈里が変身する、「フレッシュプリキュア！」のプリキュア。,キュアパイン アニメ,3,,,,
きゅあぱっしょん,キュアパッション,東せつなが変身する、「フレッシュプリキュア！」のプリキュア。,キュアパッション アニメ,3,,,,
きゅあぱぱいあ,キュアパパイア,一之瀬みのりが変身する、「トロピカル〜ジュ！プリキュア」のプリキュア。,キュアパパイア アニメ,3,,,,
きゅあぱるふぇ,キュアパルフェ,キラ星シエルが変身する、「キラキラ☆プリキュアアラモード」のプリキュア。,キュアパルフェ アニメ,3,,,,
きゅあびゅーてぃ,キュアビューティ,青木れいかが変身する、「スマイルプリキュア！」のプリキュア。,キュアビューティ アニメ,3,,,,
きゅあびーと,キュアビート,黒川エレンが変身する、「スイートプリキュア♪」のプリキュア。,キュアビート アニメ,3,,,,
きゅあぴーす,キュアピース,黄瀬やよいが変身する、「スマイルプリキュア！」のプリキュア。,キュアピース アニメ,3,,,,
きゅあぴーち,キュアピーチ,桃園ラブが変身する、「フレッシュプリキュア！」のプリキュア。,キュアピーチ アニメ,3,,,,
きゅあふぃなーれ,キュアフィナーレ,菓彩あまねが変身する、「デリシャスパーティ♡プリキュア」のプリキュア。,キュアフィナーレ アニメ,3,,,,
きゅあふぇりーちぇ,キュアフェリーチェ,花海ことはが変身する、「魔法つかいプリキュア！」のプリキュア。,キュアフェリーチェ アニメ,3,,,,
きゅあふぉんてーぬ,キュアフォンテーヌ,沢泉ちゆが変身する、「ヒーリングっど♥プリキュア」のプリキュア。,キュアフォンテーヌ アニメ,3,,,,
きゅあふぉーちゅん,キュアフォーチュン,氷川いおなが変身する、「ハピネスチャージプリキュア！」のプリキュア。,キュアフォーチュン アニメ,3,,,,
きゅあふらみんご,キュアフラミンゴ,滝沢あすかが変身する、「トロピカル〜ジュ！プリキュア」のプリキュア。,キュアフラミンゴ アニメ,3,,,,
きゅあふれんでぃ,キュアフレンディ,犬飼いろはが変身する、「わんだふるぷりきゅあ！」のプリキュア。,キュアフレンディ アニメ,3,,,,
きゅあふろーら,キュアフローラ,春野はるかが変身する、「Go！プリンセスプリキュア」のプリキュア。,キュアフローラ アニメ,3,,,,
きゅあぶらいと,キュアブライト,日向咲が変身する、「ふたりはプリキュア Splash☆Star」のプリキュア。,キュアブライト アニメ,3,,,,
きゅあぶらっく,キュアブラック,美墨なぎさが変身する、「ふたりはプリキュア」のプリキュア。,キュアブラック アニメ,3,,,,
きゅあぶるーむ,キュアブルーム,日向咲が変身する、「ふたりはプリキュア Splash☆Star」のプリキュア。,キュアブルーム アニメ,3,,,,
きゅあぶろっさむ,キュアブロッサム,花咲つぼみが変身する、「ハートキャッチプリキュア！」のプリキュア。,キュアブロッサム アニメ,3,,,,
きゅあぷりずむ,キュアプリズム,虹ヶ丘ましろが変身する、「ひろがるスカイ！プリキュア」のプリキュア。,キュアプリズム アニメ,3,,,,
きゅあぷりんせす,キュアプリンセス,白雪ひめが変身する、「ハピネスチャージプリキュア！」のプリキュア。,キュアプリンセス アニメ,3,,,,
きゅあぷれしゃす,キュアプレシャス,和実ゆいが変身する、「デリシャスパーティ♡プリキュア」のプリキュア。,キュアプレシャス アニメ,3,,,,
きゅあべりー,キュアベリー,蒼乃美希が変身する、「フレッシュプリキュア！」のプリキュア。,キュアベリー アニメ,3,,,,
きゅあほいっぷ,キュアホイップ,宇佐美いちかが変身する、「キラキラ☆プリキュアアラモード」のプリキュア。,キュアホイップ アニメ,3,,,,
きゅあほわいと,キュアホワイト,雪城ほのかが変身する、「ふたりはプリキュア」のプリキュア。,キュアホワイト アニメ,3,,,,
きゅあまかろん,キュアマカロン,琴爪ゆかりが変身する、「キラキラ☆プリキュアアラモード」のプリキュア。,キュアマカロン アニメ,3,,,,
きゅあましぇり,キュアマシェリ,愛崎えみるが変身する、「HUGっと！プリキュア」のプリキュア。,キュアマシェリ アニメ,3,,,,
きゅあまじぇすてぃ,キュアマジェスティ,プリンセス・エルが変身する、「ひろがるスカイ！プリキュア」のプリキュア。,キュアマジェスティ アニメ,3,,,,
きゅあまじかる,キュアマジカル,十六夜リコが変身する、「魔法つかいプリキュア！」のプリキュア。,キュアマジカル アニメ,3,,,,
きゅあまりん,キュアマリン,来海えりかが変身する、「ハートキャッチプリキュア！」のプリキュア。,キュアマリン アニメ,3,,,,
きゅあまーち,キュアマーチ,緑川なおが変身する、「スマイルプリキュア！」のプリキュア。,キュアマーチ アニメ,3,,,,
きゅあまーめいど,キュアマーメイド,海藤みなみが変身する、「Go！プリンセスプリキュア」のプリキュア。,キュアマーメイド アニメ,3,,,,
きゅあみすてぃっく,キュアミスティック,小林みくるが変身する、「名探偵プリキュア！」のプリキュア。,キュアミスティック アニメ,3,,,,
きゅあみゅーず,キュアミューズ,調辺アコが変身する、「スイートプリキュア♪」のプリキュア。,キュアミューズ アニメ,3,,,,
きゅあみらくる,キュアミラクル,朝日奈みらいが変身する、「魔法つかいプリキュア！」のプリキュア。,キュアミラクル アニメ,3,,,,
きゅあみるきぃ,キュアミルキー,羽衣ララが変身する、「スター☆トゥインクルプリキュア」のプリキュア。,キュアミルキー アニメ,3,,,,
きゅあみんと,キュアミント,秋元こまちが変身する、「Yes！プリキュア5」のプリキュア。,キュアミント アニメ,3,,,,
きゅあむーんらいと,キュアムーンライト,月影ゆりが変身する、「ハートキャッチプリキュア！」のプリキュア。,キュアムーンライト アニメ,3,,,,
きゅあめろでぃ,キュアメロディ,北条響が変身する、「スイートプリキュア♪」のプリキュア。,キュアメロディ アニメ,3,,,,
きゅあやむやむ,キュアヤムヤム,華満らんが変身する、「デリシャスパーティ♡プリキュア」のプリキュア。,キュアヤムヤム アニメ,3,,,,
きゅあらぶりー,キュアラブリー,愛乃めぐみが変身する、「ハピネスチャージプリキュア！」のプリキュア。,キュアラブリー アニメ,3,,,,
きゅあらめーる,キュアラメール,ローラが変身する、「トロピカル〜ジュ！プリキュア」のプリキュア。,キュアラメール アニメ,3,,,,
きゅありずむ,キュアリズム,南野奏が変身する、「スイートプリキュア♪」のプリキュア。,キュアリズム アニメ,3,,,,
きゅありりあん,キュアリリアン,猫屋敷まゆが変身する、「わんだふるぷりきゅあ！」のプリキュア。,キュアリリアン アニメ,3,,,,
きゅあるーじゅ,キュアルージュ,夏木りんが変身する、「Yes！プリキュア5」のプリキュア。,キュアルージュ アニメ,3,,,,
きゅあれもねーど,キュアレモネード,春日野うららが変身する、「Yes！プリキュア5」のプリキュア。,キュアレモネード アニメ,3,,,,
きゅあろぜった,キュアロゼッタ,四葉ありすが変身する、「ドキドキ！プリキュア」のプリキュア。,キュアロゼッタ アニメ,3,,,,
きゅあわんだふる,キュアワンダフル,犬飼こむぎが変身する、「わんだふるぷりきゅあ！」のプリキュア。,キュアワンダフル アニメ,3,,,,
きゅう,九,8の次で10の前にくる数。,九,1,Number 9,,,
きゅう,球,どこから見ても丸い立体。,球 体,1,Sphere,,,
きゅうきゅうしゃ,救急車,急な病気やけがをした人を、病院などへ運ぶ車。,救急車,1,Ambulance,,,
きゅうこん,キュウコン,9本の尾を持つ、ほのおタイプのポケモン。,キュウコン,3,Ninetales,,,
きゅうこんあろーらのすがた,キュウコン(アローラのすがた),雪山にすむ、こおり・フェアリータイプのポケモン。,キュウコン(アローラのすがた),3,Alolan Ninetales,,,
きゅうどう,弓道,弓で矢を射て、的をねらう日本の武道。,弓道,2,Kyudo,,,
きゅうに,急に,前触れなく、突然物事が起こる様子。,急に,1,,assets/shiritori/complete-0222.png,asset,AI生成イラスト
きゅうり,キュウリ,細長くて緑色をした野菜。,キュウリ,1,,,,
きゅうり,胡瓜,細長くて緑色をした野菜。,キュウリ,1,Cucumber,,,
きゅまりん,キュアマリン,「ハートキャッチプリキュア!」の来海えりかが変身する姿。海風に揺れる青い花の力を使い、トリッキーで元気いっぱいの動きで戦場を盛り上げる。,キュアマリン アニメ,3,,,,
きゅれむ,キュレム,氷を操る、ドラゴン・こおりタイプの伝説のポケモン。,キュレム ポケモン,3,Kyurem,,,
きゅわわー,キュワワー,花輪を首に付ける、フェアリータイプのポケモン。,キュワワー ポケモン,3,Comfey,,,
きゅアスカーレット,キュアスカーレット,紅城トワが変身する、「Go！プリンセスプリキュア」のプリキュア。,キュアスカーレット アニメ,3,,,,
きゅーば,キューバ,カリブ海にあり、クラシックカーが街を走り、音楽やカリブの美しい海が有名な島国,キューバ 国旗,2,Cuba,,,
きょう,今日,今すごしている一日。,今日,1,,,,
きょういく,教育,知識や技術を教え、学ぶ力を育てること。,教育,2,Education,assets/shiritori/ss-lecture.png,asset,AI生成イラスト
きょうかい,教会,キリスト教の礼拝などを行う建物。,教会 建物,1,Church,assets/shiritori/complete-1600.png,asset,AI生成イラスト
きょうかい,境界,土地や国などの境目。,境界,2,Boundary,,,
きょうかにんげん,強化人間,アニメ「機動戦士ガンダム」シリーズの用語。人工的にニュータイプ能力を付与・開花させられた兵士。,強化人間 ガンダム,3,,,,
きょうき,凶器,人を傷つけたり、おどしたりするための道具。,凶器,3,Weapon,,,
きょうき,狂気,心の働きが乱れ、正しい判断ができなくなる状態。,狂気,3,,assets/shiritori/complete-1604.png,asset,AI生成イラスト
きょうこ,強固,とても強く、簡単には壊れない様子。,強固,2,,assets/shiritori/complete-1605.png,asset,AI生成イラスト
きょうじゅ,教授,大学で専門分野を教えたり研究したりする人。また、教えを授けること。,教授,2,Professor,assets/shiritori/ss-lecture.png,asset,AI生成イラスト
きょうそう,競争,速さや上手さなどを比べて競うこと。,競争,1,Competition,assets/shiritori/complete-0620.png,asset,AI生成イラスト
きょうだい,兄弟,同じ親から生まれた人たち。,兄弟,1,Siblings,,,
きょうちょう,強調,大事なことを目立つように強く示すこと。,強調,2,,assets/shiritori/complete-1609.png,asset,AI生成イラスト
きょうちょう,協調,互いに助け合い、力を合わせること。,協調,2,,assets/shiritori/kyouchou.png,asset,AI生成イラスト
きょうつう,共通,二つ以上のものに共通していること。,共通,2,,assets/shiritori/complete-1611.png,asset,アプリ作成図
きょうてい,協定,国や団体が話し合って決めた取り決め。,協定,2,,assets/shiritori/complete-1612.png,asset,AI生成イラスト
きょうと,京都府,昔、都が置かれていた日本の都市。,京都府,1,Kyoto,,,
きょうどう,共同,複数の人が一緒に同じ目的で仕事をすること。,共同,2,,assets/shiritori/soshiki.png,asset,AI生成イラスト
きょうふ,恐怖,危険な目にあうなどして、ひどく怖がる気持ち。,恐怖,1,Fear,assets/shiritori/kyoufu.png,asset,AI生成イラスト
きょうふう,強風,歩くのが大変になるほど強い風。,強風,1,Wind,,,
きょうみ,興味,おもしろそうだと思い、もっと知りたくなる気持ち。,興味,1,,assets/shiritori/kyoumi.png,asset,AI生成イラスト
きょうりゅう,恐竜,大昔に地球にすんでいた、爬虫類に似た動物。,恐竜,1,Dinosaur,,,
きょか,許可,してもよいと認めること。,許可,2,Permission,assets/shiritori/complete-1619.png,asset,AI生成イラスト
きょじおーん,キョジオーン,大きな岩塩の体を持つ、いわタイプのポケモン。,キョジオーン ポケモン,3,Garganacl,,,
きょり,距離,二つの場所や人の間の、離れている長さ。,距離,2,Distance,assets/shiritori/complete-1621.png,asset,アプリ作成図
きょる,去る,その場所からいなくなること。また、過去のものとなること。,去る,2,,assets/shiritori/ss-farewell.png,asset,AI生成イラスト
きょん,キョン,小型のシカの仲間。犬のような声で鳴く。,キョン 動物,2,Muntjac,,,
きよう,器用,手先が器用で、道具を上手に使える様子。,器用,1,,assets/shiritori/complete-1624.png,asset,AI生成イラスト
きらい,嫌い,いやだと思う気持ち。,嫌い,1,,assets/shiritori/kirai.png,asset,AI生成イラスト
きらきら,キラキラ,光が美しくまたたいて輝く様子。,きらきら,1,,assets/shiritori/complete-1626.png,asset,AI生成イラスト
きらふろる,キラフロル,花のような結晶を持つ、いわタイプのポケモン。,キラフロル ポケモン,3,Glimmora,,,
きらぼししえる,キラ星シエル,キラ星シエルが変身する、「キラキラ☆プリキュアアラモード」のプリキュア。,キラ星シエル アニメ,3,,,,
きらやまと,キラ・ヤマト,アニメ「機動戦士ガンダムSEED」の主人公。遺伝子調整された新人類「コーディネイター」の少年。,キラ・ヤマト,3,Kira Yamato,,,
きらーめ,キラーメ,結晶のような体を持つ、いわタイプのポケモン。,キラーメ ポケモン,3,Glimmet,,,
きり,霧,空気中の小さな水滴で、遠くが見えにくくなる現象。,霧,1,Fog,assets/shiritori/fog.png,asset,AI生成イラスト
きり,桐,たんすや箱などに使われる、軽い木。,桐 木,2,Paulownia,,,
きりきざん,キリキザン,体に刃のような部分がある、あく・はがねタイプのポケモン。,キリキザン ポケモン,3,Bisharp,,,
きりぎりす,キリギリス,夏から秋に鳴く、キリギリス科の昆虫。,キリギリス,1,Cricket,,,
きりつ,規律,集団の中で、みんなが守る決まり。,規律,2,,assets/shiritori/complete-1446.png,asset,AI生成イラスト
きりぬく,切り抜く,紙などから、必要な部分を切り取ること。,切り抜く,1,,assets/shiritori/complete-1636.png,asset,AI生成イラスト
きりばす,キリバス,太平洋の広い海域に広がる多くのサンゴ礁の島々からなる、日付変更線に一番近い国,キリバス 国旗,3,Kiribati,,,
きりふだ,切り札,ここぞという場面で使う、強い札や手段。,切り札,2,Trump card,,,
きりまんじゃろ,キリマンジャロ,アフリカにある、とてもたかいやま。,キリマンジャロ,2,Kilimanjaro,,,
きりん,キリン,首がとても長い、アフリカの大型の動物。,キリン,1,,,,
きりん,麒麟,首が長く、体に茶色の模様がある大型の動物。,キリン,1,Giraffe,,,
きりんりき,キリンリキ,後頭部にも顔がある、エスパータイプのポケモン。,キリンリキ,3,Girafarig,,,
きるぎす,キルギス,「中央アジアのインスブルック」と呼ばれるほど美しい山々や湖に囲まれた国,キルギス 国旗,3,Kyrgyzstan,,,
きるりあ,キルリア,気持ちに合わせて踊る、エスパー・フェアリータイプのポケモン。,キルリア ポケモン,3,Kirlia,,,
きれ,切れ,布や紙の小さな切れ端。また、刃物の切れ味。,切れ,1,,assets/shiritori/complete-1645.png,asset,AI生成イラスト
きれい,綺麗,汚れがなく、見た目が整っている様子。,綺麗,1,Beautiful,assets/shiritori/complete-1646.png,asset,AI生成イラスト
きれいはな,キレイハナ,花のような姿で踊る、くさタイプのポケモン。,キレイハナ,3,Bellossom,,,
きれる,切れる,刃物などで切り分けること。また、電池の電気がなくなること。,切れる,1,,assets/shiritori/complete-1648.png,asset,AI生成イラスト
きろく,記録,後で分かるように、出来事や結果を書き残すこと。,記録,2,Record,assets/shiritori/complete-1649.png,asset,AI生成イラスト
きろく,木六,木造の建物などを建てる際の大工の伝統的な符牒（専門用語の一つ）,大工,3,,,,
きろん,奇論,普通とは違う、変わった意見や議論。,奇論,3,,assets/shiritori/complete-0237.png,asset,AI生成イラスト
きわ,際,物のいちばん端の部分。,際,2,,assets/shiritori/complete-1652.png,asset,AI生成イラスト
きわめて,極めて,程度がとても大きい様子。,極めて,2,,assets/shiritori/complete-1653.png,asset,AI生成イラスト
きん,金,黄色く光る、価値の高い金属。,金 金属,1,Gold,,,
きん,菌,目に見えないほど小さな生き物。,細菌,2,Bacteria,,,
きんぎょ,金魚,水槽などで飼う、観賞用の魚。,金魚,1,Goldfish,,,
きんぐどら,キングドラ,深海にすむ、みず・ドラゴンタイプのポケモン。,キングドラ,3,Kingdra,,,
きんぐらー,キングラー,大きなはさみを持つ、みずタイプのポケモン。,キングラー,3,Kingler,,,
きんこ,金庫,お金や大切な物をしまう、頑丈な箱。,金庫,1,Safe,,,
きんし,禁止,危険などを理由に、してはいけないと決めること。,禁止,1,Prohibition,assets/shiritori/complete-1660.png,asset,AI生成イラスト
きんじょ,近所,自分の家の近くの場所や地域。,近所,1,Neighborhood,assets/shiritori/kinjo.png,asset,AI生成イラスト
きんぞく,金属,熱や電気をよく通し、形を変えやすい物質。,金属 物質,2,Metal,assets/shiritori/complete-1662.png,asset,AI生成イラスト
きんぞくぼう,金ぞくぼう,金属でできた、細長い棒。,金属棒,2,Metal rod,,,
きんだい,近代,むかし（江戸時代など）が終わり、科学や技術が進んだ今の時代に近いころ,近代,2,Modern times,assets/shiritori/complete-1664.png,asset,AI生成イラスト
きんちょう,緊張,大事な場面で、心が張りつめること。,緊張,1,Nervous,assets/shiritori/kinchou.png,asset,AI生成イラスト
きんにく,筋肉,体を動かしたり力を出したりする部分。,筋肉,1,Muscle,,,
きんねん,近年,ここ数年の間。,近年,2,,assets/shiritori/complete-1667.png,asset,AI生成イラスト
きんみらい,近未来,今からあまり遠くない未来。,近未来,2,Future,assets/shiritori/complete-1668.png,asset,AI生成イラスト
きんむ,勤務,会社や役所などで決められた仕事をすること。,勤務,2,Employment,assets/shiritori/complete-0851.png,asset,AI生成イラスト
きんむぎ,金麦,麦の種類、または日本の飲料メーカーが販売しているビール風の飲み物の名前,麦,3,Barley,,,
きんめだい,金目鯛,赤い体と金色の大きな目を持つ魚。,キンメダイ,2,Splendid alfonsino,,,
きんゆう,金融,お金を貸し借りしたり、動かしたりする仕組み。,金融,3,Finance,assets/shiritori/complete-1672.png,asset,AI生成イラスト
きんようび,金曜日,木曜日の次で、土曜日の前の日。,金曜日,1,Friday,,,
きんり,金利,お金を借りたり預けたりするときの利息の割合。,金利,3,Interest rate,assets/shiritori/complete-1674.png,asset,AI生成イラスト
きんりょく,筋力,筋肉が力を出すこと。,筋力,2,Muscle strength,assets/shiritori/complete-1675.png,asset,AI生成イラスト
きんりん,近隣,自分が住む場所の近く。,近隣,2,Neighborhood,assets/shiritori/kinjo.png,asset,AI生成イラスト
きんろう,勤労,仕事をして、社会の役に立つこと。,勤労,2,Labor,assets/shiritori/complete-0851.png,asset,AI生成イラスト
ぎあ,ギア,歯車や自転車などにある、歯のついた部品。,歯車,1,,,,
ぎある,ギアル,二つの歯車が一組になった、はがねタイプのポケモン。,ギアル ポケモン,3,Klink,,,
ぎがいあす,ギガイアス,岩のような体にエネルギーをためる、いわタイプのポケモン。,ギガイアス ポケモン,3,Gigalith,,,
ぎがのとさうるす,ギガノトサウルス,大きな体を持つ、肉食の恐竜。,ギガノトサウルス,2,Giganotosaurus,,,
ぎぎある,ギギアル,二つの歯車が組み合わさった、はがねタイプのポケモン。,ギギアル ポケモン,3,Klang,,,
ぎぎぎある,ギギギアル,三つの歯車が組み合わさった、はがねタイプのポケモン。,ギギギアル ポケモン,3,Klinklang,,,
ぎざぎざ,ギザギザ,細かくとがった刻み目が続いている形。,ギザギザ,1,Saw,assets/shiritori/complete-1684.png,asset,アプリ作成図
ぎじゅつ,技術,道具や機械を作ったり使ったりするための知識や方法。,技術,2,Technology,assets/shiritori/complete-1685.png,asset,AI生成イラスト
ぎたー,ギター,弦を指ではじいて音を出す楽器。,ギター,1,,,,
ぎにあ,ギニア,アフリカ西部に位置し、アルミニウムの原料となるボーキサイトが世界トップクラスに採れる国,ギニア 国旗,3,Guinea,,,
ぎにあびさう,ギニアビサウ,アフリカ西部の海岸にあり、多くのマングローブ林や島々を持つ国,ギニアビサウ 国旗,3,Guinea-Bissau,,,
ぎふ,岐阜県,白川郷などの歴史ある景色が楽しめる県。,岐阜県,1,Gifu,,,
ぎむ,義務,立場や決まりによって、必ずしなければならないこと。,義務,2,,assets/shiritori/sonchou.png,asset,AI生成イラスト
ぎもー,ギモー,ずる賢い、あく・フェアリータイプのポケモン。,ギモー ポケモン,3,Morgrem,,,
ぎゃらどす,ギャラドス,獰猛な性質を持つ、みず・ひこうタイプのポケモン。,ギャラドス,3,Gyarados,,,
ぎゃらるほるん,ギャラルホルン,アニメ「機動戦士ガンダム 鉄血のオルフェンズ」の用語。厄祭戦を終結に導き、世界の治安維持を担ってきた武力監視組織。,ギャラルホルン,3,Gjallarhorn,,,
ぎゃろっぷ,ギャロップ,炎のたてがみを持つ、ほのおタイプの馬ポケモン。,ギャロップ,3,Rapidash,,,
ぎゃろっぷがらるすがた,ギャロップ(ガラル・すがた),エスパー・フェアリータイプの、ギャロップのガラルのすがた。,ギャロップ(ガラル・すがた),3,Galarian Rapidash,,,
ぎゃん,ギャン,アニメ「機動戦士ガンダム」の用語。マ・クベが搭乗した、騎士のような外見とビーム・サーベルによる格闘戦を重視した試作MS。,ギャン,3,Gyan,,,
ぎゅうにく,牛肉,牛の肉。,牛肉,1,Beef,,,
ぎゅうにゅう,牛乳,牛からしぼった乳。,牛乳,1,Milk,,,
ぎょうき,行基,民衆に仏教を広めながら橋や池を造り、大仏建立にも協力した僧,行基 彫像,2,Gyoki,,,
ぎょうざ,ギョウザ,肉や野菜などを皮で包んで焼いた料理。,ギョウザ,1,,,,
ぎょうせい,行政,国会で決まった法律などを実行する、国や自治体の仕事。,行政 概念,2,,assets/shiritori/complete-1701.png,asset,AI生成イラスト
ぎらてぃな,ギラティナ,異世界にすむ、ゴースト・ドラゴンタイプの伝説のポケモン。,ギラティナ,1,Giratina,,,
ぎりぎり,ぎりぎり,あと少しのところ。また、限界に近い様子。,ぎりぎり,1,,assets/shiritori/complete-1703.png,asset,AI生成イラスト
ぎりしゃ,ギリシャ,古代文明の遺跡が残る、ヨーロッパの国。,ギリシャ 国旗,2,Greece,,,
ぎるがるど,ギルガルド,剣や盾の姿に変わる、はがね・ゴーストタイプのポケモン。,ギルガルド ポケモン,3,Aegislash,,,
ぎれんざび,ギレン・ザビ,アニメ「機動戦士ガンダム」の登場人物。ジオン公国を実質的に支配するザビ家の長男で、IQ240の天才。,ギレン・ザビ,3,Gihren Zabi,,,
ぎん,銀,白く光る、やわらかくて加工しやすい金属。,銀 金属,1,Silver,,,
ぎんいろ,銀色,銀のような、明るく光る灰色。,銀色,1,,,,
ぎんこう,銀行,お金を預けたり借りたりするところ。,銀行,1,Bank,,,
ぎんなん,銀杏,イチョウの木になる、かたい殻に包まれた種。,銀杏,1,,,,
く,区,市役所などが管理する、町を分けた区域。,区 行政区画,1,,,,
く,句,言葉のまとまり。また、短い詩。,俳句,2,Haiku,,,
くい,杭,目印や土台にするため、地面に打ち込む棒。,杭,1,Stake,,,
くいたらん,クイタラン,火を吹く、ほのおタイプのアリクイポケモン。,クイタラン ポケモン,3,Heatmor,,,
くいな,クイナ,水辺にすむ、ニワトリに似た鳥。,クイナ,2,Quail,,,
くうぇーと,クウェート,ペルシャ湾の奥に位置し、豊富な石油資源を持つ非常に裕福な中東の国,クウェート 国旗,3,Kuwait,,,
くうかん,空間,物や人が存在したり、活動したりする広がり。,空間,2,,assets/shiritori/complete-1717.png,asset,AI生成イラスト
くうき,空気,地球の周りにあり、息をするために必要な気体。,空気,1,Air,,,
くうきちょうせつねじ,空気調節ねじ,ガスバーナーの炎の色を調節するねじ。,空気調節ねじ,2,Air control valve,,,
くうぐん,空軍,航空機を使って戦う軍隊。,空軍,2,Air force,,,
くうこう,空港,飛行機が離着陸し、人や荷物を乗せ降ろしする場所。,空港,1,Airport,,,
くうどう,空洞,中が空になっている穴や場所。,空洞,2,Cavity,assets/shiritori/complete-1722.png,asset,アプリ作成図
くうはく,空白,何も書かれていない空いた部分。,空白,2,,assets/shiritori/complete-1723.png,asset,アプリ作成図
くうふく,空腹,おなかがすいて、食べ物がほしい状態。,空腹,1,,assets/shiritori/onakanosuku.png,asset,AI生成イラスト
くうらん,空欄,文字や数字を書くために空けてある部分。,空欄,1,,assets/shiritori/complete-1725.png,asset,アプリ作成図
くえすぱとら,クエスパトラ,きらびやかな羽を持つ、エスパータイプのダチョウポケモン。,クエスパトラ ポケモン,3,Espathra,,,
くえんさん,クエン酸,レモンや梅干しのすっぱさのもとになる成分。,クエン酸,2,Citric acid,,,
くおん,久遠,いつまでも終わらずに続くこと。,宇宙,3,,assets/shiritori/complete-1728.png,asset,AI生成イラスト
くき,茎,根から葉へ水などを運ぶ、植物の部分。,茎 植物,1,Plant stem,,,
くぎ,くぎ,物を打ちつけて、つなぎ留める金属の棒。,くぎ,1,Nail,,,
くぎ,釘,板などをつなぎ合わせるために打ち込む金属の棒。,釘,1,Nail,,,
くぎり,区切り,文章や仕事などの、ひと区切り。,区切り,2,,assets/shiritori/complete-1732.png,asset,AI生成イラスト
くげ,公家,昔の日本で、朝廷に仕えた貴族。,公家,2,Kuge,,,
くさ,草,地面に生える、茎のやわらかい植物。,草,1,Grass,,,
くさいはな,クサイハナ,強いにおいを放つ、くさ・どくタイプの花ポケモン。,クサイハナ,3,Gloom,,,
くさき,草木,草や木など、地面に生えている植物。,草木,1,Plant,,,
くさび,楔,すき間に打ち込み、物を固定したり割ったりする道具。,楔,2,Wedge,,,
くさむら,草むら,草がたくさん生えている場所。,草むら,1,Bush,,,
くさり,鎖,金属の輪をつないで作った、長い輪状のひも。,鎖,1,Chain,,,
くし,串,焼き鳥などを刺す、細い棒。,串,1,Skewer,,,
くじ,鬮,札や棒を引いて、当たりや順番を決める遊び。,くじ引き,1,Lottery,assets/shiritori/complete-1741.png,asset,AI生成イラスト
くじ,公事,昔の役所で行われた、おまつりや裁判などの公の仕事,裁判,3,,assets/shiritori/complete-1742.png,asset,AI生成イラスト
くじょうひかり,九条ひかり,九条ひかりが変身する、「ふたりはプリキュア Max Heart」の戦士。,九条ひかり アニメ,3,,,,
くじら,クジラ,海にすむ、大型の哺乳類。,クジラ,1,,,,
くじら,鯨,海にすむ哺乳類。,クジラ,1,Whale,,,
くすぃーがんだむ,Ξガンダム,アニメ「機動戦士ガンダム 閃光のハサウェイ」の用語。マフティーが運用する、ミノフスキークラフトを搭載した第五世代MS。,Ξガンダム,3,Xi Gundam,,,
くすね,クスネ,ずる賢い、あくタイプのキツネポケモン。,クスネ ポケモン,3,Nickit,,,
くすり,薬,病気を治したり、体の働きを助けたりするもの。,薬 物質,2,Medicine,,,
くすりゆび,薬指,薬指のとなりにある、小指。,薬指,1,Ring finger,,,
くず,葛,山野に生えるつる植物。根からくず粉を作る。,クズ 植物,2,Kudzu,,,
くずもち,葛餅,くず粉などを使って作る、ぷるぷるした和菓子。,葛餅,1,Kuzumochi,,,
くずもー,クズモー,腐った海藻に似た、どく・みずタイプのポケモン。,クズモー ポケモン,3,Skrelp,,,
くせ,癖,無意識に繰り返してしまう、決まった行動。,癖,1,,assets/shiritori/complete-1753.png,asset,AI生成イラスト
くたびれ,草臥れ,長く動いたあとなどに、体が疲れていること。,疲労,2,,assets/shiritori/complete-0229.png,asset,AI生成イラスト
くだ,くだ,中が空洞になった、細長い通り道。,管 道具,2,Tube,,,
くち,口,食べたり話したりするための、顔の部分。,口,1,,,,
くちぎき,口利き,人の間に入って、話し合いを助けること。,交渉,3,,assets/shiritori/complete-1757.png,asset,AI生成イラスト
くちぐせ,口癖,何かあるたびに、つい言ってしまう言葉。,口癖,1,,,,
くちばし,嘴,鳥の口にある、硬くとがった部分。,鳥のくちばし,1,Beak,,,
くちびる,唇,口のまわりをおおう、やわらかい部分。,唇,1,Lip,,,
くちふうじ,口封じ,人に秘密を話させないよう、黙らせること。,秘密,3,,assets/shiritori/complete-1761.png,asset,AI生成イラスト
くちべに,口紅,唇に色をつける化粧品。,口紅,1,Lipstick,,,
くちもと,口元,口の周りや、そのあたりの様子。,口元,1,,,,
くちやくそく,口約束,口で交わし、書面には残さない約束。,約束,2,,assets/shiritori/kuchiyakusoku.png,asset,AI生成イラスト
くちーと,クチート,後頭部に大きなあごを持つ、はがね・フェアリータイプのポケモン。,クチート ポケモン,3,Mawile,,,
くっしん,屈身,体の関節を曲げたり伸ばしたりする運動。,屈身 体操,2,Pike position (gymnastics),assets/shiritori/complete-1766.png,asset,AI生成イラスト
くつ,靴,足を守るため、外を歩くときに履くもの。,靴,1,Shoe,,,
くつした,靴下,足に履き、靴の中で使う衣類。,靴下,1,Sock,,,
くつばこ,靴箱,靴を入れておく箱や棚。,靴箱,1,,,,
くつべら,靴べら,靴を履くとき、かかとに当てる道具。,靴べら,1,Shoehorn,,,
くつろぎ,寛ぎ,心や体をゆったりさせて休むこと。,リラックス,2,,assets/shiritori/kutsurogi.png,asset,AI生成イラスト
くどう,駆動,エンジンなどの力で、機械を動かすこと。,歯車,2,Drive,assets/shiritori/complete-1772.png,asset,AI生成イラスト
くに,国,人々が集まり、決まりを作って暮らす領域。,日本地図,1,Country,,,
くにざかい,国境,国と国との間の境目。,国境,2,Border,,,
くぬぎ,クヌギ,カブトムシなどが集まる樹液を出す木。,クヌギ,1,Chinese Chestnut,,,
くぬぎだま,クヌギダマ,木の皮で体を覆う、むしタイプのポケモン。,クヌギダマ,3,Pineco,,,
くねくね,くねくね,まっすぐではなく、何度も曲がっている様子。,坂道,1,,assets/shiritori/complete-1777.png,asset,AI生成イラスト
くのいち,くのいち,女性の忍者を指す言葉。,忍者,2,Ninja,,,
くのう,苦悩,どうすればよいか分からず、深く悩み苦しむこと。,苦悩,2,,assets/shiritori/kunou.png,asset,AI生成イラスト
くび,首,頭と胴をつなぐ、体の部分。,首,1,Neck,,,
くふう,工夫,よい方法を見つけるために、いろいろと考えて試すこと。,ひらめき,1,,assets/shiritori/kufuu.png,asset,AI生成イラスト
くぶん,区分,基準に従って、いくつかのまとまりに分けること。,区分,2,,assets/shiritori/botan.png,asset,AI生成イラスト
くべつ,区別,二つの物の違いを見分けること。,区別,2,,assets/shiritori/botan.png,asset,AI生成イラスト
くま,クマ,体が大きく、力の強い哺乳類。,クマ,1,,,,
くま,熊,体が大きく、力の強い哺乳類。,クマ,1,Bear,,,
くましゅん,クマシュン,鼻水が凍る、こおりタイプのクマポケモン。,クマシュン ポケモン,3,Cubchoo,,,
くまのちょう,熊野町,ふでづくりがゆうめいなまち。,熊野町,1,Kumano-cho,,,
くまのみ,クマノミ,オレンジ色と白のしま模様を持つ、海の魚。,クマノミ,1,Amphiprioninae,,,
くまばち,クマバチ,黒くて大きな体をしたハチの仲間。,クマバチ,2,Carpenter bee,,,
くまもと,熊本県,阿蘇山がある、日本の県。,熊本県,1,Kumamoto,,,
くみ,組,学校のクラスや、同じ目的を持つ人の集まり。,教室,1,,assets/shiritori/ss-class.png,asset,AI生成イラスト
くみあい,組合,同じ仕事をする人たちが、助け合うための組織。,会議,2,,assets/shiritori/ss-union.png,asset,AI生成イラスト
くみたて,組み立て,部品を組み合わせて、一つの形にすること。,プラモデル,1,Assembly,assets/shiritori/complete-1793.png,asset,AI生成イラスト
くみひも,組み紐,細い糸を組み合わせて作るひも。,組み紐,2,Kumihimo,,,
くみん,区民,区に住んでいる人。,住民,2,,,,
くめい,区名,区につけられた名前。,看板,2,,,,
くも,雲,空に浮かぶ、水滴や氷の粒の集まり。,雲,1,Cloud,,,
くも,クモ,8本の足を持つ、糸を出す生き物。,クモ,1,,,,
くも,蜘蛛,8本の足を持ち、糸を出して網を作る生き物。,クモ,1,Spider,,,
くものす,蜘蛛の巣,クモが虫を捕まえるために作る、糸の網。,蜘蛛の巣,1,Spiderweb,,,
くもり,曇り,雲が空をおおい、日差しが少ない天気。,曇り空,1,Cloudy sky,,,
くもん,苦悶,体や心がひどく痛み、苦しむこと。,苦悩,3,,assets/shiritori/kurushimi.png,asset,AI生成イラスト
くやみ,悔やみ,亡くなった人を悼み、遺族に伝える言葉。,葬儀,3,,assets/shiritori/complete-1803.png,asset,AI生成イラスト
くよう,供養,亡くなった人のために、供養を行うこと。,お墓参り,2,,assets/shiritori/complete-1804.png,asset,AI生成イラスト
くよう,九曜,昔の星占いで使われた、九つの特別な星のあつまり,紋章,3,,,,
くら,蔵,荷物や米などをしまう、頑丈な建物。,蔵,1,Storehouse,,,
くら,鞍,馬の背にのせ、人が座るための道具。,鞍,2,Saddle,,,
くらい,位,人や物の地位や順位。,王冠,2,Rank,assets/shiritori/complete-1808.png,asset,AI生成イラスト
くらい,暗い,光が少なく、周りがよく見えない様子。,暗い部屋,1,Dark,assets/shiritori/complete-1809.png,asset,AI生成イラスト
くらうど,クラウド,インターネット上のサーバーにデータなどを置く仕組み。,クラウドコンピューティング,2,Cloud computing,assets/shiritori/complete-1810.png,asset,AI生成イラスト
くらげ,クラゲ,海にすむ、ゼラチン質の体を持つ生き物。,クラゲ,1,,,,
くらげ,水母,海にすむ、ゼラチン質の体を持つ生き物。,クラゲ,1,Jellyfish,,,
くらす,クラス,同じ学年などの子どもが一緒に学ぶ集まり。,教室,1,Classroom,,,
くらすたー,クラスター,似た特徴を持つ物が集まったまとまり。,集団,3,Cluster,assets/shiritori/complete-1814.png,asset,アプリ作成図
くらっち,クラッチ,エンジンの動力を車輪に伝えたり切ったりする部品。,クラッチ,3,Clutch,,,
くらぶ,クラブ,共通の趣味などを持つ人の集まり。また、音楽を流す店。,部活動,1,Club,,,
くらま,鞍馬,京都にある、天狗の伝説で有名な自然豊かな山,鞍馬寺,2,Kurama,,,
くらめんと,クラメント,中世のヨーロッパで誓いをたてるときに使われた言葉,契約,3,,,,
くらりねっと,クラリネット,木管楽器の一つ。キーを押し、息を吹き込んで音を出す。,クラリネット,1,Clarinet,,,
くらんく,クランク,まっすぐな動きを回転運動に変える機械部品。,クランク 機械,3,Crank,,,
くり,栗,秋に実る、いがに包まれた木の実。,クリの実,1,Chestnut,,,
くりすたる,クリスタル,原子が規則正しく並んだ固体。,水晶,2,Crystal,,,
くりすます,クリスマス,キリストの誕生を祝う、12月25日の行事。,クリスマスツリー,1,Christmas,,,
くりっぷ,クリップ,紙などを挟んで留める金属の道具。,ゼムクリップ,1,Paperclip,,,
くりてぃかる,クリティカル,非常に重要なこと。また、深刻なこと。,危機,3,Critical,assets/shiritori/complete-0370.png,asset,AI生成イラスト
くりにっく,クリニック,医師が診察や治療を行う医療施設。,診療所,2,Clinic,,,
くりむがん,クリムガン,洞窟にすむ、ドラゴンタイプのポケモン。,クリムガン ポケモン,3,Druddigon,,,
くりーにんぐ,クリーニング,専用の方法で、衣類などの汚れを落とすこと。,クリーニング店,1,Dry cleaning,assets/shiritori/complete-1828.png,asset,AI生成イラスト
くりーむ,クリーム,牛乳から分けた、脂肪分の多い食品。,生クリーム,1,Cream,,,
くるくる,回転,物が何度も回る様子。,風車,1,,assets/shiritori/complete-0761.png,asset,アプリ作成図
くるしみ,苦しみ,体や心がつらく、耐えがたいこと。,苦悩,2,,assets/shiritori/kurushimi.png,asset,AI生成イラスト
くるぶし,踝,足首の内側や外側にある、丸く出た骨。,足首,1,Ankle,,,
くるま,車,人や荷物を運ぶ、車輪のついた乗り物。,自動車,1,Car,,,
くるまいす,車椅子,座ったまま移動するための、車輪がついた椅子。,車椅子,1,Wheelchair,,,
くるまゆ,クルマユ,葉っぱをつなぎ合わせた布団で眠る、むしタイプのポケモン。,クルマユ ポケモン,3,Swadloon,,,
くるみ,胡桃,硬い殻に包まれた木の実。,クルミの実,1,Walnut,,,
くるみえりか,来海えりか,来海えりかが変身する、「ハートキャッチプリキュア！」のプリキュア。,来海えりか アニメ,3,,,,
くるみる,クルミル,葉っぱで体を包む、むしタイプのポケモン。,クルミル ポケモン,3,Sewaddle,,,
くるわ,曲輪,城の中をいくつかに分けた区画。,城郭,3,Kuruwa,,,
くれし,呉市,広島県にある、海に面した市。,呉市,1,Kure,,,
くれじっと,クレジット,後払いを認める、信用に基づいた支払いの仕組み。,クレジットカード,2,Credit card,assets/shiritori/complete-1841.png,asset,AI生成イラスト
くれせりあ,クレセリア,三日月の化身とされる、エスパータイプのポケモン。,クレセリア ポケモン,3,Cresselia,,,
くれっふぃ,クレッフィ,鍵束のような姿をした、はがね・フェアリータイプのポケモン。,クレッフィ ポケモン,3,Klefki,,,
くれない,紅,鮮やかで深みのある赤色。,紅花,2,Crimson,,,
くれべーす,クレベース,氷山のような姿をした、こおりタイプのポケモン。,クレベース ポケモン,3,Avalugg,,,
くれよん,クレヨン,色のついたろうでできた、絵を描く道具。,クレヨン,1,Crayon,,,
くれー,クレー,テニスコートや陶器などに使う、細かな土。,粘土,2,Clay,,,
くれーぷ,クレープ,薄く焼いた生地で果物やクリームを包んだお菓子。,クレープ,1,Crêpe,,,
くれーん,クレーン,重い物をつり上げて運ぶ機械。,クレーン車,1,Crane,,,
くろ,黒,光をほとんど反射しない、最も暗い色。,黒色,1,Black,,,
くろあちあ,クロアチア,アドリア海に面した美しい海岸線や、「アドリア海の真珠」と呼ばれるドゥブロヴニクがある国,クロアチア 国旗,3,Croatia,,,
くろいさんれんせい,黒い三連星,アニメ「機動戦士ガンダム」の用語。ガイア、オルテガ、マッシュの3人で構成されたジオン公国軍の精鋭突撃小隊。,黒い三連星,3,Black Tri-Stars,,,
くろかみ,黒髪,黒い色をした髪の毛。,黒髪,1,Black hair,,,
くろかわえれん,黒川エレン,黒川エレンが変身する、「スイートプリキュア♪」のプリキュア。,黒川エレン アニメ,3,,,,
くろこ,黒衣,歌舞伎の舞台で、黒い服を着て役者を助ける人。,黒衣,2,Kuroko,,,
くろごま,黒胡麻,黒い色をした、ゴマの種。,黒ゴマ,1,Black sesame,,,
くろさび,黒錆,鉄の表面につく、鉄がぼろぼろになるのを防ぐ黒いサビ,鉄さび,3,Black oxide,,,
くろざとう,黒砂糖,さとうきびの汁を煮詰めて作る、茶色い砂糖。,黒砂糖,1,Muscovado,,,
くろすぼーんがんだむ,クロスボーン・ガンダム,アニメ「機動戦士クロスボーン・ガンダム」などの用語。木星の高重力圏に対応するため、背部にX字のスラスターを持つMS。,クロスボーン・ガンダム,3,Crossbone Gundam,,,
くろすぼーんばんがーど,クロスボーン・バンガード,アニメ「機動戦士ガンダムF91」の用語。コスモ・貴族主義を掲げ、フロンティア・サイドを急襲した私設軍隊。,クロスボーン・バンガード,3,Crossbone Vanguard,,,
くろだい,黒鯛,海にすむ、黒っぽくて平たい魚。,クロダイ,2,Black seabream,,,
くろだきよたか,黒田清隆,第2代内閣総理大臣。,黒田清隆 肖像,3,KurodaKiyotaka,,,
くろながあり,クロナガアリ,種を集める習性がある、黒くて細長いアリ。,クロナガアリ,2,,,,
くろばっと,クロバット,素早く飛ぶ、どく・ひこうタイプのコウモリポケモン。,クロバット,3,Crobat,,,
くろまつ,黒松,海岸近くに多く生える、黒っぽい樹皮の松。,クロマツ,2,Japanese black pine,,,
くろまめ,黒豆,黒い皮を持つ大豆。,黒豆,1,Black soybean,,,
くろみつ,黒蜜,黒砂糖などから作る、黒い甘い蜜。,黒蜜,1,,,,
くろもじ,黒文字,よい香りがする、つまようじの材料にもなる木。,クロモジ,3,Lindera umbellata,,,
くろれきし,黒歴史,アニメ「∀ガンダム」の用語。過去に繰り返された宇宙戦争の歴史であり、すべてが∀によって滅び去ったとされる封印された過去。,黒歴史,3,,,,
くろんぼう,黒ん坊,肌の色を理由に人を指す、差別的で古い言葉。現在は使わない。,日焼け,2,,,,
くろーばー,クローバー,三つ葉や四つ葉を持つ、小さな草。,クローバー,1,Clover,,,
くろーむ,クローム,さびにくいメッキや、パソコンのソフトに使われる言葉のなまえ,クロム 金属,3,Chromium,,,
くわ,鍬,畑の土を掘り返すための農具。,鍬,1,Hoe,,,
くわ,桑,カイコのえさになる葉をつける木。,クワ 植物,2,Mulberry,,,
くわがた,クワガタ,大きなあごを持つ、甲虫の仲間。,クワガタムシ,1,,,,
くわがたむし,クワガタムシ,頭に大きなあごを持つ、甲虫の仲間。,クワガタムシ,1,Stag beetle,,,
くわがのん,クワガノン,電撃を放つ、むし・でんきタイプのポケモン。,クワガノン ポケモン,3,Vikavolt,,,
くわっす,クワッス,水の泡のような髪を持つ、みずタイプのポケモン。,クワッス ポケモン,3,Quaxly,,,
くんしょう,勲章,功績などをたたえて授ける、胸につける飾り。,勲章,2,Medal,,,
くんせい,燻製,肉や魚などを煙でいぶして作る食品。,燻製,2,Smoked food,,,
くんれん,訓練,必要な動きができるよう、繰り返し練習すること。,避難訓練,1,Training,assets/shiritori/konki.png,asset,AI生成イラスト
ぐふ,グフ,白兵戦能力を大幅に強化したジオン軍の地上用試作量産機。,グフ,3,Gouf,,,
ぐみ,グミ,ゼラチンなどで作る、弾力のあるお菓子。,グミ お菓子,1,,,,
ぐみのき,グミの木,赤い実をつける、グミの木。,グミ 植物,1,,,,
ぐらいおん,グライオン,空を滑空する、じめん・ひこうタイプのポケモン。,グライオン ポケモン,3,Gliscor,,,
ぐらいがー,グライガー,空を滑空する、じめん・ひこうタイプのポケモン。,グライガー,3,Gligar,,,
ぐらえな,グラエナ,群れで行動する、あくタイプのハイエナポケモン。,グラエナ ポケモン,3,Mightyena,,,
ぐらす,グラス,水やジュースを飲むための、ガラスのコップ。,グラス コップ,1,,,,
ぐらむ,g,重さを表す単位。1000グラムは1キログラム。,重さ 単位,2,Gram,,,
ぐらむ,グラム,重さを表す単位。記号はg。,天秤,1,Gram,,,
ぐらんぶる,グランブル,こわそうな顔をした、フェアリータイプのポケモン。,グランブル,3,Granbull,,,
ぐりとぐら,ぐりとぐら,絵本に登場する、野ねずみの双子。,ぐりとぐら,1,,,,
ぐるたみんさんなとりうむ,グルタミン酸ナトリウム,うま味を加える食品添加物。,グルタミン酸ナトリウム,3,MSG,,,
ぐるとん,グルトン,鼻でにおいをかぐ、ノーマルタイプのブタポケモン。,グルトン ポケモン,3,Lechonk,,,
ぐるーぷ,グループ,共通の目的などを持つ人の集まり。,グループ,1,,,,
ぐれいしあ,グレイシア,こおりの体を持つ、イーブイの進化形ポケモン。,グレイシア ポケモン,3,Glaceon,,,
ぐれっぐる,グレッグル,毒を持つ、どく・かくとうタイプのカエルポケモン。,グレッグル ポケモン,3,Croagunk,,,
ぐれなだ,グレナダ,カリブ海に浮かぶ島国で、香辛料のナツメグがたくさん採れることから「スパイスの島」と呼ばれる国,グレナダ 国旗,3,Grenada,,,
ぐれんあるま,グレンアルマ,炎のよろいをまとった、ほのお・エスパータイプのポケモン。,グレンアルマ ポケモン,3,Armarouge,,,
ぐんかん,軍艦,大きな砲を備えた、軍用の船。,軍艦,1,,,,
ぐんて,軍手,軍手は作業のときに手を保護するための手袋。,軍手,1,,,,
ぐんま,群馬県,群馬県は関東地方の北西部にある県。,群馬県,1,Gunma,,,
け,毛,毛は人や動物の皮膚から生える細い糸状のもの。,毛 髪の毛,1,Hair,,,
けいあい,敬愛,敬愛は人を尊敬し親しみを持つこと。,敬愛,2,,assets/shiritori/aw-keiai.png,asset,AI生成イラスト
けいえい,経営,経営は会社や店などを運営し続けること。,経営,2,Management,assets/shiritori/complete-1905.png,asset,AI生成イラスト
けいかく,計画,計画は物事を実行する前に決める手順や予定。,計画,1,Plan,assets/shiritori/aw-kentou.png,asset,AI生成イラスト
けいかん,警官,警官は警察に所属して人々の安全を守る仕事をする人。,警察官,1,Police officer,,,
けいき,景気,景気は国や地域で品物やサービスがどれだけ売買されるかを表す経済の状態。,景気,2,Economy,assets/shiritori/complete-1908.png,asset,AI生成イラスト
けいき,計器,計器は温度や速さなどを測って示す道具。,計器,3,Gauge,,,
けいけん,経験,経験は実際に見たり行ったりして得た知識や技能。,経験,1,Experience,assets/shiritori/complete-1910.png,asset,AI生成イラスト
けいこ,稽古,稽古は芸事やスポーツの技を習って練習すること。,稽古,1,Practice,assets/shiritori/complete-1910.png,asset,AI生成イラスト
けいこう,傾向,傾向は物事がある方向へ進みやすい様子。,傾向,2,Trend,assets/shiritori/complete-1912.png,asset,AI生成イラスト
けいこうお,ケイコウオ,ケイコウオは「ポケットモンスター」シリーズに登場する水タイプのポケモン。,ケイコウオ ポケモン,3,Finneon,,,
けいご,敬語,敬語は相手への敬意を表すために使う言葉づかい。,敬語,1,Honorifics,assets/shiritori/sonkei.png,asset,AI生成イラスト
けいさつ,警察,警察は犯罪の捜査や交通の取り締まりなどを行い人々の安全を守る組織。,警察,1,Police,,,
けいさん,計算,計算は数や式を使って答えを求めること。,計算,1,Calculation,assets/shiritori/complete-1916.png,asset,AI生成イラスト
けいしき,形式,形式は物事の決まった形ややり方。,形式,2,Form,assets/shiritori/complete-1917.png,asset,AI生成イラスト
けいしゃ,傾斜,傾斜は地面や面が水平から傾いている度合い。,傾斜,2,Slope,assets/shiritori/complete-1113.png,asset,AI生成イラスト
けいじ,掲示,掲示は知らせたいことを人目につく場所に出して示すこと。,掲示板,1,Noticeboard,assets/shiritori/complete-1919.png,asset,AI生成イラスト
けいじ,刑事,刑事は犯罪の捜査を担当する警察官。,刑事 警察,2,Detective,,,
けいじょう,形状,形状は物の外側から見た形。,形状,2,Shape,assets/shiritori/complete-1921.png,asset,アプリ作成図
けいすう,計数,計数は数を数えること。また数えた数量。,計数,2,Counting,assets/shiritori/complete-1922.png,asset,アプリ作成図
けいせい,形成,形成は物事が組み合わさって形や状態を作ること。,形成,2,,assets/shiritori/complete-1923.png,asset,AI生成イラスト
けいぞく,継続,継続は物事を途中でやめず続けること。,継続,2,Continuation,assets/shiritori/tsuzukeru.png,asset,AI生成イラスト
けいたい,携帯,携帯は身につけたり持ち運んだりすること。携帯電話を指すこともある。,携帯電話,1,Mobile phone,assets/shiritori/complete-1925.png,asset,AI生成イラスト
けいちょう,傾聴,傾聴は相手の話に注意を向けてよく聞くこと。,傾聴,2,Listening,assets/shiritori/keichou.png,asset,AI生成イラスト
けいてき,警笛,警笛は危険などを知らせるために鳴らす笛や警報音。,警笛,2,Horn,,,
けいと,毛糸,毛糸は羊などの毛を糸にした編み物用の糸。,毛糸,1,Yarn,,,
けいば,競馬,競馬は馬と騎手が走る競走。またその順位を予想して賭ける競技。,競馬,2,Horse racing,,,
けいび,警備,警備は人や施設を見守り危険を防ぐこと。,警備員,1,Security guard,assets/shiritori/complete-1930.png,asset,AI生成イラスト
けいふく,敬服,敬服は相手の優れた点に感心して尊敬すること。,敬服,3,,assets/shiritori/aw-keifuku.png,asset,AI生成イラスト
けいべつ,軽蔑,軽蔑は相手を見下して価値の低いものとして扱うこと。,軽蔑,3,,assets/shiritori/complete-1932.png,asset,AI生成イラスト
けいゆ,軽油,軽油は主にディーゼルエンジンの燃料に使われる石油製品。,軽油 燃料,2,Diesel fuel,,,
けいり,経理,経理は会社などのお金の出入りを記録し管理する仕事。,経理,2,Accounting,assets/shiritori/complete-1934.png,asset,AI生成イラスト
けいりゃく,計略,計略は目的を達するために考えた策略。,計略,2,Strategy,assets/shiritori/takuramu.png,asset,AI生成イラスト
けいりゅう,渓流,渓流は山あいを流れる川。,渓流,2,Mountain stream,,,
けいりょう,軽量,軽量は重さが軽いこと。,軽量,1,Lightweight,assets/shiritori/complete-1937.png,asset,AI生成イラスト
けいりょうすぷーん,計量スプーン,計量スプーンは料理などで決まった量を測るためのスプーン。,計量スプーン,2,Measuring spoon,,,
けいろ,経路,経路は目的地までの道筋。また物事が進む道すじ。,経路,2,Route,,,
けが,怪我,怪我は体に傷を負ったり痛めたりすること。,怪我,1,Injury,assets/shiritori/kurushimi.png,asset,AI生成イラスト
けがい,化外,化外は古い言葉で、国の政治や教えが及ばない土地を指す。,化外,3,,,,
けがわ,毛皮,毛皮は動物の毛がついたままの皮。またそれを使った衣服など。,毛皮,1,Fur,,,
けぎらい,毛嫌い,毛嫌いははっきりした理由もなく人や物を嫌うこと。,毛嫌い,2,,assets/shiritori/kirai.png,asset,AI生成イラスト
けけんかに,ケケンカニ,ケケンカニは「ポケットモンスター」シリーズに登場するこおり・かくとうタイプのポケモン。,ケケンカニ ポケモン,3,Crabominable,,,
けし,芥子,芥子は赤や紫の花を咲かせる植物で種はあんパンなどに使われる。,ケシ 花,2,Poppy,,,
けしき,景色,景色は山や海や町など目に映る周りの様子。,景色,1,Scenery,,,
けしごむ,消しゴム,消しゴムは鉛筆で書いた文字などをこすって消す文房具。,消しゴム,1,Eraser,,,
けしょう,化粧,化粧は顔などに化粧品を使って見た目を整えること。,化粧,1,Makeupp,assets/shiritori/complete-1948.png,asset,AI生成イラスト
けす,消す,消すは火や明かりをなくすこと。また書いた文字などを取り除くこと。,消す,1,,assets/shiritori/complete-1949.png,asset,AI生成イラスト
けせらせら,ケセラセラ,ケセラセラは「なるようになるさ」という意味で使われる言葉。,ケセラセラ,2,,assets/shiritori/aw-noutenki.png,asset,AI生成イラスト
けた,桁,桁は数の位。また建物を支える横木。,桁,2,Digit,,,
けたたましい,けたたましい,けたたましいは耳につくほど大きく鋭い音が鳴る様子。,けたたましい,2,,assets/shiritori/complete-1952.png,asset,AI生成イラスト
けち,ケチ,ケチはお金や物を出し惜しみする様子。,ケチ,1,Miser,assets/shiritori/aw-kechi.png,asset,AI生成イラスト
けちゃっぷ,ケチャップ,ケチャップはトマトなどを煮て作る調味料。,ケチャップ,1,Ketchup,,,
けちらす,蹴散らす,蹴散らすは人や物を勢いよく追い払うこと。,蹴散らす,2,,assets/shiritori/complete-1955.png,asset,AI生成イラスト
けっか,結果,結果は物事を行ったあとに生じた成り行きや結末。,結果,1,Result,assets/shiritori/complete-1956.png,asset,AI生成イラスト
けっかん,血管,血管は血液が体の中を流れる管。,血管,2,Blood vessel,,,
けっかん,欠陥,欠陥は物や仕組みに備わっていない部分や問題点。,欠陥,3,Defect,assets/shiritori/complete-1958.png,asset,AI生成イラスト
けっきょく,結局,結局はいろいろあった末に最後にたどり着いた状態を表す言葉。,結局,1,,assets/shiritori/complete-1959.png,asset,AI生成イラスト
けっきんぐ,ケッキング,ケッキングは「ポケットモンスター」シリーズに登場するものぐさポケモン。,ケッキング ポケモン,3,Slaking,,,
けっく,結句,結句は詩や歌の最後の句。,結句,3,,,,
けっこう,結構,結構は十分である様子を表す言葉。また申し出を断るときにも使う。,結構,1,,assets/shiritori/complete-1962.png,asset,AI生成イラスト
けっさく,傑作,傑作は特に優れた作品。,傑作,2,Masterpiece,,,
けっさん,決算,決算は会社や団体が一定期間の収入と支出をまとめること。,決算,3,Accounting,assets/shiritori/complete-1964.png,asset,AI生成イラスト
けっし,決死,決死は命を失う危険を承知で物事に立ち向かうこと。,決死,2,,assets/shiritori/complete-1965.png,asset,AI生成イラスト
けっして,決して,決しては後ろに打ち消しの言葉を伴い「絶対にそうしない」という意味を表す言葉。,決して,1,,assets/shiritori/complete-1966.png,asset,AI生成イラスト
けっしょう,結晶,結晶は原子や分子が規則正しく並んでできた固体。,結晶,2,Crystal,,,
けっしょう,決勝,決勝は大会などで優勝者を決める最後の試合。,決勝,1,Finals,assets/shiritori/complete-1968.png,asset,AI生成イラスト
けっせき,欠席,欠席は学校や集まりに出ないこと。,欠席,1,Absence,assets/shiritori/complete-1969.png,asset,AI生成イラスト
けっせん,決戦,決戦は勝敗を決めるための大きな戦い。,決戦,2,,assets/shiritori/complete-1970.png,asset,AI生成イラスト
けっそく,結束,結束は人々が心を合わせてまとまり協力すること。,結束,2,Unity,assets/shiritori/kessoku.png,asset,AI生成イラスト
けったい,けったい,けったいは関西地方の方言で、変わっていて不思議な様子。,けったい,2,,assets/shiritori/complete-1972.png,asset,AI生成イラスト
けっちゃく,決着,決着は争いや勝負などの結論が出て終わること。,決着,2,Settlement,assets/shiritori/complete-1973.png,asset,AI生成イラスト
けっとう,決闘,決闘は二人が一対一で勝負をすること。,決闘,2,Duel,assets/shiritori/complete-1974.png,asset,AI生成イラスト
けつい,決意,決意は物事をやり遂げようと心に決めること。,決意,2,Determination,assets/shiritori/ketsui.png,asset,AI生成イラスト
けつばく,結縛,結縛は仏教で煩悩に心身を縛られて自由になれない状態を指す言葉。,結縛,3,,assets/shiritori/complete-1976.png,asset,AI生成イラスト
けつべつ,決別,決別は人や物事ときっぱり別れること。,決別,3,,assets/shiritori/ss-farewell.png,asset,AI生成イラスト
けつぼう,欠乏,欠乏は必要なものが足りないこと。,欠乏,2,Scarcity,assets/shiritori/complete-1978.png,asset,AI生成イラスト
けつみゃく,血脈,血脈は親から子へとつながる血のつながり。またその系統。,血脈,3,,assets/shiritori/complete-1979.png,asset,AI生成イラスト
けつめい,血盟,血盟は血のつながりを誓いに用いて固く結ぶ約束。,血盟,3,,assets/shiritori/complete-1980.png,asset,AI生成イラスト
けつろん,結論,結論はいろいろ考えた末にたどり着いた最終的な答え。,結論,2,Conclusion,assets/shiritori/complete-1981.png,asset,AI生成イラスト
けづくろい,毛繕い,毛繕いは動物が自分の毛をなめたり整えたりして手入れすること。,毛繕い,1,Grooming,assets/shiritori/complete-1982.png,asset,AI生成イラスト
けづめ,蹴爪,蹴爪はニワトリなどの足の後ろ側にある硬く尖った突起。,蹴爪,3,Spur,,,
けづや,毛艶,毛艶は毛並みに見られるつや。,毛艶,2,,,,
けとばす,蹴飛ばす,蹴飛ばすは足で物を強く蹴ること。,蹴飛ばす,1,,assets/shiritori/pv-kick.png,asset,AI生成イラスト
けとぷす,ケトプス,氷の鯨ポケモン,ケトプス ポケモン,3,Cetoddle,,,
けとらー,ケトラー,ケトラーは日清焼そばU.F.O.のプロモーションに登場するキャラクター。,ケトラー ポケモン,3,Cetitan,,,
けなげ,健気,健気は困難な中でもいじらしく一生懸命にがんばる様子。,健気,2,,assets/shiritori/kenage.png,asset,AI生成イラスト
けなす,貶す,貶すは人や物事を悪く言って価値を低く扱うこと。,貶す,3,,assets/shiritori/complete-1932.png,asset,AI生成イラスト
けなみ,毛並み,毛並みは動物の毛の生え方やそろい方。,毛並み,1,Fur,assets/shiritori/complete-1990.png,asset,AI生成イラスト
けにあ,ケニア,ケニアはアフリカ東部にある国。,ケニア 国旗,2,Kenya,,,
けみかる,ケミカル,ケミカルは化学に関係することや化学薬品を表す言葉。,化学,3,Chemical,,,
けむし,毛虫,毛虫はチョウやガの幼虫のうち体に毛が生えているもの。,毛虫,1,Caterpillar,,,
けむたい,煙たい,煙たいは煙が目や喉に不快に感じられる様子。また人付き合いで気まずく感じる様子。,煙たい,2,,assets/shiritori/complete-1994.png,asset,AI生成イラスト
けむっそ,ケムッソ,ケムッソは「ポケットモンスター」シリーズに登場するいもむしポケモン。,ケムッソ ポケモン,3,Wurmple,,,
けむり,煙,煙は燃えている物などから出て空中に広がる粒子や気体。,煙,1,Smoke,,,
けむり,けむり,けむりは物が燃えるときなどに出て空中に広がるもの。,煙 現象,2,Smoke,,,
けむる,煙る,煙るは煙や霧などが立ち込めて周りがかすんで見えること。,煙る,2,,assets/shiritori/complete-1998.png,asset,AI生成イラスト
けもの,獣,獣は人以外の哺乳類を指す言葉。,獣,1,Beast,,,
けものみち,獣道,獣道は野生動物が通るうちにできた細い道。,獣道,2,Animal track,,,
けやき,欅,欅は日本各地に自生し街路樹などにも使われる落葉広葉樹。,ケヤキ,1,Zelkova,,,
けらい,家来,家来は主君や主人に仕える人。,家来,1,Retainer,,,
けららっぱ,ケララッパ,ケララッパは「ポケットモンスター」シリーズに登場するくちばしポケモン。,ケララッパ ポケモン,3,Trumbeak,,,
けり,蹴り,蹴りは足で相手や物を蹴ること。,キック,1,Kick,assets/shiritori/pv-kick.png,asset,AI生成イラスト
ける,蹴る,蹴るは足を物などに強く当てること。,蹴る,1,Kick,assets/shiritori/pv-kick.png,asset,AI生成イラスト
けるでぃお,ケルディオ,ケルディオは「ポケットモンスター」シリーズに登場するみず・かくとうタイプのポケモン。,ケルディオ ポケモン,3,Keldeo,,,
けれん,外連,外連は演劇などで観客を驚かせるために使う派手な演出や仕掛け。,外連,3,,assets/shiritori/complete-2007.png,asset,AI生成イラスト
けろけろけろっぴ,けろけろけろっぴ,けろけろけろっぴはサンリオのカエルの男の子のキャラクター。,けろけろけろっぴ,1,Frog,,,
けろまつ,ケロマツ,ケロマツは「ポケットモンスター」シリーズに登場するあわがえるポケモン。,ケロマツ ポケモン,3,Froakie,,,
けろり,けろり,けろりは大きな出来事のあとでも何事もなかったように平気な様子。,けろり,2,,assets/shiritori/complete-2010.png,asset,AI生成イラスト
けん,剣,剣は刃をつけて戦いに使う長い武器。,剣,1,Sword,,,
けん,県,県は日本の地方行政の単位の一つで日本には43の県がある。,日本 地図,1,Prefecture,,,
けんあく,険悪,険悪は人どうしの仲や雰囲気が悪く争いになりそうな様子。,険悪,2,,assets/shiritori/kenka.png,asset,AI生成イラスト
けんあん,懸案,懸案は前から問題になっていてまだ解決していない事柄。,懸案,3,,assets/shiritori/komaru.png,asset,AI生成イラスト
けんい,権威,権威は人々から認められ尊敬されるその分野の力や地位。,権威,2,Authority,assets/shiritori/complete-2015.png,asset,AI生成イラスト
けんえつ,検閲,検閲は国や組織が出版物や映像などの内容を調べて公開を制限すること。,検閲,3,Censorship,assets/shiritori/complete-2016.png,asset,AI生成イラスト
けんお,嫌悪,嫌悪は強く嫌だと思う気持ち。,嫌悪,2,Disgust,assets/shiritori/keno.png,asset,AI生成イラスト
けんおんき,検温器,検温器は体温を測る道具。,体温計,1,Thermometer,,,
けんか,喧嘩,喧嘩は人どうしが言い争ったり争ったりすること。,喧嘩,1,Quarrel,assets/shiritori/kenka.png,asset,AI生成イラスト
けんがく,見学,見学は現地へ行って実際の様子を見て学ぶこと。,見学,1,Field trip,assets/shiritori/kenbutsu.png,asset,AI生成イラスト
けんき,嫌気,嫌気は酸素がない状態を指す言葉。生物学では酸素を必要としない性質を表す。,細菌,3,,assets/shiritori/complete-2021.png,asset,AI生成イラスト
けんきゅう,研究,研究は一つの事柄を詳しく調べて確かめること。,研究,2,Research,assets/shiritori/kansatsu.png,asset,AI生成イラスト
けんきょ,謙虚,謙虚は自分を偉いと思い上がらず人の意見を素直に聞く様子。,謙虚,2,Modest,assets/shiritori/aw-kenkyo.png,asset,AI生成イラスト
けんけつ,献血,献血は輸血などに使う血液を必要とする人のために血液を提供すること。,献血,2,Blood donation,assets/shiritori/complete-2024.png,asset,AI生成イラスト
けんげん,権限,権限は役職や立場に基づいて判断したり決めたりできる範囲。,権限,3,Authority,assets/shiritori/complete-2025.png,asset,AI生成イラスト
けんこう,健康,健康は体や心の調子がよい状態。,健康,1,Health,assets/shiritori/kenkou.png,asset,AI生成イラスト
けんこうしょく,健康食,健康食は健康を保つことを考えて選ぶ食べ物。,健康食,1,,,,
けんさく,検索,検索は必要な情報や項目を探し出すこと。,検索,1,Search,assets/shiritori/complete-2028.png,asset,AI生成イラスト
けんざきまこと,剣崎真琴,剣崎真琴はアニメ「ドキドキ！プリキュア」に登場するアイドルでキュアソードに変身する人物。,剣崎真琴 アニメ,3,,,,
けんざん,見参,見参は目上の人のもとへ参上して対面することをいう古い言葉。,見参,3,,assets/shiritori/complete-2030.png,asset,AI生成イラスト
けんし,犬歯,犬歯は前歯のとなりにある先の尖った歯。,犬歯,2,Canine tooth,,,
けんしゅつ,検出,検出は調べて物質や状態の存在を見つけること。,検出,3,Detection,assets/shiritori/complete-2032.png,asset,AI生成イラスト
けんしょう,検証,検証は本当かどうかを調べて確かめること。,検証,2,Verification,assets/shiritori/kansatsu.png,asset,AI生成イラスト
けんしょう,懸賞,懸賞は応募した人の中から当たった人に賞品などを贈る企画。,懸賞,2,Prize,assets/shiritori/complete-2034.png,asset,AI生成イラスト
けんじゃ,賢者,賢者は知恵や優れた判断力を持つ人。,賢者,2,Sage,,,
けんじょうあきら,剣城あきら,剣城あきらはアニメ「キラキラ☆プリキュアアラモード」に登場する高校2年生でキュアショコラに変身する人物。,剣城あきら アニメ,3,,,,
けんすう,件数,件数は出来事や項目の数。,件数,2,Number of cases,assets/shiritori/complete-2037.png,asset,AI生成イラスト
けんせい,牽制,牽制は相手の動きを抑えて自由に動きにくくすること。,牽制,2,,assets/shiritori/complete-2038.png,asset,AI生成イラスト
けんせつ,建設,建設は建物や道路などを新しく造ること。,建設,2,Construction,assets/shiritori/complete-2039.png,asset,AI生成イラスト
けんぜん,健全,健全は心や体または仕組みが安定していて問題のない様子。,健全,2,Wholesome,assets/shiritori/kenkou.png,asset,AI生成イラスト
けんそん,謙遜,謙遜は自分の力や成果を控えめに言うこと。,謙遜,2,,assets/shiritori/aw-kenkyo.png,asset,AI生成イラスト
けんたろす,ケンタロス,ケンタロスは「ポケットモンスター」シリーズに登場するノーマルタイプのポケモン。,ケンタロス,3,Tauros,,,
けんちかん,検知管,検知管は管の中の薬剤の色の変化で気体の種類や濃度を調べる器具。,気体検知管,2,Gas detector tube,,,
けんちく,建築,建築は建物を計画し設計して建てること。またその技術。,建築,2,Architecture,assets/shiritori/complete-2044.png,asset,AI生成イラスト
けんてい,検定,検定は試験などで知識や技術の水準を確かめること。,検定,2,Test,assets/shiritori/complete-2045.png,asset,AI生成イラスト
けんとう,検討,検討は詳しく調べてよいかどうかを考えること。,検討,2,Consideration,assets/shiritori/aw-kentou.png,asset,AI生成イラスト
けんとう,見当,見当は物事の大体の見込みや見方。,見当,2,,assets/shiritori/complete-2047.png,asset,AI生成イラスト
けんない,圏内,圏内は決められた範囲の中。電波の届く範囲などにも使う。,圏内,2,,,,
けんにん,兼任,兼任は一人で二つ以上の役職や仕事を受け持つこと。,兼任,3,,assets/shiritori/complete-2049.png,asset,AI生成イラスト
けんにん,堅忍,堅忍は苦しさや困難に耐え忍ぶこと。,堅忍,3,,assets/shiritori/nintai.png,asset,AI生成イラスト
けんのん,険呑,険呑は危険や不安を感じさせる様子。,険呑,3,,assets/shiritori/osoroshii.png,asset,AI生成イラスト
けんぱ,けんぱ,けんぱは地面に描いた輪を片足や両足で跳び進む遊び。,ケンパ 遊び,1,Hopscotch,,,
けんびきょう,顕微鏡,顕微鏡は小さなものを大きくして見るための道具。,顕微鏡,1,Microscope,,,
けんぶつ,見物,見物は催しや景色などを見て楽しむこと。,見物,1,Sightseeing,assets/shiritori/kenbutsu.png,asset,AI生成イラスト
けんほろう,ケンホロウ,ケンホロウは「ポケットモンスター」シリーズに登場するノーマル・ひこうタイプのポケモン。オスとメスで姿が異なる。,ケンホロウ ポケモン,3,Unfezant,,,
けんぽう,憲法,憲法は国の仕組みや国民の権利などを定める国の最高法規。,日本国憲法 憲法,2,Constitution,assets/shiritori/complete-2056.png,asset,AI生成イラスト
けんぽう,拳法,拳法は拳や足を使って相手と戦う武術。,拳法,2,Martial arts,,,
けんま,研磨,研磨は表面をこすって滑らかにしたり光らせたりすること。,研磨,3,Polishing,assets/shiritori/complete-2058.png,asset,AI生成イラスト
けんみん,県民,県民はその県に住む人々。,県民,1,Prefectural citizens,,,
けんめい,賢明,賢明は判断や考え方が道理にかなっていて適切な様子。,賢明,2,Wise,assets/shiritori/aw-kenmei.png,asset,AI生成イラスト
けんめい,懸命,懸命は力の限り努力する様子。,懸命,1,,assets/shiritori/kenmei.png,asset,AI生成イラスト
けんもほろろ,けんもほろろ,けんもほろろは人の頼みなどにそっけなく冷たい態度で応じる様子。,冷たい,2,,assets/shiritori/complete-2062.png,asset,AI生成イラスト
けんやく,倹約,倹約はお金や物を無駄に使わないようにすること。,倹約,2,Thrift,assets/shiritori/kenyaku.png,asset,AI生成イラスト
けんよう,兼用,ひとつの道具を、ふたつ以上の異なる目的で一緒に使うこと。,兼用,2,Dual use,assets/shiritori/complete-2064.png,asset,AI生成イラスト
けんらん,絢爛,目が眩むほどきらびやかで、美しく華やかに飾られているようす。,絢爛,3,,assets/shiritori/complete-2065.png,asset,AI生成イラスト
けんり,権利,法律などで認められ、自分で何かをしたり、相手に求めたりできる立場。,権利,2,Right,assets/shiritori/complete-2066.png,asset,AI生成イラスト
けんりつ,県立,県が設立し、運営する学校や図書館など。,県立,1,Prefectural,,,
けんりょく,権力,人や組織に対して、決定を実行させたり、行動に影響を与えたりする力。,権力,2,Power,assets/shiritori/complete-2068.png,asset,AI生成イラスト
けんろう,堅牢,建物や道具などが、とても丈夫で壊れにくいさま。,堅牢,3,Robust,assets/shiritori/complete-2069.png,asset,AI生成イラスト
けん玉,けん玉,木の持ち手に皿とけんがつき、ひもで玉がつながった遊び道具。,けん玉,1,,,,
けーしぃ,ケーシィ,一日の大半を眠って過ごす超能力ポケモン,ケーシィ,3,Abra,,,
げき,劇,舞台などで、役者が登場人物になって物語を演じること。,演劇,1,Play,assets/shiritori/complete-2072.png,asset,AI生成イラスト
げきか,劇化,小説や実際にあった出来事を、お芝居やドラマの形に作り直すこと。,演劇,2,,assets/shiritori/complete-2073.png,asset,AI生成イラスト
げきから,激辛,唐辛子などがたくさん入っていて、口から火が出そうなほどものすごく辛いこと。,激辛,1,Spicy,assets/shiritori/complete-2074.png,asset,AI生成イラスト
げきじょう,劇場,演劇や映画、コンサートを観客が席に座って見るための大きな建物。,劇場,1,Theater,,,
げきだん,劇団,お芝居（劇）をみんなで作って、いろいろな場所で公演をする役者たちのグループ。,劇団,2,Theater company,,,
げきとつ,激突,走っている車や人が、ものすごい勢いでドカンと激しくぶつかり合うこと。,激突,2,Collision,assets/shiritori/complete-2077.png,asset,AI生成イラスト
げきは,撃破,敵のチームや相手の勢力を、激しい勢いでやっつけて打ち破ること。,撃破,2,Defeat,assets/shiritori/complete-2078.png,asset,AI生成イラスト
げきやく,劇薬,少しの量でもからだに強い影響があり、使い方を間違えると大変あぶないお薬。,薬,3,Poison,,,
げこがしら,ゲコガシラ,素早い蛙ポケモン。,ゲコガシラ ポケモン,3,Frogadier,,,
げた,下駄,木の板にひもがついていて、カランコロンとあるく履物。,下駄,1,,,,
げっこうかめん,月光仮面,白い覆面とマントを身につけ、悪人と戦う正義の味方。,月光仮面,1,Moonlight Mask,,,
げっこうが,ゲッコウガ,忍者蛙ポケモン。,ゲッコウガ ポケモン,3,Greninja,,,
げっこうちょう,月光蝶,アニメ「∀ガンダム」の用語。ナノマシンを放出して人工物をことごとく砂へと分解し、文明を滅ぼす究極の兵器システム。,月光蝶,3,Moonlight Butterfly,,,
げのせくと,ゲノセクト,古生代の虫ポケモンが、ある組織によってよみがえらせられ、背中の大砲を改造されたポケモン。,ゲノセクト ポケモン,3,Genesect,,,
げるぐぐ,ゲルググ,一年戦争末期にジオン軍が開発した量産型モビルスーツで、ジオン軍で初めてビーム・ライフルを装備した機体。,ゲルググ,3,Gelgoog,,,
げんいん,原因,ある結果や事件が起きることになった、いちばん最初のもと、きっかけのこと。,原因,1,Cause,assets/shiritori/complete-2087.png,asset,AI生成イラスト
げんか,原価,品物を作るためにかかった費用。,原価,3,Cost price,assets/shiritori/complete-2088.png,asset,AI生成イラスト
げんかん,玄関,おうちに入るときに、最初にあって靴を脱いだり並べたりする場所。,玄関,1,Entrance,,,
げんがー,ゲンガー,影に潜むゴーストポケモン。,ゲンガー,3,Gengar,,,
げんき,元気,からだもこころも健康で、ニコニコと力いっぱいうごける状態のこと。,元気,1,,assets/shiritori/genki.png,asset,AI生成イラスト
げんこく,原告,裁判（裁判所）において、相手に対して訴えを起こした本人のこと。,裁判所,3,Plaintiff,,,
げんこつ,拳骨,手の指をぎゅっと固く握りしめた、げんこつの形（にぎりこぶし）。,拳,1,Fist,,,
げんごろう,ゲンゴロウ,池のなかをスイスイとおよぐ、みずすましの仲間の虫。,ゲンゴロウ,1,,,,
げんさく,原作,映画やアニメ、漫画になる前の、もとになった小説やストーリーのこと。,原作,2,Original work,,,
げんし,原子,物質をつくる小さな粒で、種類によって性質が異なる。,原子,3,Atom,,,
げんしょう,現象,自然の中や社会で、目に見える形として実際に起きる出来事のこと。,現象,2,Phenomenon,assets/shiritori/complete-2097.png,asset,AI生成イラスト
げんしょう,減少,物の数や量が、前よりもだんだんと少なくなっていくこと。,減少,1,Decrease,assets/shiritori/complete-2098.png,asset,アプリ作成図
げんじゅう,厳重,警備や管理をきびしくし、すきや間違いがないようにするさま。,厳重,2,,assets/shiritori/complete-2099.png,asset,AI生成イラスト
げんせつ,言説,人が自分の考えを世の中に向かってお話ししたり、文章に書いたりした内容のこと。,言説,3,,assets/shiritori/speech.png,asset,AI生成イラスト
げんぜい,減税,税金の額や税率を下げること。,減税,3,Tax cut,assets/shiritori/complete-2101.png,asset,AI生成イラスト
げんちちょうさ,現地調査,トラブルや事件のあった実際の場所に行って、自分の目で詳しく調べること。,調査,2,Fieldwork,assets/shiritori/kansatsu.png,asset,AI生成イラスト
げんてい,限定,「これだけ」「今日だけ」というように、数や範囲、時間をきびしく区切ること。,限定,1,Limited,assets/shiritori/complete-2103.png,asset,AI生成イラスト
げんどうき,原動機,ガソリンや電気の力で、機械を動かすためのもとになるモーターやエンジンのこと。,原動機,2,Motor,,,
げんぶつ,現物,言葉や写真だけでなく、いま目の前にある、じっさいの本物の品物のこと。,現物,2,Actual object,,,
げんまい,玄米,もみがらだけを取り除き、ぬかや胚芽を残したお米。,玄米,1,,,,
げんみつ,厳密,細かいところまで一切の妥協や間違いを許さず、とてもきびしく正確なようす。,厳密,2,Strict,assets/shiritori/aw-genmitsu.png,asset,AI生成イラスト
げんゆ,原油,地中から掘り出したばかりの、まだ精製されていないドロドロとしたもとの石油。,原油,3,Crude oil,,,
げんりょう,原料,お菓子やプラスチックなど、製品を作るときのもとになる材料のこと。,原料,2,Raw material,,,
げんわく,眩惑,目の前がチカチカして眩しさに目がくらむこと、または心が迷わされること。,眩惑,3,,assets/shiritori/complete-2110.png,asset,AI生成イラスト
こあ,コア,物のいちばん真ん中にある、もっとも大切な中心部分のこと。,コア,3,Core,assets/shiritori/complete-2111.png,asset,AI生成イラスト
こあふぁいたー,コア・ファイター,アニメ「機動戦士ガンダム」の用語。ガンダムなどの胴体中央に組み込まれ、脱出カプセルにもなる小型戦闘機。,コア・ファイター,3,Core Fighter,,,
こあるひー,コアルヒー,ダンスが得意な鳥ポケモン。,コアルヒー ポケモン,3,Ducklett,,,
こい,コイ,池や川にすむ、ひげのある大きなお魚。,コイ 魚,1,,,,
こい,鯉,川や池にすんでいて、ひげがある大きな魚。赤や白などの美しい模様を持つものも品種改良されている。,コイ 魚,1,Carp,,,
こい,濃い,味や色、においなどが、薄くなくてとても強いようす。,濃い,1,,,,
こいきんぐ,コイキング,非常に弱い魚ポケモン。,コイキング,3,Magikarp,,,
こいずみじゅんいちろう,小泉純一郎,第87〜89代の内閣総理大臣を務めた日本の政治家。,小泉純一郎 肖像,3,JunichiroKoizumi,,,
こいぬ,子犬,生まれて間もない、小さくてコロコロとしたかわいい犬のこども。,子犬,1,Puppy,,,
こいびと,恋人,お互いに大好きで、お付き合いをしている特別なパートナーのこと。,恋人,1,Lovers,,,
こいみどり,濃緑,ふつうのみどり色よりも、ぐっと深くて黒っぽい濃い緑色のこと。,緑色,1,Green,assets/shiritori/complete-2121.png,asset,アプリ作成図
こいる,コイル,磁力で浮かぶ機械のようなポケモン。,コイル,3,Magnemite,,,
こうい,行為,人がこころの中で考えて、実際にからだを動かしておこなう動作のこと。,行為,2,,assets/shiritori/koudou.png,asset,AI生成イラスト
こうえん,公園,みんなが遊んだり散歩したりできるように、すべり台や緑がある広い場所。,公園,1,Park,,,
こうえん,講演,あるテーマについて、多くの人に向けて話すこと。,講演,2,Lecture,assets/shiritori/speech.png,asset,AI生成イラスト
こうえん,後援,催しや活動を後ろから支えること。,後援,3,,assets/shiritori/complete-2126.png,asset,AI生成イラスト
こうか,効果,お薬を飲んだり練習したりしたあとにあらわれる、結果のこと。,効果,1,Effect,assets/shiritori/complete-1426.png,asset,AI生成イラスト
こうか,硬貨,紙で作られたお札ではなく、金属で作られた丸いお金（コイン）のこと。,硬貨,1,Coin,,,
こうか,高価,売り物のお値段がとても高くて、簡単に買えない貴重なものであること。,高価,2,Expensive,assets/shiritori/complete-2129.png,asset,AI生成イラスト
こうか,高架,道路や線路を、地面より高いところに橋のように架けて通したもの。,高架橋,2,Viaduct,,,
こうかい,後悔,あのときあんなことをしなければよかったと、あとからがっかりして悔やむこと。,後悔,1,Regret,assets/shiritori/regret.png,asset,AI生成イラスト
こうかい,公開,映画や新しい施設などを、みんなが自由に見られるようにオープンにすること。,公開,2,Open,assets/shiritori/complete-2132.png,asset,AI生成イラスト
こうかい,航海,大きな船に乗って、遠い海や外国に向かって旅をすること。,航海,2,Voyage,assets/shiritori/complete-2133.png,asset,AI生成イラスト
こうがい,郊外,にぎやかな都会の中心から、少しはなれた緑のある落ち着いた住宅地のこと。,郊外,2,Suburb,,,
こうがく,工学,科学のちからを使って、生活に役立つ機械や建物を作るための学問。,工学,3,Engineering,,,
こうがく,高額,お金の金額が、とてもたくさんで大きいこと。,高額,2,,assets/shiritori/complete-2129.png,asset,AI生成イラスト
こうき,好奇,珍しいことや知らないことに興味を持つ心。,好奇心,1,Curiosity,assets/shiritori/kouki.png,asset,AI生成イラスト
こうき,後期,ふたつに分けた期間の、後ろ半分の時期のこと。,後期,2,,assets/shiritori/complete-2138.png,asset,AI生成イラスト
こうきこうれいしゃ,後期高齢者,年齢が75歳以上になり、医療などのサポートが手厚くなるおじいちゃんやおばあちゃんのこと。,高齢者,3,Old age,,,
こうきょう,公共,みんなで使う公園や図書館のように、社会の全員の役に立つためのもの。,公共,2,Public,assets/shiritori/complete-2140.png,asset,AI生成イラスト
こうくうき,航空機,人や荷物を空中で運ぶ、飛行機やヘリコプターなどの乗り物。,航空機,2,Aircraft,,,
こうけい,光景,目の前に広がっている、ある場面や景色のようすのこと。,光景,2,Scene,,,
こうげい,工芸,伝統的な技術や手仕事を生かして、美しさや実用性のある品物を作ること。また、その品物。,工芸,2,Craft,assets/shiritori/souzou2.png,asset,AI生成イラスト
こうげき,攻撃,試合や戦いで、相手に向かってこちらから勢いよく進んで攻めること。,攻撃,1,Attack,assets/shiritori/complete-2144.png,asset,AI生成イラスト
こうげん,高原,山の上の方にある、平らで涼しくて気持ちのよい広い土地のこと。,高原,2,Plateau,assets/shiritori/complete-2145.png,asset,AI生成イラスト
こうげん,光源,たいようや電球、ロウソクのように、みずから光を出しているもののこと。,光源,2,Light source,,,
こうさ,交差,ふたつの道路や線路が、バツ印（X）のように途中でまじわること。,交差,1,Intersection,assets/shiritori/complete-2147.png,asset,AI生成イラスト
こうさ,黄砂,大陸の砂じんが風で巻き上げられ、日本などへ飛んでくる現象。,黄砂,2,Asian Dust,,,
こうさく,工作,ハサミやのり、段ボールなどを使って、自分で楽しいおもちゃを作ること。,工作,1,Handicraft,assets/shiritori/sakuhin.png,asset,AI生成イラスト
こうさく,耕作,田んぼや畑をたがやして、お米や野菜などの作物を育てること。,耕作,2,Cultivation,assets/shiritori/complete-2150.png,asset,AI生成イラスト
こうさてん,交差点,ふたつ以上の道路が交わっている場所。たいてい信号機がある。,交差点,1,Intersection,,,
こうざ,口座,銀行などでお金を預けたり動かしたりするために、利用者ごとに作られる記録。,口座,2,Bank account,assets/shiritori/complete-2152.png,asset,AI生成イラスト
こうし,格子,縦と横の棒を四角い網の目のように組み合わせた、窓などの模様や柵のこと。,格子,2,Lattice,,,
こうし,講師,学校や集まりで、みんなの前でお勉強や技術を教えてくれる先生のこと。,講師,2,Lecturer,,,
こうしえん,甲子園,兵庫県西宮市にある野球場。全国高校野球選手権大会などが開かれる。,甲子園球場,1,Stadium,,,
こうしゃ,校舎,学校の勉強をする教室や、先生たちの部屋がある建物のこと。,校舎,1,School building,,,
こうしゃ,後者,ふたつのものをお話ししたときの、後ろの方（二番目）に挙げたもののこと。,後者,2,,assets/shiritori/complete-2157.png,asset,AI生成イラスト
こうしゅう,公衆,まちにいるたくさんの、特定の誰かではない一般の人々のこと（公衆電話など）。,公衆電話,2,Public,,,
こうしゅは,高周波,電波や電気の振動数が高いこと。また、その電波や電流。,電波,3,High frequency,assets/shiritori/complete-2159.png,asset,アプリ作成図
こうじ,工事,道路を直したり、新しいおうちやビルを建てたりする大きな作業のこと。,工事,1,Construction,assets/shiritori/complete-2160.png,asset,AI生成イラスト
こうじえん,広辞苑,日本語の言葉の意味や使い方がたくさん載っている、とても厚くて有名な辞書。,辞書,2,Dictionary,,,
こうじょう,工場,機械や人の手で、製品を作る施設。,工場,1,Factory,,,
こうじょう,向上,お勉強やスポーツの実力が、前よりもどんどん上達して良くなること。,向上,2,Improvement,assets/shiritori/complete-2163.png,asset,AI生成イラスト
こうすい,香水,お体やお洋服につけて、お花などの良いにおいを楽しませるための液体。,香水,2,Perfume,,,
こうすい,降水,空から雨や雪、ひょうなどが地面に向かって降ってくる現象のこと。,降水,2,Precipitation,assets/shiritori/complete-2165.png,asset,AI生成イラスト
こうせい,構成,いくつかのパーツを組み立てて、ひとつの文章や仕組みを作り上げること。,構成,2,,assets/shiritori/complete-2166.png,asset,AI生成イラスト
こうせい,恒星,たいようのように、みずから光と熱を出して宇宙に輝いている星のこと。,恒星,2,Star,,,
こうせい,公正,だれか特定の人だけをひいきせず、みんなに対して平等で正しいようす。,公正,2,Fairness,assets/shiritori/aw-kousei.png,asset,AI生成イラスト
こうせき,功績,社会やチームのために、とても素晴らしい成果やお手伝いを残したこと。,功績,2,Achievement,assets/shiritori/hokori.png,asset,AI生成イラスト
こうせき,鉱石,山などから掘り出される、金属の成分をたくさん含んだ硬い石のこと。,鉱石,3,Ore,,,
こうせん,光線,レーザービームやたいようの光のように、まっすぐに進む強い光のすじのこと。,光線,2,Light beam,,,
こうそう,高層,ビルなどが、見上げるほどとても高くて何階層もあるようす。,高層ビル,2,Skyscraper,,,
こうそく,高速,自動車などが、ものすごいスピードではやく走ること（高速道路など）。,高速道路,1,Highway,assets/shiritori/complete-2173.png,asset,AI生成イラスト
こうそく,校則,学校の中で、生徒のみんなが毎日を安全に過ごすために守るきまりのこと。,校則,2,School rules,assets/shiritori/complete-1446.png,asset,AI生成イラスト
こうそそ,酵素,体内で、食べ物の消化などの化学反応を助ける物質。,酵素,3,Enzyme,,,
こうたい,交代,お仕事や試合のメンバーを、別の人とバトンタッチして入れ替えること。,交代,1,Alternation,assets/shiritori/ss-change.png,asset,AI生成イラスト
こうたい,後退,前へ進むのではなく、車などが後ろに向かって下がること。,後退,2,Retreat,assets/shiritori/complete-2177.png,asset,AI生成イラスト
こうち,高知県,四国地方の南部にある県。県庁所在地は高知市。,高知県,1,Kochi,,,
こうちゃ,紅茶,茶葉を発酵させて作る、赤茶色の茶。,紅茶,1,Tea,,,
こうちょう,校長,学校の教育や運営をまとめる責任者。,校長先生,1,Principal,,,
こうつう,交通,人や乗り物が、道路や線路などを通って行き来すること。,交通,1,Traffic,assets/shiritori/complete-2181.png,asset,AI生成イラスト
こうてい,校庭,学校の敷地内にある、運動や遊びに使う場所。,校庭,1,Schoolyard,,,
こうてい,行程,目的地までの道のりや、移動にかかる時間。,行程,2,Itinerary,assets/shiritori/complete-2183.png,asset,AI生成イラスト
こうてい,肯定,相手の意見や物事に対して、「その通りだ、正しい」と認めること。,肯定,2,Affirmation,assets/shiritori/henji.png,asset,AI生成イラスト
こうてつ,鋼鉄,鉄に炭素を加えて作る合金。建物や道具などに使われる。,鋼鉄,2,Steel,,,
こうてん,後転,マットのうえでうしろにぐるっとまわるわざ。,後転 マット運動,1,Roll (gymnastics),assets/shiritori/complete-2186.png,asset,AI生成イラスト
こうでい,拘泥,小さなことやひとつの考え方にばかりこだわって、離れられなくなること。,拘泥,3,,assets/shiritori/kodawari.png,asset,AI生成イラスト
こうとう,口頭,文字を書いて伝えるのではなく、自分の口から言葉を出してお話しすること。,口頭,2,Oral,assets/shiritori/speech.png,asset,AI生成イラスト
こうどう,行動,こころで決めたことを、実際にからだを動かしてやってみること。,行動,1,Action,assets/shiritori/koudou.png,asset,AI生成イラスト
こうどう,講堂,学校などで、全員が集まってお式や発表会を行うための大きな部屋や建物のこと。,講堂,2,Auditorium,,,
こうどうかん,弘道館,江戸時代に水戸藩が設けた藩校。,弘道館,3,,,,
こうない,校内,学校の敷地や、建物のなかのすべての場所のこと。,校内,1,School grounds,assets/shiritori/complete-2192.png,asset,AI生成イラスト
こうないえん,口内炎,口の中の粘膜に炎症や潰瘍ができ、痛む状態。,口内炎,2,Canker sore,assets/shiritori/complete-2193.png,asset,AI生成イラスト
こうなん,港南,港の南側にあたる地域のこと、または日本のいくつかの場所にある地名のこと。,港,2,Port,,,
こうねつ,高熱,体温がいつもより大きく上がった状態。,高熱,1,Fever,assets/shiritori/complete-2195.png,asset,AI生成イラスト
こうねん,後年,今より後の時代や、人生の後の時期。,後年,2,,assets/shiritori/complete-2196.png,asset,AI生成イラスト
こうはい,後輩,学校や部活動、お仕事に、自分よりもあとから入ってきた人のこと。,後輩,1,Junior,,,
こうはい,荒廃,建物や土地などが荒れて、使いにくくなること。,荒廃,3,Devastation,assets/shiritori/complete-2198.png,asset,AI生成イラスト
こうはん,後半,お話や試合、期間をふたつに分けたときの、後ろ半分のこと。,後半,1,Latter half,assets/shiritori/complete-2199.png,asset,AI生成イラスト
こうはん,広汎,範囲がとても広くて、あちこちのすみずみまで行き渡っているようす。,広汎,3,,,,
こうば,工場,たくさんの機械があって、製品をつくるところ。,工場,1,,,,
こうばこ,香箱,お香を入れるための美しい箱、または猫が足を内側にしまって丸くなる座り方のこと。,香箱座り,2,Cat,,,
こうばしい,香ばしい,焼いたり煎ったりした物からする、よい香り。,香ばしい,1,,,,
こうひ,公費,国や自治体などが公の目的のために使うお金。,公費,3,,,,
こうひょう,好評,世間からよい評価を受けること。,好評,2,Reputation,assets/shiritori/aw-keifuku.png,asset,AI生成イラスト
こうふく,幸福,こころが満たされていて、毎日がとても楽しくてハッピーな状態のこと。,幸福,1,Happiness,assets/shiritori/koufuku.png,asset,AI生成イラスト
こうふく,降伏,戦いや試合で負けを認め、武器を置いて相手に従うこと。,降伏,2,Surrender,assets/shiritori/complete-2207.png,asset,AI生成イラスト
こうぶつ,鉱物,地中などに自然にできた、一定の成分や結晶の形をもつ物質。,鉱物,2,Mineral,,,
こうへい,公平,特定の人をひいきせず、かたよりなく扱うこと。,公平,1,Fairness,assets/shiritori/aw-kousei.png,asset,AI生成イラスト
こうほう,広報,組織や団体が、その活動や情報を広く人々に知らせること。,広報,2,Public relations,assets/shiritori/ss-presentation.png,asset,AI生成イラスト
こうぼう,工房,職人や作家が作品を作る作業場。,工房,2,Workshop,,,
こうむいん,公務員,国や自治体などの公的機関で働く人。,公務員,1,Civil servant,,,
こうもり,蝙蝠,翼のある哺乳類。多くの種類は、休むときに逆さにぶら下がる。,コウモリ,1,Bat,,,
こうもん,校門,学校の敷地の出入り口にある門。,校門,1,School gate,,,
こうもん,肛門,食べたものがお腹で消化されたあと、うんちとして体の外に出るお尻の出口のこと。,肛門,1,Anus,,,
こうゆう,交友,友人と親しく付き合うこと。,交友,2,,assets/shiritori/ss-fellowship.png,asset,AI生成イラスト
こうよう,紅葉,秋などに、木の葉の色が赤や黄色に変わること。また、その葉。,紅葉,1,Autumn leaves,assets/shiritori/complete-2217.png,asset,AI生成イラスト
こうり,小売,店が商品を仕入れ、一般の消費者に販売すること。,小売,2,Retail,assets/shiritori/complete-1042.png,asset,AI生成イラスト
こうりつ,公立,自治体などが設立・運営する学校や病院など。,公立,1,Public,,,
こうりゅう,交流,人や集団が互いに行き来し、関わり合うこと。,交流,2,Exchange,assets/shiritori/kouryuu.png,asset,AI生成イラスト
こうりょ,考慮,何かを決めるときに、関係する事情を考えに入れること。,考慮,2,Consideration,assets/shiritori/kouryo.png,asset,AI生成イラスト
こうりょく,効力,物事に働きかけて、変化や結果を起こす力。,効力,2,,assets/shiritori/complete-2222.png,asset,AI生成イラスト
こうわ,講話,人々に向けて話をすること。,講話,2,,assets/shiritori/ss-lecture.png,asset,AI生成イラスト
こえ,声,人や動物が口から出す音。話すときの声や鳴き声。,声,1,Voice,,,
こえる,超える,決められた数や基準より上になること。また、あるものの上を通り過ぎること。,超える,1,,assets/shiritori/complete-2225.png,asset,AI生成イラスト
こえる,肥える,体に肉がつくこと。また、舌や目などの感覚がよくなること。土が肥沃になる意味もある。,肥える,1,,assets/shiritori/complete-2226.png,asset,AI生成イラスト
こおに,小鬼,伝説や物語に登場する、小さな鬼。,鬼,2,Oni,,,
こおり,氷,水が凍って固体になったもの。,氷,1,Ice,,,
こおりざとう,氷ざとう,砂糖を大きな結晶にしたもの。,氷砂糖,2,Rock candy,,,
こおりっぽ,コオリッポ,氷の頭を持つ、ペンギンのようなポケモン。,コオリッポ ポケモン,3,Eiscue,,,
こおりみず,氷水,氷が入った冷たい水。,氷水 液体,2,Ice water,,,
こおる,凍る,お水などの液体が、寒さでカチカチの氷に変わること。,凍る,1,Freezing,assets/shiritori/complete-1118.png,asset,AI生成イラスト
こおろぎ,コオロギ,草むらなどにすむ虫。羽をこすり合わせて鳴く種類がいる。,コオロギ,1,Cricket,,,
こかげ,木陰,大きな木の葉っぱが太陽の光をさえぎって、涼しくなった地面の日陰のこと。,木陰,1,Shade,,,
こかぶ,小蕪,小さなカブ。,カブ 野菜,1,Turnip,,,
こかま,小鎌,草むしりやガーデニングのときに、片手で持って草を刈る小さなカマ（道具）。,鎌,2,Sickle,,,
こがねむし,黄金虫,金属のような光沢を持つ、コガネムシ科の甲虫。,コガネムシ,1,Scarab beetle,,,
こがらす,小ガラス,カラスの子ども。,カラス,1,Crow,,,
こきゅう,呼吸,生き物が空気などを体に取り入れ、吐き出すこと。,呼吸,1,Breathing,assets/shiritori/complete-2239.png,asset,AI生成イラスト
こきょう,故郷,自分が生まれ育った土地や、親しみを感じる土地。,故郷,1,Hometown,,,
こきん,古今,昔から今までのこと。,古今,3,,assets/shiritori/complete-2241.png,asset,AI生成イラスト
こぎって,小切手,金額などを書いた書面を銀行に提示し、支払いを受けるための証券。,小切手,3,Cheque,,,
こぎつね,子狐,キツネの子ども。,キツネ,1,Fox,,,
こく,酷,やり方や言うことがとても厳しくて、相手に対してかわいそうなほど冷酷なようす。,酷,3,,assets/shiritori/complete-2244.png,asset,AI生成イラスト
こくう,虚空,何もない空間。,虚空,3,,,,
こくおう,国王,王を君主とする国で、その国を治める王。,王様,1,King,,,
こくがい,国外,自分の国の外にあることや、その場所。,国外,2,,assets/shiritori/complete-2247.png,asset,AI生成イラスト
こくご,国語,日本で、学校の教科として学ぶ日本語。,国語 教科書,1,Language,,,
こくさい,国際,ひとつの国だけでなく、世界中のたくさんの国々が関わり合っているようす。,世界地図,2,International,assets/shiritori/complete-2249.png,asset,AI生成イラスト
こくさいれんごう,国際連合,世界の国々が集まり、国際的な問題の解決や平和などのために協力する組織。,国際連合 旗,2,United Nations,,,
こくさん,国産,外国で作られたものではなく、自分の国（日本）の中で作られた製品や野菜のこと。,国産,1,Domestic,assets/shiritori/complete-2251.png,asset,AI生成イラスト
こくじ,告示,公的機関が、決定や事項を公式に広く知らせること。,告示,3,,assets/shiritori/complete-2252.png,asset,AI生成イラスト
こくじ,国字,中国から伝わった漢字ではなく、日本で独自に作られた漢字（「峠」や「働」など）のこと。,漢字,3,Kanji,,,
こくじこうい,国事行為,日本国憲法に定められた、天皇の国事に関する儀式的な行為。内閣の助言と承認に基づいて行われる。,国事行為 儀式,2,,assets/shiritori/complete-2254.png,asset,AI生成イラスト
こくせい,国政,国全体に関わる政治。,国会議事堂,2,Politics,assets/shiritori/complete-1701.png,asset,AI生成イラスト
こくせき,国籍,人が法律上どの国の国民であるかを示す資格。,国籍,2,Nationality,assets/shiritori/complete-2256.png,asset,AI生成イラスト
こくそう,国葬,国が主催して行う葬儀。,お葬式,3,State funeral,,,
こくぞう,穀倉,穀物を蓄えておく倉庫。,倉庫,3,Granary,,,
こくたい,国体,日本の都道府県代表が競技を行う全国大会の旧称。2024年から「国民スポーツ大会」に改称された。,スポーツ,2,,,,
こくちょう,国鳥,その国を代表する鳥として選ばれた種類。,キジ,2,National bird,,,
こくてつ,国鉄,日本国有鉄道の略称。,鉄道,3,,,,
こくと,国土,国の領土となっている土地。,日本地図,2,Territory,,,
こくはく,告白,自分の気持ちや秘密を、相手に打ち明けること。,告白,1,Confession,assets/shiritori/kokuhaku.png,asset,AI生成イラスト
こくばん,黒板,学校の教室の前にあり、先生が白いチョークで文字や絵を書く大きな緑色の板。,黒板,1,Blackboard,,,
こくひ,国費,国の予算から支出されるお金。,国費,3,,,,
こくみん,国民,ある国の国籍を持つ人。,国民,1,Citizens,,,
こくみんしゅけん,国民主権,国の政治のあり方を決める力が、国民にあるという原則。,国民主権 概念,2,,assets/shiritori/complete-2267.png,asset,AI生成イラスト
こくもつ,穀物,米や麦、トウモロコシなど、食用にする穀類。,穀物,2,Cereal,,,
こくりつ,国立,国が設立・運営する学校や施設など。,国立博物館,1,National,,,
こくりゅう,黒竜,伝説や物語に出てくる、体中が真っ黒なウロコで覆われた強くてかっこいい竜のこと。,竜,2,Dragon,,,
こくれん,国際連合,「国際連合」のこと。一般に「国連」と略される。,国際連合 旗,2,United Nations,,,
こくれん,国連,「国際連合」の略称。,国際連合,2,United Nations,,,
こくーん,コクーン,さなぎポケモン。,コクーン,3,Kakuna,,,
こぐま,子熊,クマの子ども。,子熊,1,Bear cub,,,
こけ,コケ,湿った地面や石などに生える、小さな植物の仲間。,コケ植物,1,,,,
こけ,苔,地面や石、木などに生える小さな植物の仲間。,コケ,1,Moss,,,
こけし,こけし,東北地方に伝わる、木で作った人形。,こけし,1,Kokeshi doll,,,
こげかた,こげ方,物が焼けて黒く変化する様子や程度。,焦げ 現象,2,Charring,assets/shiritori/complete-2278.png,asset,AI生成イラスト
こげちゃ,焦げ茶,チョコレートやコーヒーのような、黒っぽくて深い茶色のこと。,茶色,1,Brown,assets/shiritori/complete-2279.png,asset,アプリ作成図
こげる,焦げる,お魚やパンを火で焼きすぎて、表面が黒くなって硬くなってしまうこと。,焦げる,1,Burning,assets/shiritori/complete-2278.png,asset,AI生成イラスト
ここ,ここ,自分が今立っている、この場所を指していう言葉。,ここ,1,,,,
ここあ,ココア,カカオ豆から作る飲み物。粉を湯や牛乳に溶かして飲む。,ココア,1,Cocoa,,,
ここがら,ココガラ,ことりポケモン。,ココガラ ポケモン,3,Rookidee,,,
ここどら,ココドラ,鉄を食べる、よろいポケモン。,ココドラ ポケモン,3,Aron,,,
こころ,心,うれしい、悲しいなどの気持ちや、物事を感じたり考えたりする働き。,心,1,Heart,assets/shiritori/kokoro.png,asset,AI生成イラスト
こころもり,ココロモリ,超音波を使う、こうもりポケモン。,ココロモリ ポケモン,3,Swoobat,,,
こさ,濃さ,味や色などが、どのくらい強いかを表す度合い。,濃さ,1,,assets/shiritori/complete-2287.png,asset,AI生成イラスト
こさじ,小さじ,計量用の小さじ一杯分。日本では5ミリリットル。,小さじ,2,Teaspoon,,,
こさめ,小雨,少しだけ降る雨。,小雨,1,Drizzle,,,
こしかけ,腰掛け,公園やお部屋においてある、お尻をのせて座るための椅子やベンチのこと。,椅子,1,Chair,,,
こしかた,こし方,液体を布や網などに通して、固体を取り除くこと。,ろ過 方法,2,Filtration,assets/shiritori/complete-2291.png,asset,AI生成イラスト
こしひかり,コシヒカリ,米の品種の一つ。,米,1,Rice,,,
こじ,孤児,親を亡くした子ども。,孤児,3,Orphan,,,
こじお,コジオ,岩塩ポケモン。,コジオ ポケモン,3,Nacli,,,
こじか,子鹿,シカの子ども。,子鹿,1,Fawn,,,
こじょふー,コジョフー,武術が得意な、かくとうポケモン。,コジョフー ポケモン,3,Mienfoo,,,
こじょんど,コジョンド,しなやかな動きをする、かくとうポケモン。,コジョンド ポケモン,3,Mienshao,,,
こす,超す,基準となる数や程度より上になること。,超す,1,,assets/shiritori/complete-2298.png,asset,AI生成イラスト
こすい,湖水,大きなみずうみ（湖）にたまっている、たくさんの水のこと。,湖,2,Lake water,,,
こすずめ,子雀,スズメの子ども。,スズメ,1,Sparrow,,,
こすたりか,コスタリカ,中央アメリカにある国。,コスタリカ 国旗,3,Costa Rica,,,
こすもうむ,コスモウム,コスモッグが進化した姿のポケモン。,コスモウム ポケモン,3,Cosmoem,,,
こすもす,コスモス,キク科の植物。秋に咲く種類が多く、白やピンクなどの花をつける。,コスモス 花,1,Cosmos,,,
こすもっぐ,コスモッグ,コスモッグは、「ポケットモンスター」シリーズに登場するポケモン。ガスのような体を持ち、「星の子」と呼ばれることもある。,コスモッグ ポケモン,3,Cosmog,,,
こする,擦る,ふたつのものをぴったり合わせて、ゴシゴシと力を入れてこすり合わせること。,擦る,1,Rubbing,assets/shiritori/complete-2305.png,asset,AI生成イラスト
こせい,個性,その人や物に特有の性質や特徴。,個性,1,Individuality,assets/shiritori/complete-2306.png,asset,AI生成イラスト
こせき,戸籍,人の出生や親族関係などを戸籍簿に記録し、公的に証明する日本の制度。,戸籍,3,Family register,assets/shiritori/complete-2307.png,asset,AI生成イラスト
こぜに,小銭,お財布の中に入っている、10円玉や100円玉などの硬貨（じゃらじゃらしたお金）のこと。,小銭,1,Change,,,
こそう,古創,ずっと昔に怪我をして、今はもう治っているけれど跡が残っている古いキズのこと。,傷,3,,,,
こそこそ,こそこそ,人に気づかれないように、静かに行動するさま。,こそこそ,1,,assets/shiritori/ss-private-talk.png,asset,AI生成イラスト
こたい,固体,形と体積がほぼ一定に保たれる、物質の状態。,固体 状態,2,Solid,assets/shiritori/complete-2311.png,asset,アプリ作成図
こだい,古代,とても昔の時代。,古代,2,Ancient,,,
こだち,木立,木が集まって生えているところ。,木立,2,Grove,,,
こだっく,コダック,頭痛に悩まされることが多い、あひるポケモン。,コダック,3,Psyduck,,,
こだま,木霊,木に宿るとされる霊。また、山などで音が反響して聞こえること。,山びこ,1,Echo,assets/shiritori/echo.png,asset,AI生成イラスト
こだわり,こだわり,ひとつのことに強く心を引かれ、簡単には変えないこと。,こだわり,2,,assets/shiritori/kodawari.png,asset,AI生成イラスト
こちょう,誇張,物事を実際より大げさに表現すること。,誇張,2,Exaggeration,assets/shiritori/complete-2317.png,asset,AI生成イラスト
こっか,国家,一定の領域と人々を持ち、政府が統治する政治的なまとまり。,国家,2,State,,,
こっかい,国会,国民に選ばれた議員が集まり、法律や予算などを決める日本の国の機関。,国会議事堂,2,National Diet,,,
こっかん,酷寒,非常に厳しい寒さ。,冬,3,Winter,,,
こっき,国旗,国を表す旗。,国旗,1,National flag,,,
こっきょう,国境,国と国、または地域と地域の境目。,国境,2,Border,,,
こっく,コック,料理を作ることを仕事にする人。,コック,1,Cook,,,
こっくぴっと,コックピット,航空機や車などで、操縦士が座って操作する場所。,コックピット,2,Cockpit,,,
こっそり,こっそり,だれにも見つからないように、隠れて静かに行動するようす。,こっそり,1,,assets/shiritori/ss-private-talk.png,asset,AI生成イラスト
こっぷ,コップ,水などの液体を入れるための容器。,コップ 容器,2,Cup,,,
こつ,骨,体を支えたり、内臓を守ったりする硬い組織。,骨,1,Bone,,,
こつ,コツ,物事をうまく行うための大切な要領。,コツ,1,,assets/shiritori/complete-2328.png,asset,AI生成イラスト
こつぶ,小粒,粒や物の大きさが、ふつうより小さいこと。,小粒,1,Small grain,assets/shiritori/complete-2329.png,asset,AI生成イラスト
こつぼ,小壺,小さな壺。,壺,2,Pot,,,
こて,コテ,調理や左官などに使う、平たい金属製の道具。また、髪を巻く道具。,コテ,1,Trowel,,,
こてい,固定,動かないように一定の場所や状態にすること。,固定,2,Fixing,assets/shiritori/complete-2332.png,asset,AI生成イラスト
こと,琴,日本の弦楽器。木の胴に張った弦を、指にはめた爪などではじいて演奏する。,琴,1,Koto,,,
こと,事,起きたことや、行動・物事の内容。,事,1,,assets/shiritori/complete-2334.png,asset,AI生成イラスト
ことし,今年,いま迎えている、この一年のこと。,今年,1,This year,assets/shiritori/complete-2335.png,asset,AI生成イラスト
ことしろぬし,事代主神,日本神話に登場する神。恵比須神と同一視されることもある。,事代主神,2,Kotoshironushi,,,
ことづめゆかり,琴爪ゆかり,アニメ「キラキラ☆プリキュアアラモード」の登場人物。高校2年生で、キュアマカロンに変身する。,琴爪ゆかり アニメ,3,,,,
ことば,言葉,考えや気持ちを伝え合うために使う、声や文字などの表現。,言葉,1,Language,assets/shiritori/kotoba.png,asset,AI生成イラスト
ことり,小鳥,スズメやメジロなど、体の小さな鳥。,小鳥,1,Small bird,,,
ことわる,断る,相手の誘いや頼みなどを受けないと伝えること。,断る,1,Refusal,assets/shiritori/kotowaru.png,asset,AI生成イラスト
こども,子,親から生まれた人や動物。また、年少の人。,子供,1,Child,,,
こどら,コドラ,体当たりで縄張りを守る、てつヨロイポケモン。,コドラ ポケモン,3,Lairon,,,
こな,粉,細かい粒状にしたもの。,粉,1,Powder,,,
こなごな,粉々,物が細かくばらばらになった状態。,粉々,1,Pieces,assets/shiritori/complete-2344.png,asset,AI生成イラスト
こなゆき,粉雪,冬に降る、軽くて細かな雪。,雪,1,Powder snow,,,
こねこ,子猫,ネコの子ども。,子猫,1,Kitten,,,
こねる,こねる,粉や土などを、手や道具で練り混ぜること。,こねる,1,Kneading,assets/shiritori/complete-2347.png,asset,AI生成イラスト
この,この,話し手に近いものを指す言葉。後ろに続く名詞を指すときに使う。,この,1,,,,
このえふみまろ,近衛文麿,日本の政治家。第34・38・39代内閣総理大臣を務めた。,近衛文麿 肖像,3,FumimaroKonoe,,,
このは,木の葉,木についている葉や、地面に落ちた葉。,木の葉,1,Leaf,,,
このはな,コノハナ,いたずら好きな、こわざポケモン。,コノハナ ポケモン,3,Nuzleaf,,,
このはなさくやひめ,木花之佐久夜毘売,日本神話に登場する女神。富士山の神としても信仰される。,木花之佐久夜毘売,2,Konohanasakuya,,,
こばやしみくる,小林みくる,アニメ「名探偵プリキュア！」の登場人物。名探偵を目指す中学2年生で、キュアミスティックに変身する。,小林みくる アニメ,3,,,,
こばるおん,コバルオン,鋼の心を持つ、てっしんポケモン。,コバルオン ポケモン,3,Cobalion,,,
こひつじ,子羊,ヒツジの子ども。,子羊,1,Lamb,,,
こびと,小人,童話などに登場する、体の小さな人。,小人 妖精,1,Dwarf,,,
こふきむし,コフキムシ,こなふきポケモン。,コフキムシ ポケモン,3,Scatterbug,,,
こふーらい,コフーライ,こなまゆポケモン。,コフーライ ポケモン,3,Spewpa,,,
こぶし,拳,手の指をすべて内側にぎゅっと折り曲げて、固く握りしめた状態の手（げんこつ）。,拳,1,Fist,assets/shiritori/complete-2359.png,asset,AI生成イラスト
こぶた,子豚,ブーブーと鳴く、ピンク色をしたかわいいブタのこどものこと。,子豚,1,Piglet,,,
こぼす,溢す,容器などの中の物を、外へこぼしてしまうこと。,溢す,1,Spilling,assets/shiritori/complete-2361.png,asset,AI生成イラスト
こぼれる,零れる,中の物が容器などから外へ流れ出ること。,零れる,1,Overflowing,assets/shiritori/complete-2361.png,asset,AI生成イラスト
こま,コマ,まわしてあそぶおもちゃ。,独楽 おもちゃ,1,,,,
こま,独楽,軸を中心に回して遊ぶおもちゃ。,独楽,1,Spinning top,,,
こま,駒,将棋やチェスなどで、盤の上に置いて動かす駒。,将棋の駒,1,Chess piece,,,
こまかい,細かい,大きさや粒が小さい。また、細部まで行き届いている。,細かい,1,Fine,assets/shiritori/complete-2366.png,asset,AI生成イラスト
こまたな,コマタナ,刃物のような手を持つ、はものポケモン。,コマタナ ポケモン,3,Pawniard,,,
こまねずみ,コマねずみ,休まず忙しく動き回ること。また、そのように動く人。,ネズミ,2,Mouse,assets/shiritori/complete-2368.png,asset,AI生成イラスト
こまる,困る,物事がうまくいかず、どうすればよいか悩むこと。,困る,1,Trouble,assets/shiritori/komaru.png,asset,AI生成イラスト
こみち,小道,幅の狭い道。,小道,1,Path,,,
こむぎこ,小麦粉,小麦の粒を細かくすりつぶして作った、パンやうどん、ケーキのもとになる白い粉。,小麦粉,1,Flour,,,
こむらじゅたろう,小村寿太郎,明治時代の外交官。ポーツマス講和会議で日本側全権を務めた。,小村寿太郎 肖像,2,Komura Jutaro,,,
こめ,米,稲の実からもみ殻を取り除いた穀物。精米すると白米になる。,米 穀物,1,Rice,,,
こめかみ,顳顬,耳の上、目の横にある頭の部分。こめかみ。,顔,2,Temple,,,
こもろ,コモロ,インド洋にある島国。バニラや香料の生産が主な産業です。,コモロ 国旗,3,Comoros,,,
こや,小屋,人や道具などを入れる、小さな建物。,小屋,1,Hut,,,
こやぎ,子山羊,ヤギの子ども。,子山羊,1,Kid,,,
こよみ,暦,月日や曜日などを順に記したもの。カレンダー。,カレンダー,1,Calendar,,,
こらいどん,コライドン,過去から来たとされる、パラドックスポケモン。,コライドン ポケモン,3,Koraidon,,,
こらった,コラッタ,何でもかじる、ねずみポケモン。,コラッタ,3,Rattata,,,
こらったあろーらのすがた,コラッタ(アローラのすがた),アローラ地方の環境に適応した、コラッタのすがた。,コラッタ(アローラのすがた),3,Alolan Rattata,,,
こりす,子栗鼠,リスの子ども。,リス,1,Squirrel,,,
こるくせん,コルクせん,コルクで作った、瓶などの栓。,コルク栓,2,Cork stoppers,,,
これ,これ,話し手の近くにあるものや、話題に出たものを指す言葉。,これ,1,,,,
ころにーおとし,コロニー落とし,アニメ「機動戦士ガンダム」シリーズの作戦。巨大な宇宙居住施設を地球へ落下させる。,コロニー落とし ガンダム,3,,,,
ころにーれーざー,コロニーレーザー,アニメ「機動戦士ガンダム」シリーズの兵器。宇宙コロニーを巨大なレーザー砲に改造したもの。,コロニーレーザー,3,Colony Laser,,,
ころぶ,転ぶ,足を滑らせたりつまずいたりして、地面などに倒れること。,転ぶ,1,Fall,assets/shiritori/pv-trip.png,asset,AI生成イラスト
ころも,衣,服。また、揚げ物の材料につける小麦粉などの層。,天ぷら,1,Batter,,,
ころもり,コロモリ,ハート形の鼻を持つ、こうもりポケモン。,コロモリ ポケモン,3,Woobat,,,
ころん,ころん,小さな物が丸い形のまま転がるさま。,転がる,1,,,,
ころんびあ,コロンビア,南アメリカ北部にある国。,コロンビア 国旗,2,Colombia,,,
こわい,怖い,危険や不安を感じて、逃げたいと思う気持ち。,怖い,1,Scared,assets/shiritori/osoroshii.png,asset,AI生成イラスト
こわす,壊す,物に力を加えて、使えない状態にすること。,壊す,1,Break,assets/shiritori/complete-0144.png,asset,AI生成イラスト
こわれる,壊れる,物の一部が傷つくなどして、正常に働かなくなること。,壊れる,1,Broken,assets/shiritori/complete-2394.png,asset,AI生成イラスト
こん,紺,黒みを帯びた、濃い青色。,紺色,1,Navy blue,,,
こんいろ,紺色,デニムや夜空のような、深く落ち着いた濃い青色のこと。,紺色,1,Navy blue,,,
こんかい,今回,このたび。また、今行っている回や機会。,今回,1,This time,assets/shiritori/complete-2397.png,asset,AI生成イラスト
こんき,根気,あきらめずに、物事を粘り強く続ける力。,根気,2,Patience,assets/shiritori/konki.png,asset,AI生成イラスト
こんくりーと,コンクリート,セメント、砂、砂利に水を混ぜて固めた建築材料。,コンクリート 材料,2,Concrete,,,
こんごきょうわこく,コンゴ共和国,中央アフリカにある国。首都はブラザビル。,コンゴ共和国 国旗,3,Republic of the Congo,,,
こんごみんしゅきょうわこく,コンゴ民主共和国,中央アフリカにある国。首都はキンシャサ。,コンゴ民主共和国 国旗,3,Democratic Republic of the Congo,,,
こんちゅう,昆虫,頭・胸・腹の三つに分かれた体と、六本の足を持つ動物の仲間。,昆虫,1,Insect,,,
こんてな,コンテナ,物を入れるための箱や入れ物。,コンテナ,2,Container,,,
こんど,今度,次の機会。また、今度のこと。,今度,1,Next time,assets/shiritori/complete-2404.png,asset,AI生成イラスト
こんどう,混同,二つの別々のものを取り違えて、区別できなくなること。,混同,2,Confusion,assets/shiritori/complete-2405.png,asset,AI生成イラスト
こんにちわ,こんにちは,日中に人と会ったときに使う、あいさつの言葉。,挨拶,1,Greeting,assets/shiritori/konnichiwa.png,asset,AI生成イラスト
こんにゃく,蒟蒻,こんにゃくいもから作る、弾力のある食品。,こんにゃく,1,Konjac,,,
こんぱす,コンパス,中心を固定して、きれいな丸（円）を紙に描くための足がひらく文房具。,コンパス 文房具,1,Compass,,,
こんぱん,コンパン,大きな目を持つ虫ポケモン。,コンパン,3,Venonat,,,
こんぷそぐなとぅす,コンプソグナトゥス,小型の肉食恐竜。体長は約1メートルとされる。,コンプソグナトゥス,2,Compsognathus,,,
こんぽん,根本,物事のもとになる、最も大切な部分。,根本,2,Root,assets/shiritori/konpon.png,asset,AI生成イラスト
こーたす,コータス,甲羅から煙を出す亀ポケモン。,コータス ポケモン,3,Torkoal,,,
こーでぃねいたー,コーディネイター,アニメ「機動戦士ガンダムSEED」の用語。遺伝子操作を受けて生まれた人々を指す。,コーディネイター ガンダム,3,Coordinator,,,
こーとじぼわーる,コートジボワール,西アフリカにある国。フランス語の国名は「象牙の海岸」という意味。,コートジボワール 国旗,3,Ivory Coast,,,
こーひーしゅがー,コーヒーシュガー,コーヒー用に作られた、大きな粒の茶色の砂糖の結晶。,コーヒーシュガー,2,Coffee sugar,,,
ご,五,よんの次で、ろくの前の、かずのなまえ。,五,1,Number 5,,,
ご,碁,白と黒の石を交互に盤上に置き、相手より広い陣地を作ることを目指すゲーム。,囲碁,1,Go,assets/shiritori/complete-2417.png,asset,AI生成イラスト
ごうせつ,豪雪,一度にたくさんの雪が降ること。また、その雪。,豪雪,2,Heavy snow,assets/shiritori/complete-0819.png,asset,AI生成イラスト
ごくりん,ゴクリン,なんでも飲み込む、いぶくろポケモン。,ゴクリン ポケモン,3,Gulpin,,,
ござ,ござ,い草という草であんだ、和室やお外にしいて座るマット。,ござ,1,,,,
ごちみる,ゴチミル,星の動きから未来を予知する、とほしポケモン。,ゴチミル ポケモン,3,Gothorita,,,
ごちむ,ゴチム,星を眺める、みつほしポケモン。,ゴチム ポケモン,3,Gothita,,,
ごちるぜる,ゴチルゼル,星の動きから未来を予知する、てんたいポケモン。,ゴチルゼル ポケモン,3,Gothitelle,,,
ごっこ,ごっこ,何かのまねをして遊ぶこと。,ごっこ,1,Play,assets/shiritori/complete-2424.png,asset,AI生成イラスト
ごっどがんだむ,ゴッドガンダム,アニメ「機動武闘伝Gガンダム」に登場するモビルファイター。主人公ドモン・カッシュの搭乗機。,ゴッドガンダム,3,God Gundam,,,
ごにょにょ,ゴニョニョ,静かに泣くささやきポケモン。,ゴニョニョ ポケモン,3,Whismur,,,
ごはん,ご飯,炊いた米。また、朝食や夕食などの食事。,ご飯,1,Rice,,,
ごびっと,ゴビット,古代の泥人形ポケモン。,ゴビット ポケモン,3,Golett,,,
ごぼう,ゴボウ,土のなかにふかくのびる、細くて茶色いお野菜。,ゴボウ,1,,,,
ごま,ゴマ,お料理にパラパラとかける、ちいさくて香ばしい粒の実。,ゴマ,1,,,,
ごまぞう,ゴマゾウ,力持ちの小象ポケモン。,ゴマゾウ,3,Phanpy,,,
ごみ,ゴミ,捨てる物や、いらなくなった物。,ゴミ,1,,,,
ごみばこ,ゴミ箱,ごみを入れておく箱や容器。,ゴミ箱,1,,,,
ごむ,ゴム,びよーんと伸びて、手をはなすともどるやわらかい素材。,ゴム,1,,,,
ごむかん,ゴムかん,ゴムで作られた柔らかい管。ガスや水の通り道として使う。,ゴム管,2,Rubber tubing,,,
ごむきゃっぷ,ゴムキャップ,スポイトの頭や、管の先にかぶせて密閉するためのゴム製の部品。,ゴムキャップ,2,Rubber cap,,,
ごむせん,ゴムせん,ゴムで作られた、びんや試験管にふたをするための道具。,ゴム栓,2,Rubber stopper,,,
ごむばん,ゴム板,ゴムで作られた平らな板。滑り止めや緩衝材として使う。,ゴム板,2,Rubber sheet,,,
ごりら,ゴリラ,アフリカにすむ、大型の類人猿。,ゴリラ,1,,,,
ごりらんだー,ゴリランダー,たたかうと森の草木に力を与える、ドラマーポケモン。,ゴリランダー ポケモン,3,Rillaboom,,,
ごるだっく,ゴルダック,泳ぎが得意な、あひるポケモン。,ゴルダック,3,Golduck,,,
ごるばっと,ゴルバット,鋭い歯で相手の血を吸う、こうもりポケモン。,ゴルバット,3,Golbat,,,
ごるーぐ,ゴルーグ,空を飛ぶこともできる、ゴーレムポケモン。,ゴルーグ ポケモン,3,Golurk,,,
ごろんだ,ゴロンダ,パンダのような姿をした、こわもてポケモン。,ゴロンダ ポケモン,3,Pangoro,,,
ごろーにゃ,ゴローニャ,硬い岩の体を持つ、メガトンポケモン。,ゴローニャ,3,Golem,,,
ごろーにゃあろーらのすがた,ゴローニャ(アローラのすがた),体に電気を帯びた、アローラ地方のゴローニャ。,ゴローニャ(アローラのすがた),3,Alolan Golem,,,
ごろーん,ゴローン,岩のような体を持つ、がんせきポケモン。,ゴローン,3,Graveler,,,
ごろーんあろーらのすがた,ゴローン(アローラのすがた),体に電気を帯びた、アローラ地方のゴローン。,ゴローン(アローラのすがた),3,Alolan Graveler,,,
ごんべ,ゴンベ,何でも食べる、おおぐいポケモン。,ゴンベ ポケモン,3,Munchlax,,,
ごーごーと,ゴーゴート,人を背中に乗せて歩く、ライドポケモン。,ゴーゴート ポケモン,3,Gogoat,,,
ごーす,ゴース,ガスでできた、ガスじょうポケモン。,ゴース,3,Gastly,,,
ごーすと,ゴースト,壁をすり抜ける、ガスじょうポケモン。,ゴースト,3,Haunter,,,
ごーりきー,ゴーリキー,とても力が強い、かいりきポケモン。,ゴーリキー,3,Machoke,,,
ごーる,ゴール,競技で得点する場所や、そこに入れること。また、目標や目的。,ゴール,1,Goal,assets/shiritori/complete-2454.png,asset,AI生成イラスト
さ,差,二つの物事を比べたときの違い。,差,1,Difference,assets/shiritori/complete-2455.png,asset,アプリ作成図
さい,才,物事をうまく行う能力。,才,2,Talent,assets/shiritori/complete-2456.png,asset,AI生成イラスト
さい,犀,鼻の上に大きな角がある、大型の動物。,サイ 動物,1,Rhinoceros,,,
さい,最高,程度や順番が最も高いこと。とてもよいことにも使う。,最高,1,,assets/shiritori/complete-2458.png,asset,AI生成イラスト
さいあく,最悪,程度や状態が最も悪いこと。,最悪,1,,assets/shiritori/complete-2459.png,asset,AI生成イラスト
さいおんじきんもち,西園寺公望,明治から昭和初期にかけての政治家。第12・14代内閣総理大臣を務めた。,西園寺公望 肖像,3,KinmochiSaionji,,,
さいがい,災害,地震や台風などによって、人や建物、生活に大きな被害が出ること。,災害,2,Disaster,assets/shiritori/complete-2461.png,asset,AI生成イラスト
さいきん,最近,今からあまり前ではない時期。,最近,1,,assets/shiritori/complete-2462.png,asset,AI生成イラスト
さいきん,細菌,目に見えないほど小さな生物。病気を起こすものもいる。,細菌,2,Bacteria,,,
さいく,細工,手先を使って、細かな物を作ること。,細工,2,Handicraft,assets/shiritori/complete-2464.png,asset,AI生成イラスト
さいくつ,採掘,地面を掘って、鉱物や燃料などを取り出すこと。,採掘,3,Mining,assets/shiritori/complete-2465.png,asset,AI生成イラスト
さいけつ,採血,検査などのために、人や動物から血液を採ること。,採血,2,Blood sampling,assets/shiritori/complete-2466.png,asset,AI生成イラスト
さいけん,再建,壊れた建物や組織、制度などを立て直すこと。,再建,2,Reconstruction,assets/shiritori/complete-2467.png,asset,AI生成イラスト
さいこがんだむ,サイコ・ガンダム,アニメ「機動戦士Zガンダム」に登場する大型モビルアーマー。サイコミュを搭載し、人型と飛行形態に変形する。,サイコ・ガンダム,3,Psyco Gundam,,,
さいこふれーむ,サイコフレーム,アニメ「機動戦士ガンダム」シリーズの用語。金属粒子レベルでサイコミュ機能を組み込んだ、MS用の特殊構造材。,サイコフレーム,3,,,,
さいこみゅ,サイコミュ,アニメ「機動戦士ガンダム」シリーズの用語。ニュータイプの感応波を使って、機体や兵器を遠隔操作するシステム。,サイコミュ ガンダム,3,Psychomu,,,
さいころ,サイコロ,投げたり転がしたりして、出た目を使う立方体の道具。一般的なものは六面体で、1から6までの目がある。,サイコロ,1,Dice,,,
さいご,最後,順番のいちばん後ろ。また、物事が終わるとき。,最後,1,Last,assets/shiritori/complete-2472.png,asset,アプリ作成図
さいごうたかもり,西郷隆盛,幕末から明治にかけて活躍した薩摩藩士・政治家。,西郷隆盛 肖像,2,Saigo Takamori,,,
さいさい,再々,同じことを何度も繰り返すこと。,何度も,2,,assets/shiritori/complete-2474.png,asset,AI生成イラスト
さいし,妻子,妻と子ども。,家族,2,Family,,,
さいしき,彩色,絵や模様に色をつけること。,彩色,2,Coloring,assets/shiritori/complete-2476.png,asset,AI生成イラスト
さいしゅ,採取,必要なものや資料などを集めて取ること。,採取,2,Collection,assets/shiritori/pv-catch.png,asset,AI生成イラスト
さいしゅう,最終,順番や段階のいちばん最後。,最終,1,Final,assets/shiritori/complete-2478.png,asset,アプリ作成図
さいしゅき,採取器,空気や水、土などの一部を採取するための道具。,採取器 道具,2,Sampler,,,
さいしょ,最初,順番のいちばん初め。また、物事が始まるとき。,最初,1,First,assets/shiritori/complete-2480.png,asset,アプリ作成図
さいしん,最新,その時点で最も新しいもの。,最新,1,Latest,assets/shiritori/complete-2481.png,asset,AI生成イラスト
さいじつ,祝日,法律で祝日と定められた日。日本では休日となる。,祝日,1,Holiday,,,
さいすん,採寸,お洋服をぴったり作るために、メジャーを使ってからだの長さを測ること。,採寸,2,Measurement,assets/shiritori/complete-2483.png,asset,AI生成イラスト
さいせい,再生,再び生きること。また、記録した音や映像をもう一度再生すること。,再生,1,Playback,assets/shiritori/complete-2484.png,asset,AI生成イラスト
さいせい,最盛,勢いや状態が最も盛んな時期。,最盛期,2,Peak,assets/shiritori/complete-2485.png,asset,AI生成イラスト
さいせん,賽銭,神社や寺に参拝するとき、供えるお金。,賽銭箱,1,Offertory,,,
さいた,最多,数や量が、ほかと比べて最も多いこと。,最多,2,,assets/shiritori/complete-2487.png,asset,アプリ作成図
さいたま,埼玉県,関東地方にある県。東京都の北に位置する。,埼玉県,1,Saitama,,,
さいだー,サイダー,炭酸ガスを含む、甘みのある清涼飲料水。,サイダー 飲料,2,Cider,,,
さいちゅう,最中,物事をしている途中。,最中,1,,assets/shiritori/complete-2490.png,asset,AI生成イラスト
さいてい,最低,程度や順番が最も低いこと。,最低,1,Minimum,assets/shiritori/complete-2491.png,asset,AI生成イラスト
さいてき,最適,目的や状況に最もよく合っていること。,最適,2,Optimum,assets/shiritori/complete-2492.png,asset,AI生成イラスト
さいてん,採点,答案などを調べ、点数をつけること。,採点,1,Scoring,assets/shiritori/complete-2493.png,asset,AI生成イラスト
さいとうまこと,斎藤実,日本の政治家。第30代内閣総理大臣を務めた。,斎藤実 肖像,3,MakotoSaito,,,
さいど,サイド,アニメ「機動戦士ガンダム」シリーズの用語。宇宙コロニーの集まりを分けた区域の呼び名。,サイド ガンダム,3,,,,
さいどん,サイドン,ドリルのような角を持つ、ドリルポケモン。,サイドン,3,Rhydon,,,
さいなん,災難,思いがけず身に降りかかる、困った出来事。,災難,2,Misfortune,assets/shiritori/complete-2497.png,asset,AI生成イラスト
さいのう,才能,物事をうまく行う能力や、将来伸びる可能性。,才能,1,Talent,assets/shiritori/complete-2498.png,asset,AI生成イラスト
さいはい,指揮,人や集団に指示を出し、全体を動かすこと。また、演奏者に合図を出すこと。,指揮,2,Direction,assets/shiritori/complete-2499.png,asset,AI生成イラスト
さいばん,裁判,裁判所が、法律に基づいて争いや犯罪について判断を示すこと。,裁判所,2,Trial,assets/shiritori/complete-2500.png,asset,AI生成イラスト
さいばんいんせいど,裁判員制度,選ばれた国民が重大な刑事裁判に参加し、裁判官とともに有罪かどうかや刑を決める制度。,裁判員制度 概念,2,Lay judge,assets/shiritori/complete-2501.png,asset,AI生成イラスト
さいばんしょ,裁判所,裁判を行い、法律に基づいて判断を示す機関。,裁判所 建物,2,Court,assets/shiritori/complete-2502.png,asset,AI生成イラスト
さいふ,財布,お金やカードなどを入れて持ち歩くための入れ物。,財布,1,Wallet,,,
さいほう,裁縫,針と糸を使って、布を縫ったり、衣服を作ったり直したりすること。,裁縫,1,Sewing,assets/shiritori/button-repair.png,asset,AI生成イラスト
さいほーん,サイホーン,岩のような皮膚を持つ、トゲトゲポケモン。,サイホーン,3,Rhyhorn,,,
さいみん,催眠,暗示などによって、人を特別な集中状態に導くこと。,催眠,3,Hypnosis,assets/shiritori/complete-2506.png,asset,AI生成イラスト
さいもく,細目,物事を細かく分けた一つ一つの項目。,細目,3,,,,
さいりょう,最良,いくつかの方法や物があるなかで、いちばん優れていて良いということ。,最良,2,Best,assets/shiritori/complete-2508.png,asset,AI生成イラスト
さいりょう,裁量,一定の範囲で、自分の判断によって物事を決めることができる権限。,裁量,3,Discretion,assets/shiritori/kouryo.png,asset,AI生成イラスト
さいれん,サイレン,危険などを知らせるために、大きな音を鳴らす装置。また、その音。,サイレン,1,Siren,,,
さいわい,幸い,運がよいこと。また、運よく望ましい結果になるさま。,幸い,1,Happiness,assets/shiritori/yorokobi.png,asset,AI生成イラスト
さうじあらびあ,サウジアラビア,中東にある国。,サウジアラビア 国旗,2,Saudi Arabia,,,
さうな,サウナ,熱気や蒸気で体を温め、汗をかくための設備や浴場。,サウナ,2,Sauna,,,
さえぎる,遮る,物の前に置いて、光や風、人の通り道などをさえぎること。,遮る,2,Interrupt,assets/shiritori/complete-2514.png,asset,AI生成イラスト
さえずる,囀る,鳥が細かく美しい声で鳴くこと。,小鳥,1,Chirp,assets/shiritori/complete-2515.png,asset,AI生成イラスト
さえる,冴える,頭の働きがはっきりすること。また、色や音などが鮮やかであること。,冴える,2,,assets/shiritori/chokkan.png,asset,AI生成イラスト
さお,竿,細長い棒。また、釣り糸をつけて魚を釣る道具。,竿,1,Pole,,,
さか,坂,傾斜のある道。,坂道,1,Slope,,,
さかい,境,土地や物事を分ける境目。,境,2,Boundary,,,
さかえる,栄える,人や店が集まり、にぎわって栄えること。町や店が栄えるというように使う。,栄える,1,Flourish,assets/shiritori/complete-1908.png,asset,AI生成イラスト
さかき,榊,神棚や神社に供える常緑の木で、枝を玉串として使うこともある。,サカキ,2,Cleyera,,,
さかさ,逆さ,上下や前後が、ふだんとは反対になった状態。,逆さ,1,Upside down,assets/shiritori/complete-2522.png,asset,AI生成イラスト
さかだち,逆立ち,両手を床について体を支え、足を上に向ける姿勢。,逆立ち,1,Handstand,assets/shiritori/complete-2523.png,asset,AI生成イラスト
さかちょう,坂町,広島県南西部にある町。東と南は山地に接し、西は瀬戸内海に面する。,坂町,1,Saka-cho,,,
さかな,魚,えらで呼吸し、ひれを使って水中を泳ぐ動物。魚には海にすむものと川にすむものがいる。,魚,1,Fish,,,
さかまく,逆巻く,水や波が、逆向きに巻くように激しくうねること。,波,3,,assets/shiritori/complete-2526.png,asset,AI生成イラスト
さかみち,坂道,傾斜のある道。上り坂と下り坂がある。,坂道,1,Slope,,,
さかむけ,さかむけ,指の爪のきわの皮がめくれたもの。乾燥などでできることがある。,さかむけ,1,Hangnail,,,
さかめ,逆目,木材の繊維の向きが、削る向きに逆らう部分。また、水などの流れに逆らうこと。,木目,3,,assets/shiritori/complete-2529.png,asset,AI生成イラスト
さかもとりょうま,坂本龍馬,幕末の志士。薩長同盟の仲立ちをし、大政奉還を進めるなどした。,坂本龍馬 肖像,2,Sakamoto Ryoma,,,
さかもり,酒宴,人が集まり、酒を飲みながら楽しむ会。,酒宴,2,Banquet,,,
さかや,酒屋,酒類を売る店。酒屋によっては食品なども扱う。,酒屋,2,Liquor store,,,
さからう,逆らう,人の意見や命令に従わず、反対の行動をすること。また、流れや力に逆らうこと。,逆らう,1,Defy,assets/shiritori/complete-2533.png,asset,AI生成イラスト
さかり,盛り,物事の勢いが最も盛んな時期や状態。動物の発情期を指すこともある。,盛り,2,Peak,assets/shiritori/complete-2534.png,asset,AI生成イラスト
さかん,盛ん,物事が活発に行われているようす。,盛ん,2,,assets/shiritori/complete-2535.png,asset,AI生成イラスト
さが,佐賀県,九州地方の北西部にある県。有田焼などで知られる。,佐賀県,1,Saga,,,
さがる,下がる,位置や数値が低い方へ動くこと。熱や値段が下がる場合にも使う。,下がる,1,,assets/shiritori/complete-2537.png,asset,AI生成イラスト
さき,先,順番や場所が前の方。また、今より後の時間や場所を指すこともある。,先,1,Future,assets/shiritori/complete-2538.png,asset,AI生成イラスト
さきおととい,一昨昨日,今日から三日前の日。おとといの前の日。,カレンダー,2,Three days ago,,,
さきがけ,先駆け,ほかの人より先に新しいことを始めること。また、その先頭に立つ人やもの。,先駆け,3,Pioneer,assets/shiritori/complete-3187.png,asset,AI生成イラスト
さきだつ,先立つ,ほかのことより先に起こること。また、費用などが先に必要になること。,先立つ,2,,assets/shiritori/complete-2541.png,asset,AI生成イラスト
さきほど,先程,今より少し前の時。さっき。,先程,1,,assets/shiritori/complete-2542.png,asset,AI生成イラスト
さきもの,先物,将来の決められた時期に、あらかじめ決めた価格で売買する取引。,取引,3,Futures,,,
さきゆき,先行き,これから先に物事がどうなるかという見通し。,将来,2,Future,assets/shiritori/complete-2544.png,asset,AI生成イラスト
さぎ,詐欺,人をだまして金品を得たり、相手に損害を与えたりすること。,詐欺,3,Fraud,assets/shiritori/complete-2545.png,asset,AI生成イラスト
さぎ,鷺,水辺などにすむ首や足の長い鳥。白い種類のほか、灰色などの種類もいる。,サギ 鳥,1,Heron,,,
さく,咲く,草木のつぼみが開いて花になること。,咲く,1,Bloom,assets/shiritori/complete-2547.png,asset,AI生成イラスト
さく,柵,木や金属などを並べて作る仕切り。人や動物の出入りを防いだり、区切りを示したりする。,柵,1,Fence,,,
さく,裂く,紙や布などを引き離すようにして破ること。,裂く,1,Tear,assets/shiritori/complete-1648.png,asset,AI生成イラスト
さくいん,索引,本などで、項目を五十音順などに並べ、載っているページを示した一覧。,索引,2,Index,,,
さくが,作画,絵を描くこと。特に漫画やアニメーションなどで、画面に使う絵を作ることを指す。,作画,2,Drawing,assets/shiritori/complete-2551.png,asset,AI生成イラスト
さくげん,削減,数量や規模を減らすこと。人員や費用などを減らす場合にも使う。,削減,2,Reduction,assets/shiritori/complete-2552.png,asset,AI生成イラスト
さくさく,サクサク,軽く歯切れよく砕ける音や、そのような食感。,クッキー,1,Crispy,,,
さくさん,酢酸,酢の主成分となる酸性の物質。,酢酸 薬品,2,Acetic acid,,,
さくしゃ,作者,作品を作った人。小説や絵など、さまざまな作品について使う。,作者,1,Author,,,
さくじょ,削除,文章やデータなどを取り除いて消すこと。,削除,2,Deletion,assets/shiritori/complete-2556.png,asset,AI生成イラスト
さくせい,作成,書類や計画などを作ること。,作成,1,Creation,assets/shiritori/complete-2557.png,asset,AI生成イラスト
さくせん,作戦,目標を達成するために、前もって考える進め方や計画。,作戦,1,Strategy,assets/shiritori/aw-kentou.png,asset,AI生成イラスト
さくひん,作品,絵や文章など、作ったもの。芸術や研究の成果にも使う。,作品,1,Artwork,assets/shiritori/sakuhin.png,asset,AI生成イラスト
さくぶん,作文,考えや経験などを文章に書き表すこと。また、その文章。,作文,1,Essay,assets/shiritori/kaku.png,asset,AI生成イラスト
さくもつ,作物,人が育てて収穫する植物。米や野菜などがある。,作物,2,Crops,,,
さくら,桜,春に花を咲かせる木。日本では多くの種類が親しまれている。,サクラ 花,1,Cherry blossom,,,
さくらんぼ,サクランボ,サクラの木になる実。食用の品種は甘酸っぱい味がする。,サクランボ,1,Cherry,,,
さくり,さくり,簡単に切れるようすや、細かい砂などを踏んだときの音を表す言葉。,切る,2,,assets/shiritori/complete-2564.png,asset,AI生成イラスト
さくる,昨流,前の時代から伝わっている、昔ながらのやり方やスタイルのこと,伝統,3,,assets/shiritori/complete-2565.png,asset,AI生成イラスト
さくれつ,炸裂,爆発して勢いよく破れること。勢いや力が一気に表れることにも使う。,炸裂,2,Explosion,assets/shiritori/complete-2566.png,asset,AI生成イラスト
さぐり,探り,相手の気持ちや事情などを、それとなく調べること。手で探すことを指す場合もある。,探る,2,,assets/shiritori/complete-2028.png,asset,AI生成イラスト
さぐる,探る,手で触れたり調べたりして、見えないものや分からないことを見つけようとすること。,探る,1,Search,assets/shiritori/complete-2028.png,asset,AI生成イラスト
さけ,サケ,サケ科の魚。多くの種類は海と川を行き来し、川で生まれて海で育った後に産卵のため川へ戻る。,サケ,1,,,,
さけ,鮭,サケの別の書き方。サケ科の魚で、焼き魚などにして食べられる。,サケ 魚,1,Salmon,,,
さけ,酒,酒やビールなど、アルコールを含む飲み物。,酒,1,Sake,,,
さけび,叫び,大きな声で言うこと。また、その声。,叫び,1,Scream,assets/shiritori/complete-1329.png,asset,AI生成イラスト
さけぶ,叫ぶ,大きな声を出すこと。助けを求めるときや、強い気持ちを表すときにも使う。,叫ぶ,1,Shout,assets/shiritori/complete-1329.png,asset,AI生成イラスト
さけぶしっぽ,サケブシッポ,ポケットモンスターシリーズに登場するポケモン。図鑑の分類はパラドックスポケモン。,サケブシッポ ポケモン,3,Scream Tail,,,
さける,避ける,ぶつかったり関わったりしないように、別の方向へ動くこと。,避ける,1,Avoid,assets/shiritori/complete-1286.png,asset,AI生成イラスト
さける,裂ける,紙や布などが、裂け目を生じて破れること。,裂ける,1,Split,assets/shiritori/complete-1648.png,asset,AI生成イラスト
さげ,下げ,位置や値段などを低くすること。また、その状態。,下げ,2,,assets/shiritori/complete-2577.png,asset,AI生成イラスト
さこつ,鎖骨,首の下から胸の上部にかけて、左右に横たわる骨。,鎖骨,2,Clavicle,,,
ささ,笹,竹の仲間の植物。細長い葉をつける。,ササ 植物,1,Bamboo grass,,,
ささい,些細,ほんの少しで、取るに足りないこと。,些細,2,Trivial,assets/shiritori/complete-2580.png,asset,AI生成イラスト
ささえる,支える,倒れたり落ちたりしないように、力を加えて持ちこたえさせること。人や組織を助ける意味にも使う。,支える,1,Support,assets/shiritori/pv-support-v2.png,asset,AI生成イラスト
ささき,佐々木,日本の名字の一つ。,名字,2,,,,
ささやき,囁き,声をひそめて話すこと。また、その小さな声。,囁き,1,Whisper,assets/shiritori/ss-private-talk.png,asset,AI生成イラスト
ささやく,囁く,声をひそめて話すこと。,囁き,1,Whisper,assets/shiritori/ss-private-talk.png,asset,AI生成イラスト
ささる,刺さる,とがった物が、中に入り込むこと。,刺さる,1,Stuck,assets/shiritori/complete-2585.png,asset,AI生成イラスト
さざびー,サザビー,アニメ映画「機動戦士ガンダム 逆襲のシャア」に登場するモビルスーツ。ネオ・ジオン総帥シャア・アズナブルの専用機。,サザビー ガンダム,3,Sazabi,,,
さざんどら,サザンドラ,ポケットモンスターシリーズに登場するポケモン。三つの頭を持つあく・ドラゴンタイプ。,サザンドラ ポケモン,3,Hydreigon,,,
さし,差紙,江戸時代に役所が出した呼び出し状。尋問や命令を伝えるため、指定の日に役所へ来るよう求めた。,古文書,3,,,,
さしかかる,差し掛かる,ある場所や時期に近づくこと。峠や曲がり角などにさしかかる場合にも使う。,山道,2,,assets/shiritori/complete-2589.png,asset,AI生成イラスト
さしかます,サシカマス,ポケットモンスターシリーズに登場するポケモン。図鑑の分類はきんぎょポケモン。,サシカマス ポケモン,3,Arrokuda,,,
さしき,挿し木,植物の枝などを切り取り、土に挿して根を出させ、新しい株を育てる方法。,挿し木,2,Cutting,assets/shiritori/complete-2591.png,asset,AI生成イラスト
さしこみ,差し込み,物を穴やすき間に差し入れること。また、差し入れた物や部分。,差し込み 接続,2,Plug,assets/shiritori/complete-2592.png,asset,AI生成イラスト
さしず,指図,人に指示を出して動かすこと。,指図,2,Direction,assets/shiritori/complete-2593.png,asset,AI生成イラスト
さしだしにん,差出人,手紙や荷物を送った人。,手紙,1,Sender,,,
さしだす,差し出す,手や物を前に出すこと。また、相手に渡すために差し出すこと。,差し出す,1,Present,assets/shiritori/sashidasu.png,asset,AI生成イラスト
さしつかえ,差し支え,物事をするうえで困ることや都合の悪いこと。多く「差し支えがある・ない」の形で使う。,問題,2,,assets/shiritori/complete-2596.png,asset,AI生成イラスト
さしつかえる,差し支える,物事の進行を妨げたり、都合が悪くなったりすること。,困る,2,,assets/shiritori/complete-2597.png,asset,AI生成イラスト
さしひき,差し引き,ある数や金額から別の数や金額を引くこと。また、差し引いた残り。,計算,2,Deduction,assets/shiritori/complete-2598.png,asset,アプリ作成図
さしみ,刺身,魚介類などを生のまま切り分けた料理。魚の刺身がよく知られる。,刺身,1,Sashimi,,,
さしもどす,差し戻す,提出された書類や案件を、前の担当者や段階へ返すこと。,差し戻す,3,,assets/shiritori/complete-2600.png,asset,AI生成イラスト
さしよる,差し寄る,相手や物の近くへ寄ること。,近づく,3,,assets/shiritori/complete-2601.png,asset,AI生成イラスト
さじ,さじ,小さなスプーン。粉や液体をすくうのに使う。,薬さじ,2,Spatula,,,
さじ,匙,食べ物をすくって口に運ぶ道具。スプーン。,スプーン,1,Spoon,,,
さじ加減,匙加減,物事の程度や量を、状況に合わせて加減すること。,匙,2,,assets/shiritori/complete-2604.png,asset,AI生成イラスト
さす,刺す,とがった物を突き入れること。針や針金などを使う場合にもいう。,刺す,1,Sting,assets/shiritori/complete-2605.png,asset,AI生成イラスト
さす,指す,指などで方向や場所を示すこと。また、将棋や時計などでその位置を示すこと。,指す,1,Point,assets/shiritori/pv-point.png,asset,AI生成イラスト
さす,差す,傘を開いて頭上にかざすこと。光が差すなど、別の意味でも使われる。,傘,1,Umbrella,assets/shiritori/complete-2607.png,asset,AI生成イラスト
さすまた,刺股,長い棒の先に二股の金具がついた道具。相手の動きを押さえるために使う。,さすまた,2,Sasumata,,,
さすらう,流浪う,あてもなく、定まった目的もなくあちこち歩き回ること。,旅人,3,,assets/shiritori/complete-2609.png,asset,AI生成イラスト
さする,擦る,物の表面をこすること。手で肌をなでる意味にも使う。,擦る,1,Massage,assets/shiritori/complete-2610.png,asset,AI生成イラスト
さずかる,授かる,人から大切なものをいただくこと。子どもや知恵などを得る場合にも使う。,授かる,2,,assets/shiritori/complete-2611.png,asset,AI生成イラスト
さずける,授ける,人に知識や物などを与えること。,授ける,2,Bestow,assets/shiritori/sashidasu.png,asset,AI生成イラスト
さた,沙汰,知らせや評判。また、判断や処置を指すこともある。,ニュース,3,,assets/shiritori/complete-2613.png,asset,AI生成イラスト
さたい,砂体,砂漠や海の底にある、砂が大量に集まってできた大きな塊や層のこと,砂,3,Sand,,,
さだいじゃ,サダイジャ,ポケットモンスターシリーズに登場するポケモン。図鑑の分類はすなへびポケモン。,サダイジャ ポケモン,3,Sandaconda,,,
さだか,定か,はっきりしていて確かなこと。「定かではない」の形でも使う。,確か,2,,assets/shiritori/complete-2616.png,asset,AI生成イラスト
さだまる,定まる,物事が決まること。方針や形がはっきりする場合にも使う。,決まる,2,,assets/shiritori/complete-2617.png,asset,AI生成イラスト
さだめる,定める,物事を決めること。規則や基準を設ける場合にも使う。,定める,2,Establish,assets/shiritori/complete-2617.png,asset,AI生成イラスト
さち,幸,幸せや幸運。また、海や山でとれる食べ物を「海の幸」「山の幸」という。,幸,1,Blessing,assets/shiritori/yorokobi.png,asset,AI生成イラスト
さっちむし,サッチムシ,ポケットモンスターシリーズに登場するポケモン。図鑑の分類はようちゅうポケモン。,サッチムシ ポケモン,3,Blipbug,,,
さつ,札,紙や木などで作った札。紙幣や値札、名札などを指すこともある。,紙幣,1,Banknote,,,
さつえい,撮影,カメラなどで写真や映像を記録すること。,撮影,1,Photography,assets/shiritori/complete-2622.png,asset,AI生成イラスト
さつき,皐月,陰暦の五月の別名。また、ツツジの仲間のサツキを指すこともある。,サツキ 花,2,Azalea,,,
さつまいも,サツマイモ,ヒルガオ科の植物で、地下にできる根を食用にする。焼きいもや料理に使われる。,サツマイモ,1,Sweet potato,,,
さつりく,殺戮,多くの人や生き物をむごく殺すこと。,戦争,3,,assets/shiritori/complete-2625.png,asset,AI生成イラスト
さて,さて,話題を切り替えたり、話を先へ進めたりするときに使う言葉。,さて,1,,,,
さてい,査定,物の価値や状態などを調べて評価すること。価格や成績などを決める場合にも使う。,査定,3,Assessment,assets/shiritori/complete-2627.png,asset,AI生成イラスト
さとう,砂糖,甘みをつける調味料。サトウキビやテンサイなどから作る。,砂糖,1,,,,
さとう,さとう,甘みをつける調味料。砂糖は水に溶けると、見た目にはほぼ透明になる。,砂糖 物質,2,Sugar,,,
さとうえいさく,佐藤栄作,日本の第61代から第63代までの内閣総理大臣を務めた政治家。沖縄返還を実現し、非核三原則を表明した。,佐藤栄作 肖像,3,EisakuSato,,,
さとうすい,さとう水,砂糖を水に溶かした液体。,砂糖水 水溶液,2,Sugar water,,,
さとり,悟り,物事の真理を理解すること。仏教では迷いを離れて真理を知ることをいう。,悟り,3,Enlightenment,assets/shiritori/complete-2632.png,asset,AI生成イラスト
さとる,悟る,物事の意味や事情を理解すること。はっきり言われていない気持ちに気づく意味にも使う。,気づく,2,,assets/shiritori/satoru.png,asset,AI生成イラスト
さどう,茶道,日本の伝統文化の一つ。茶をたてて客に出し、作法を通してもてなす。,茶道,2,Tea ceremony,,,
さどう,作動,機械や装置が動き始めること。また、機械を動かすこと。,作動,2,Operation,assets/shiritori/complete-2635.png,asset,AI生成イラスト
さなか,最中,物事が進んでいる、その真ん中の時。,最中,2,,assets/shiritori/complete-2636.png,asset,AI生成イラスト
さなぎ,蛹,昆虫が幼虫から成虫へ変わる途中の姿。チョウでは、さなぎの間に体が大きく変わる。,サナギ,1,Pupa,assets/shiritori/complete-2637.png,asset,AI生成イラスト
さなぎらす,サナギラス,ポケットモンスターシリーズに登場するポケモン。図鑑の分類はだんがんポケモン。,サナギラス ポケモン,3,Pupitar,,,
さなだむし,サナダムシ,動物の体内に寄生する、細長く平たい形の虫。,寄生虫,3,Tapeworm,,,
さにごーん,サニゴーン,ポケットモンスターシリーズに登場するポケモン。ガラルのサニーゴから進化したゴーストタイプ。,サニゴーン,3,Cursola,,,
さにーご,サニーゴ,ポケットモンスターシリーズに登場するポケモン。図鑑の分類はさんごポケモン。,サニーゴ,3,Corsola,,,
さにーごがらるのすがた,サニーゴ(ガラルのすがた),ポケットモンスターシリーズに登場するガラル地方のサニーゴ。白く骨のようになった姿をしている。,サニーゴ(ガラルのすがた),3,Galarian Corsola,,,
さね,核,物や組織の中心となる部分。果物の硬い種を指すこともある。,種,3,,assets/shiritori/complete-2643.png,asset,AI生成イラスト
さの,佐野,日本の名字や地名に使われる名前。栃木県などに佐野という地名がある。,地名,2,,,,
さば,鯖,背中が青く、流線形の体をした海の魚。塩焼きやしめさばなどにして食べる。,サバ 魚,1,Mackerel,,,
さばいばる,サバイバル,危険や困難がある状況で、生き延びること。また、そのための技術や知識。,サバイバル,2,Survival,assets/shiritori/complete-2646.png,asset,AI生成イラスト
さばく,砂漠,雨が少なく乾燥した地域。砂地だけでなく、岩やれきの多い砂漠もある。,砂漠,1,Desert,,,
さばく,裁く,物事の是非や責任について判断を下すこと。裁判で判決を出す意味にも使う。,裁判官,2,Judge,assets/shiritori/complete-2500.png,asset,AI生成イラスト
さび,錆,金属の表面にできる腐食の生成物。鉄にできる赤茶色のものがよく知られる。,錆,2,Rust,,,
さびしい,寂しい,心細く、もの足りないと感じる気持ち。また、人や場所が少なく静かなようす。,寂しい,1,Lonely,assets/shiritori/sabishii.png,asset,AI生成イラスト
さびる,錆びる,鉄などの金属が空気や水分と反応して、表面にさびができること。,錆びる,1,Rusting,assets/shiritori/complete-2651.png,asset,AI生成イラスト
さびれる,寂れる,人通りや活気が減って、にぎわいを失うこと。,寂れる,2,,assets/shiritori/complete-2652.png,asset,AI生成イラスト
さふらん,サフラン,紫色の花を咲かせる植物。めしべを乾燥させたものは香辛料や色づけに使われる。,サフラン 花,2,Saffron,,,
さぶい,寒い,気温が低く感じられること。また、冗談などがつまらないときにも使う。,寒い,1,Cold,assets/shiritori/complete-2654.png,asset,AI生成イラスト
さぷらいず,サプライズ,予想していない出来事や贈り物で、人を驚かせること。,サプライズ,1,Surprise,assets/shiritori/sapuraizu.png,asset,AI生成イラスト
さべつ,差別,人の属性などを理由に、不公平に扱ったり機会を奪ったりすること。,差別,2,Discrimination,assets/shiritori/complete-2656.png,asset,AI生成イラスト
さほう,作法,その場にふさわしい動作や言葉の使い方。,作法,2,Etiquette,assets/shiritori/reigi.png,asset,AI生成イラスト
さぼてん,サボテン,乾燥に強い植物の一群。多くは茎に水を蓄え、とげを持つ。,サボテン,1,Cactus,,,
さぼねあ,サボネア,ポケットモンスターシリーズに登場するポケモン。図鑑の分類はサボテンポケモン。,サボネア ポケモン,3,Cacnea,,,
さぼる,サボる,するべきことを怠けて休むこと。仕事や授業を休む意味にも使う。,サボる,1,Slack off,assets/shiritori/aw-nonki.png,asset,AI生成イラスト
さぽーと,サポート,人や物事がうまくいくように助けること。また、その支援。,サポート,1,Support,assets/shiritori/sapooto.png,asset,AI生成イラスト
さま,様,人の名前などの後につけて、敬意を表す言葉。,様,1,,,,
さまづけ,様付け,名前を呼ぶときに、敬称の「様」をつけること。,挨拶,2,,assets/shiritori/complete-2663.png,asset,アプリ作成図
さまよふ,彷徨う,あてもなく、どこへ行くか定めずに歩き回ること。,迷子,2,Wander,assets/shiritori/complete-2664.png,asset,AI生成イラスト
さまる,冷まる,熱いものの温度が下がること。,冷める,1,,assets/shiritori/complete-2665.png,asset,AI生成イラスト
さみだれ,五月雨,梅雨のころに降り続く長雨。陰暦五月ごろの雨をいう。,五月雨,3,Early summer rain,,,
さみっと,サミット,各国や組織の首脳などが集まって開く重要な会議。,サミット 会議,2,Summit,,,
さむい,寒い,気温が低く、体に冷たさを感じること。,寒い,1,Cold,assets/shiritori/complete-2654.png,asset,AI生成イラスト
さむらい,侍,主君に仕えた武士。,侍,1,Samurai,,,
さめ,鮫,軟骨でできた骨格を持つ魚の一群。多くは海にすみ、種類によって大きさや食性が異なる。,サメ,1,Shark,,,
さめはだー,サメハダー,ポケットモンスターシリーズに登場するポケモン。図鑑の分類はきょうぼうポケモン。,サメハダー ポケモン,3,Sharpedo,,,
さめる,冷める,熱いものの温度が下がること。また、興味や熱意を失う意味にも使う。,冷める,1,Cooling,assets/shiritori/complete-2672.png,asset,AI生成イラスト
さも,さも,いかにもそのとおりだという様子を表す言葉。,笑顔,2,,assets/shiritori/complete-2673.png,asset,AI生成イラスト
さもん,査問,人や組織に事情を問いただし、問題の内容を調べること。,査問,3,Interrogation,assets/shiritori/complete-2674.png,asset,AI生成イラスト
さや,鞘,刀や包丁などの刃をおさめる筒状の入れ物。,鞘,2,Scabbard,,,
さやえんどう,サヤエンドウ,若いさやごと食べるエンドウの仲間。,サヤエンドウ,1,Snow pea,,,
さゆ,白湯,水を沸かしてから冷ましたもの。飲み水や薬を飲むときなどに使う。,白湯,2,Hot water,,,
さゆう,左右,左と右。また、物事の成り行きや人の行動に大きく影響を与えること。,左右,1,Left and right,assets/shiritori/complete-2678.png,asset,AI生成イラスト
さよう,作用,あるものがほかのものに働きかけ、変化を起こすこと。,作用,2,Action,assets/shiritori/complete-1426.png,asset,AI生成イラスト
さよう,左様,そのとおり、またはそのように、という意味の改まった言葉。,お辞儀,3,,assets/shiritori/henji.png,asset,AI生成イラスト
さようなら,さようなら,別れるときに使うあいさつの言葉。,挨拶,1,Goodbye,assets/shiritori/sayounara.png,asset,AI生成イラスト
さよなら,さようなら,別れるときに使うあいさつの言葉。「さようなら」と同じ意味。,挨拶,1,Goodbye,,,
さより,サヨリ,細長くとがった下あごを持つ海水魚。,サヨリ 魚,2,Japanese halfbeak,,,
さら,皿,食べ物などを盛る、浅く平たい器。,皿 食器,1,Plate,,,
さらあらい,皿洗い,食事のあとなどに、使った皿や食器を洗うこと。,皿洗い,1,Dishwashing,assets/shiritori/complete-0139.png,asset,AI生成イラスト
さらいげつ,再来月,来月の次の月。今から二か月後の月。,カレンダー,1,Two months later,,,
さらいねん,再来年,来年の次の年。今から二年後の年。,カレンダー,1,Two years later,,,
さらさら,サラサラ,水や髪などが、軽くなめらかに動くようす。また、乾いて細かなものの手ざわりを表す。,さらさら,1,Smooth,assets/shiritori/complete-2688.png,asset,AI生成イラスト
さらだ,サラダ,野菜などを切って盛り合わせたり、味つけしたりした料理。,サラダ,1,Salad,,,
さらち,更地,建物がなく、平らになっている土地。,更地,2,Vacant land,,,
さらまわし,皿回し,棒の先などに皿をのせ、落とさないように回す芸。,皿回し,1,Plate spinning,assets/shiritori/complete-2691.png,asset,AI生成イラスト
さらりーまん,サラリーマン,会社や役所などに勤め、給料を受け取る人。,サラリーマン,1,Office worker,,,
さる,猿,霊長類のうち、サルの仲間の動物。種類によって暮らし方や体つきは異なる。,サル,1,Monkey,,,
さるとび,猿飛,忍者のように、すばやく飛びまわること,忍者,1,,assets/shiritori/complete-3059.png,asset,AI生成イラスト
さるのこしかけ,サルノコシカケ,木の幹などに生える硬いきのこの総称。猿の腰掛けに見立てた名前。,サルノコシカケ,2,Polypore,,,
さるのり,サルノリ,ポケットモンスターシリーズに登場するポケモン。棒でリズムを取って戦う草タイプ。,サルノリ ポケモン,3,Grookey,,,
さわ,沢,山あいの谷や、そこを流れる水のこと。,沢,2,Mountain stream,,,
さわいずみちゆ,沢泉ちゆ,アニメ「ヒーリングっど♥プリキュア」の登場人物。キュアフォンテーヌに変身する。,沢泉ちゆ アニメ,3,,,,
さわがしい,騒がしい,音や声が大きく、落ち着かないようす。,騒がしい,1,Noisy,assets/shiritori/nigiyaka.png,asset,AI生成イラスト
さわぎ,騒ぎ,人が集まって騒がしくなること。また、事件などで混乱すること。,騒ぎ,1,Uproar,assets/shiritori/nigiyaka.png,asset,AI生成イラスト
さわむらー,サワムラー,ポケットモンスターシリーズに登場するポケモン。図鑑の分類はキックポケモン。,サワムラー,3,Hitmonlee,,,
さわやか,爽やか,さっぱりとして気持ちがよいようす。天気や人柄などに使う。,爽やか,1,Refreshing,assets/shiritori/sawayaka.png,asset,AI生成イラスト
さわる,触る,手や指などで物にふれること。,触る,1,Touch,assets/shiritori/pv-touch.png,asset,AI生成イラスト
さわる,障る,体や物事に悪い影響を与えること。「体に障る」の形でよく使う。,体調不良,2,,assets/shiritori/complete-2704.png,asset,AI生成イラスト
さん,三,二の次の数。数字では「3」と書く。,三,1,Number 3,,,
さん,算,数を数えたり、計算したりすること。,算数,1,Arithmetic,assets/shiritori/complete-1916.png,asset,AI生成イラスト
さんあく,三悪,仏教でいう三つの悪い世界。地獄と餓鬼と畜生の世界を指す。,仏教,3,,,,
さんか,参加,集まりや催しなどに加わること。,参加,1,Participation,assets/shiritori/sanka.png,asset,AI生成イラスト
さんか,酸化,物質が酸素と結びつくなどして変化する化学反応。鉄がさびるのは酸化の一例。,酸化,2,Oxidation,assets/shiritori/complete-2709.png,asset,AI生成イラスト
さんかく,三角,三本の線で囲まれ、三つの角を持つ形。,三角形,1,Triangle,,,
さんかくか,三角か,実験で器具を火にかけるときに使う、金属製の三角形の台。,三角架 道具,2,Clay triangle,,,
さんかくふらすこ,三角フラスコ,底が平らで、口に向かって広がる円すい形の実験用容器。,三角フラスコ,2,Erlenmeyer flask,,,
さんかくろうと,三角ろうと,液体を別の容器へ移すときに使う、円すい形の口を持つ道具。,ろうと 道具,2,Funnel,,,
さんがく,山岳,山々。また、山が多く連なった地域。,山岳,2,Mountain range,,,
さんがつ,三月,一年の三番目の月。,カレンダー,1,March,,,
さんきゃく,三きゃく,実験器具を支えるために使う、三本の足がある台。,三脚 実験,2,Tripod,,,
さんぎいん,参議院,日本の国会をつくる議院の一つ。参議院議員の任期は六年で、解散はない。,参議院 議場,2,House of Councillors,,,
さんぎょう,産業,人々の暮らしに必要な品物やサービスを作り、届ける仕事のまとまり。農業や製造業などがある。,産業,2,Industry,assets/shiritori/complete-2718.png,asset,AI生成イラスト
さんぐらす,サングラス,強い光をおさえるための色付きレンズのめがね。,サングラス,1,Sunglasses,,,
さんけい,参詣,神社や寺にお参りすること。,参拝,2,Worship,assets/shiritori/complete-2720.png,asset,AI生成イラスト
さんけんぶんりつ,三権分立,国の権力を立法・行政・司法の三つに分ける考え方。,三権分立 概念,2,,assets/shiritori/complete-2721.png,asset,AI生成イラスト
さんごく,三国,三つの国。また、中国の歴史上の魏・呉・蜀を指すこともある。,三国志,2,Three Kingdoms,,,
さんさい,山菜,山や野に自然に生える食用の植物。,山菜,2,Wild vegetables,,,
さんさろ,三叉路,道路が三つの方向に分かれる場所。,三叉路,2,Three-way junction,,,
さんさん,燦々,光が明るく輝くようす。,太陽光,2,Sunlight,,,
さんしき,三色,三つの色。また、三種類の色を組み合わせたもの。,三色,1,Three colors,,,
さんした,三下,集団の中で地位や立場が低い人を指す俗な言葉。,下っ端,3,,,,
さんしゃ,三者,三人の人、または三つの組織や立場。,三人,2,Three parties,,,
さんしゅ,三種,三つの種類。また、三種類の組み合わせ。,三種,2,,,,
さんしょう,山椒,香りや辛みがある木の実で、料理の香辛料として使われる。,サンショウ,2,Sichuan pepper,,,
さんしんせい,三審制,裁判の判決に不服がある場合に、原則として三段階まで審理を受けられる仕組み。,三審制 図解,2,,assets/shiritori/complete-2500.png,asset,AI生成イラスト
さんじつ,三十日,月の三十日目。また、三十日間を指すこともある。,カレンダー,1,30th day,assets/shiritori/complete-2732.png,asset,AI生成イラスト
さんじゅ,三十,十が三つ分の数。,三十,1,Thirty,,,
さんすう,算数,数や形、量などについて学ぶ教科。,算数,1,Arithmetic,,,
さんせい,酸性,水溶液が酸としての性質を示すこと。リトマス紙を赤くする性質がある。,酸性,2,Acid,assets/shiritori/complete-2735.png,asset,アプリ作成図
さんせい,賛成,意見や提案をよいと認め、賛同すること。,賛成,1,Agreement,assets/shiritori/sansei.png,asset,AI生成イラスト
さんせき,山積,物事がたくさん積み重なっていること。仕事や問題が多くある状態にも使う。,山積,2,Pile up,assets/shiritori/complete-2737.png,asset,AI生成イラスト
さんそ,酸素,元素の一つで、空気中にも含まれる気体。多くの生き物が呼吸に使う。,酸素,2,Oxygen,,,
さんそぼんべ,酸素ボンベ,酸素を入れて持ち運ぶための容器。医療や作業などで使う。,酸素ボンベ,2,Oxygen tank,,,
さんそようけんちかん,酸素用(気体)検知管,空気などに含まれる酸素の量を調べる試薬入りの管。,酸素検知管,2,Oxygen detector tube,,,
さんそようのきたいけんちかん,酸素用の気体検知管,気体に含まれる酸素の割合を調べるための検知管。,酸素検知管,2,Oxygen detector tube,,,
さんそん,山村,山あいにある村。,山村,2,Mountain village,,,
さんたくろーす,サンタクロース,クリスマスに子どもへ贈り物を届けるとされる伝説上の人物。,サンタクロース,1,Santa Claus,,,
さんだる,サンダル,足をおおう部分が少なく、足首やかかとが出る形の履き物。,サンダル,1,Sandals,,,
さんだー,サンダー,ポケットモンスターシリーズに登場する伝説のポケモン。図鑑の分類はでんげきポケモン。,サンダー,3,Zapdos,,,
さんだーす,サンダース,ポケットモンスターシリーズに登場するポケモン。イーブイが進化した姿の一つで、でんきタイプ。,サンダース,3,Jolteon,,,
さんち,産地,物や作物が生産された土地や地域。,産地,2,Production area,,,
さんちょう,山頂,山の最も高いところ。,山頂,1,Mountain peak,,,
さんとめぷりんしぺ,サントメ・プリンシペ,アフリカの西岸近く、ギニア湾にある島国。サントメ島とプリンシペ島などからなる。,サントメ・プリンシペ 国旗,3,Sao Tome and Principe,,,
さんど,サンド,ポケットモンスターシリーズに登場するポケモン。地面に潜って身を守る。,サンド,3,Sandshrew,,,
さんど,三度,三回。また、朝・昼・晩の一日三回の食事を指すこともある。,三度,1,Three times,assets/shiritori/complete-2751.png,asset,アプリ作成図
さんどあろーらのすがた,サンド(アローラのすがた),ポケットモンスターシリーズに登場するサンドのアローラ地方の姿。こおりタイプ。,サンド(アローラのすがた),3,Alolan Sandshrew,,,
さんどいっち,サンドイッチ,パンなどの間に具をはさんだ食べ物。,サンドイッチ,1,Sandwich,,,
さんどう,参道,神社や寺に参拝する人が通る道。,参道,2,Approach to a shrine,,,
さんどぱん,サンドパン,ポケットモンスターシリーズに登場するポケモン。鋭い爪を持つ。,サンドパン,3,Sandslash,,,
さんどぱんあろーらのすがた,サンドパン(アローラのすがた),ポケットモンスターシリーズに登場するサンドパンのアローラ地方の姿。こおり・はがねタイプ。,サンドパン(アローラのすがた),3,Alolan Sandslash,,,
さんなん,三男,三人以上いる男きょうだいのうち、三番目の人。,男の子,1,Third son,,,
さんぱつ,散髪,髪を切り整えること。,散髪,1,Haircut,assets/shiritori/complete-2758.png,asset,AI生成イラスト
さんぴ,賛否,賛成する意見と反対する意見。,話し合い,2,Pros and cons,assets/shiritori/complete-2759.png,asset,AI生成イラスト
さんぶ,三分,三分の一。また、時間の三分間を指すこともある。,時計,1,Three minutes,assets/shiritori/complete-2760.png,asset,アプリ作成図
さんぷ,散布,物を広い範囲にまき散らすこと。水や薬剤などをまく場合にも使う。,散布,2,Spraying,assets/shiritori/complete-2761.png,asset,AI生成イラスト
さんぷる,サンプル,実物の代わりに、特徴や品質を確かめるための見本。,食品サンプル,1,Sample,,,
さんぽ,散歩,健康や気分転換のために、あちこちを歩くこと。,散歩,1,Stroll,assets/shiritori/sanpo.png,asset,AI生成イラスト
さんま,サンマ,細長い体をした海水魚。秋にとれる魚として知られる。,サンマ,1,,,,
さんま,秋刀魚,サンマの別の書き方。細長い体をした海水魚。,サンマ,1,Pacific saury,,,
さんまりの,サンマリノ,イタリア半島に囲まれた内陸国。首都はサンマリノ市。,サンマリノ 国旗,3,San Marino,,,
さんみ,酸味,すっぱい味。,酸味,1,Sourness,assets/shiritori/complete-2767.png,asset,AI生成イラスト
さんみゃく,山脈,長く連なった山々。,山脈,2,Mountain range,,,
さんめん,三面,三つの面。また、新聞の社会面を指すこともある。,新聞,2,,assets/shiritori/complete-2769.png,asset,AI生成イラスト
さんらいず,サンライズ,日の出。朝に太陽が地平線や水平線の上に現れること。,日の出,1,Sunrise,assets/shiritori/complete-2770.png,asset,AI生成イラスト
さんらん,散乱,物があちこちに散らばること。,散乱,2,Scattering,assets/shiritori/complete-2771.png,asset,AI生成イラスト
さんらん,産卵,動物が卵を産むこと。,産卵,2,Spawning,assets/shiritori/complete-2772.png,asset,AI生成イラスト
さんり,三里,昔の距離の単位である里の三倍。三里はおよそ十二キロメートルにあたる。,街道,3,,,,
さんりく,三陸,東北地方の太平洋沿岸の地域。青森・岩手・宮城の沿岸部を指す。,三陸海岸,2,Sanriku,,,
さんりん,山林,樹木が生えている山や林。,山林,2,Mountain forest,,,
さんりんしゃ,三輪車,三つの車輪がついた乗り物。幼児用の足こぎ三輪車などがある。,三輪車,1,Tricycle,,,
さんるい,三塁,野球で本塁から三つ目の塁。,野球場,1,Third base,,,
さーないと,サーナイト,ポケットモンスターシリーズに登場するポケモン。人の気持ちを感じ取るという設定がある。,サーナイト ポケモン,3,Gardevoir,,,
さーもぐらふぃー,サーモグラフィー,物体から出る赤外線をとらえ、表面の温度の分布を画像にする装置や画像。,サーモグラフィー,2,Thermography,,,
さーもてーぷ,サーモテープ,温度によって色が変わるテープ。温度変化や熱の伝わり方を調べるのに使う。,サーモテープ,2,Temperature sensitive tape,,,
ざいしつ,材質,物を作っている材料や、その材料の性質。,材質,2,Material,assets/shiritori/complete-2781.png,asset,AI生成イラスト
ざく,ザク,アニメ「機動戦士ガンダム」に登場する、ジオン公国軍のモビルスーツ。,ザク ガンダム,3,Zaku,,,
ざくつー,ザクII,アニメ「機動戦士ガンダム」に登場するモビルスーツ。ジオン公国軍が量産したザクの一種。,ザクII,3,ZakuII,,,
ざくろ,ザクロ,秋に実が熟す果樹。赤い粒を包んだ果実を食用にする。,ザクロ,1,,,,
ざくろ,石榴,ザクロの別の書き方。赤い粒を含む果実を食用にする。,ザクロ,2,Pomegranate,,,
ざしあん,ザシアン,ポケットモンスターシリーズに登場する伝説のポケモン。口にくわえた剣で戦う。,ザシアン ポケモン,3,Zacian,,,
ざっし,雑誌,記事や写真などを載せて、定期的に発行する読み物。,雑誌,1,,,,
ざぶとん,座布団,座るときに敷く四角い布団。,座布団,1,,assets/shiritori/reading-nook.png,asset,AI生成イラスト
ざまぜんた,ザマゼンタ,ポケットモンスターシリーズに登場する伝説のポケモン。盾のような姿をしている。,ザマゼンタ ポケモン,3,Zamazenta,,,
ざりがに,ザリガニ,川や湖などにすむ、はさみを持つ甲殻類。,ザリガニ,1,,,,
ざる,ざる,竹や金属などで編んだ、食材の水切りや物の整理に使う道具。,ざる,1,,,,
ざるーど,ザルード,ポケットモンスターシリーズに登場する幻のポケモン。,ザルード ポケモン,3,Zarude,,,
ざんぐーす,ザングース,ポケットモンスターシリーズに登場するポケモン。図鑑の分類はネコイタチポケモン。,ザングース ポケモン,3,Zangoose,,,
ざんすかーるていこく,ザンスカール帝国,アニメ「機動戦士Vガンダム」に登場する架空の国家。,ザンスカール帝国,3,Zanscare Empire,,,
ざんびあ,ザンビア,アフリカ南部にある内陸国。首都はルサカ。,ザンビア 国旗,3,Zambia,,,
し,詩,感じたことや考えを、リズムや表現を工夫した言葉で表したもの。,詩,1,Poem,assets/shiritori/shi.png,asset,AI生成イラスト
しいのみ,しいのみ,シイの木の実。どんぐりの一種で、加熱して食べられる。,しいのみ,2,,,,
しぇいみ,シェイミ,ポケットモンスターシリーズに登場する幻のポケモン。図鑑の分類はかんしゃポケモン。,シェイミ ポケモン,3,Shaymin,,,
しぇるだー,シェルダー,ポケットモンスターシリーズに登場するポケモン。図鑑の分類は２まいがいポケモン。,シェルダー,3,Shellder,,,
しえられおね,シエラレオネ,アフリカ西部にある国。大西洋に面している。,シエラレオネ 国旗,3,Sierra Leone,,,
しお,塩,塩化ナトリウムを主成分とする調味料。海水から作る方法もある。,塩,1,Salt,,,
しおみず,しお水,塩を水に溶かした液体。食塩水ともいう。,食塩水 液体,2,Salt water,,,
しか,シカ,シカ科の動物。多くの種類ではオスに角がある。,シカ,1,,,,
しか,鹿,シカ科の動物。多くの種類ではオスに枝分かれした角がある。,シカ 動物,1,Deer,,,
しかく,四角,四つの角と四つの辺を持つ形。,四角形,1,Square,,,
しかご,シカゴ,アメリカ合衆国イリノイ州の大都市。,シカゴ,1,,,,
しが,滋賀県,近畿地方にある県。県内に琵琶湖がある。,滋賀県,1,Shiga,,,
しがつ,四月,一年の四番目の月。,カレンダー,1,April,,,
しがつ,七月,一年の七番目の月。,カレンダー,1,July,,,
しがろこ,シガロコ,ポケットモンスターシリーズに登場するポケモン。図鑑の分類はころがしポケモン。,シガロコ ポケモン,3,Shroodle,,,
しき,四季,一年を春・夏・秋・冬に分けた四つの季節。,四季,1,Four seasons,,,
しき,式,決まった手順で行う儀式や催し。また、数学などで使う記号や数の組み合わせ。,入学式,1,Ceremony,assets/shiritori/complete-2812.png,asset,AI生成イラスト
しきじか,シキジカ,ポケットモンスターシリーズに登場するポケモン。季節によって姿が変わる。,シキジカ ポケモン,3,Deerling,,,
しきそ,色素,物に色を与える成分。,色素 物質,2,Pigment,,,
しく,敷く,物をある場所に広げて置くこと。,敷く,1,Spread,assets/shiritori/complete-2815.png,asset,AI生成イラスト
しくみ,仕組み,物事がどのようにできているか、またはどのように動くかという成り立ち。,仕組み,2,,assets/shiritori/complete-2816.png,asset,アプリ作成図
しけんかん,試験管,少量の液体を入れて、混ぜたり加熱したりする実験用の細長いガラス容器。,試験管,2,Test tube,,,
しけんかん,しけんかん,少量の液体を入れて、混ぜたり加熱したりする実験用の細長いガラス容器。,試験管,2,Test tube,,,
しけんかんばさみ,試験管ばさみ,熱い試験管などをつかむための道具。,試験管ばさみ,2,Test tube holder,,,
しごと,仕事,人が生活のためにする働き。また、やるべき作業。,仕事,1,Work,assets/shiritori/complete-0851.png,asset,AI生成イラスト
しざりがー,シザリガー,ポケットモンスターシリーズに登場するポケモン。図鑑の分類はならずものポケモン。,シザリガー ポケモン,3,Crawdaunt,,,
ししこ,シシコ,ポケットモンスターシリーズに登場するポケモン。図鑑の分類はわかじしポケモン。,シシコ ポケモン,3,Litleo,,,
しじみ,シジミ,淡水や汽水にすむ小さな二枚貝。みそ汁などの料理に使われる。,シジミ,1,Freshwater clam,,,
しずおか,静岡県,中部地方にある県。富士山や茶の産地で知られる。,静岡県,1,Shizuoka,,,
しずか,静か,音や動きが少なく、落ち着いているようす。,静か,1,Quiet,assets/shiritori/sotto.png,asset,AI生成イラスト
しずく,雫,水などの液体が丸く集まったもの。したたり落ちる水にもいう。,水滴,1,Drop,assets/shiritori/drop.png,asset,AI生成イラスト
しずくも,シズクモ,ポケットモンスターシリーズに登場するクモのポケモン。頭を水の泡で包んでいる。,シズクモ ポケモン,3,Dewpider,,,
した,舌,口の中にある器官。味を感じたり、食べ物を動かしたり、言葉を発したりする。,舌,1,Tongue,assets/shiritori/complete-2828.png,asset,AI生成イラスト
した,下,基準にした物より低い位置。また、その方向。,下,1,Below,,,
したぎ,下着,外側に着る服の下に身につける衣服。,下着,1,,,,
したたる,したたる,液体がまとまって、下へぽたぽた落ちること。,したたる,2,,assets/shiritori/drop.png,asset,AI生成イラスト
しち,七,六の次で八の前の数。,七,1,Number 7,,,
しちがつ,七月,一年の七番目の月。,カレンダー,1,July,,,
しっぽ,尻尾,多くの動物で、胴体の後ろ側に続く部分。,しっぽ,1,Tail,,,
しつりょうをもったざんぞう,質量を持った残像,アニメ映画「機動戦士ガンダムF91」に登場する現象。F91の装甲表面がはがれて生じた残像が、実体を持つように見える。,質量を持った残像,3,,,,
しなもの,品物,売買や受け渡しの対象となる物。,品物,1,Goods,,,
しぬ,死ぬ,生き物の命が終わること。,お墓,1,Die,assets/shiritori/complete-2837.png,asset,AI生成イラスト
しばふ,芝生,芝草を短く刈りそろえて育てた場所。,芝生,1,Lawn,,,
しばらく,しばらく,少しの時間。また、ある程度の時間。,しばらく,1,,assets/shiritori/complete-2839.png,asset,AI生成イラスト
しびあ,シビア,厳しく、容赦がないようす。,シビア,2,,assets/shiritori/complete-2840.png,asset,AI生成イラスト
しびしらす,シビシラス,ポケットモンスターシリーズに登場するポケモン。図鑑の分類はでんきうおポケモン。,シビシラス ポケモン,3,Tynamo,,,
しびびーる,シビビール,ポケットモンスターシリーズに登場するポケモン。図鑑の分類はでんきうおポケモン。,シビビール ポケモン,3,Eelektrik,,,
しびるどん,シビルドン,ポケットモンスターシリーズに登場するポケモン。図鑑の分類はでんきうおポケモン。,シビルドン ポケモン,3,Eelektross,,,
しびれ,痺れ,体の一部の感覚が鈍くなったり、細かく刺激を感じたりすること。,痺れ,2,,assets/shiritori/complete-2844.png,asset,AI生成イラスト
しぶさわえいいち,渋沢栄一,明治時代を中心に活躍した実業家。多くの企業や社会事業の設立・運営に関わった。,渋沢栄一 肖像,2,Shibusawa Eiichi,,,
しほう,司法,法律に基づいて裁判を行うこと。また、国家の司法を担う働き。,司法 概念,2,Judiciary,assets/shiritori/complete-2500.png,asset,AI生成イラスト
しま,島,周りを水で囲まれた陸地。,島,1,Island,,,
しま,縞,色の違う線などが交互に並んだ模様。,しま模様,1,Stripe,,,
しまう,しまう,物を元の場所や決められた場所に入れること。動作を終える意味にも使う。,片付け,1,Put away,assets/shiritori/tidy.png,asset,AI生成イラスト
しまうま,シマウマ,白黒などのしま模様があるウマ科の動物。主にアフリカにすむ。,シマウマ,1,Zebra,,,
しまね,島根県,中国地方の北東部にある県。出雲大社がある。,島根県,1,Shimane,,,
しめる,閉める,開いている戸や窓などを動かし、通れない状態にすること。,閉める,1,Close,assets/shiritori/complete-2852.png,asset,AI生成イラスト
しめる,湿る,水分を含んで、少しぬれた状態になること。,湿る,1,Damp,assets/shiritori/complete-2853.png,asset,AI生成イラスト
しも,霜,空気中の水蒸気が冷えて、地面や草などにできる氷の結晶。,霜,1,Frost,,,
しゃああずなぶる,シャア・アズナブル,アニメ「機動戦士ガンダム」に登場する人物。赤い彗星と呼ばれるジオン公国軍のエースパイロット。,シャア・アズナブル,3,Char Aznable,,,
しゃあせんようざくつー,シャア専用ザクII,アニメ「機動戦士ガンダム」に登場する、シャア・アズナブル専用のザクII。,シャア専用ザクII,3,CharZaku,,,
しゃあせんようずごっく,シャア専用ズゴック,アニメ「機動戦士ガンダム」に登場する、シャア専用の水陸両用モビルスーツ。,シャア専用ズゴック,3,CharZgok,,,
しゃいにんぐがんだむ,シャイニングガンダム,アニメ「機動武闘伝Gガンダム」に登場する、主人公ドモン・カッシュが搭乗するガンダム。,シャイニングガンダム,3,ShiningGundam,,,
しゃいにーるみなす,シャイニールミナス,アニメ「ふたりはプリキュア Max Heart」で、九条ひかりが変身する姿。,シャイニールミナス アニメ,3,,,,
しゃしん,写真,カメラなどで光景を写し取った画像。,写真,1,Photograph,assets/shiritori/shashin.png,asset,AI生成イラスト
しゃつ,シャツ,上半身に着る衣服。,シャツ,1,Shirt,,,
しゃべる,しゃべる,声に出して言葉を話すこと。,しゃべる,1,Speech,assets/shiritori/oshaberi.png,asset,AI生成イラスト
しゃべる,喋る,声に出して言葉を話すこと。,おしゃべり,1,Talk,assets/shiritori/shaberu.png,asset,AI生成イラスト
しゃぼんだま,シャボン玉,せっけん水などを吹いて作る、薄い膜でできた丸い泡。,シャボン玉,1,Soap bubble,,,
しゃりたつ,シャリタツ,ポケットモンスターシリーズに登場するポケモン。図鑑の分類はすしポケモン。,シャリタツ ポケモン,3,Tatsugiri,,,
しゃわーず,シャワーズ,ポケットモンスターシリーズに登場するポケモン。水に溶けると見えなくなるという設定がある。,シャワーズ,3,Vaporeon,,,
しゃんでら,シャンデラ,ポケットモンスターシリーズに登場するポケモン。シャンデラの形をしたゴースト・ほのおタイプ。,シャンデラ ポケモン,3,Chandelure,,,
しやく,試薬,実験で物質の性質や反応を調べるために使う薬品。,試薬 薬品,2,Reagent,assets/shiritori/complete-2868.png,asset,AI生成イラスト
しゅうきびん,集気びん,実験で気体を集めたり、性質を調べたりする口の広いびん。,集気瓶,2,Gas collecting bottle,,,
しゅうぎいん,衆議院,日本の国会をつくる議院の一つ。議員の任期は四年だが、解散で任期が終わることがある。,衆議院 議場,2,House of Representatives of Japan,,,
しゅうじ,習字,筆と墨を使って、文字を手本にそって書くこと。,習字,1,Calligraphy,assets/shiritori/complete-2871.png,asset,AI生成イラスト
しゅうちゅう,集中,気持ちや力を一つのことに集めること。,集中,1,Concentration,assets/shiritori/shuuchuu.png,asset,AI生成イラスト
しゅくだい,宿題,授業の後に家などで取り組むよう、学校から出される課題。,宿題,1,Homework,,,
しゅしゅぷ,シュシュプ,ポケットモンスターシリーズに登場するポケモン。香水のような香りを出す。,シュシュプ ポケモン,3,Spritzee,,,
しゅっぱつ,出発,目的地へ向けて出かけ始めること。,出発,1,Departure,assets/shiritori/complete-2875.png,asset,AI生成イラスト
しゅどう,手動,機械などを人の手で動かすこと。,回す,2,Manual,assets/shiritori/complete-2876.png,asset,AI生成イラスト
しゅばるご,シュバルゴ,ポケットモンスターシリーズに登場するポケモン。図鑑の分類はきしポケモン。,シュバルゴ ポケモン,3,Escavalier,,,
しゅみ,趣味,仕事や義務とは別に、楽しみとして続けることや活動。,趣味,1,Hobby,assets/shiritori/shumi.png,asset,AI生成イラスト
しょうか,消火,燃えている火を消すこと。,消火 活動,2,Firefighting,assets/shiritori/complete-2879.png,asset,AI生成イラスト
しょうがつ,正月,年の初めを祝う行事や期間。元日を中心に行われる。,お正月,1,New Year,assets/shiritori/complete-2880.png,asset,AI生成イラスト
しょうしょう,少々,量や程度が少しであること。,少々,1,A little,assets/shiritori/complete-2881.png,asset,アプリ作成図
しょうじき,正直,うそやごまかしをせず、ありのままにするようす。,正直,1,Honest,assets/shiritori/aw-shoujiki.png,asset,AI生成イラスト
しょうちょう,象徴,ある物事を代表して表すしるしや形。日本国憲法は天皇を日本国と国民統合の象徴と定めている。,天皇 象徴,2,Emperor of Japan,assets/shiritori/complete-2883.png,asset,AI生成イラスト
しょうとくたいし,聖徳太子,飛鳥時代の皇族。歴史書で十七条憲法や冠位十二階に関わった人物として伝えられる。,聖徳太子 肖像,2,Prince Shotoku,,,
しょうどく,消毒,細菌やウイルスなどを減らし、感染の危険を低くすること。,消毒 衛生,2,Disinfection,assets/shiritori/complete-2885.png,asset,AI生成イラスト
しょうどくやく,消毒薬,細菌などを減らすために使う薬品。,消毒薬 薬品,2,Antiseptic,,,
しょうばらし,庄原市,広島県北部にある市。中国山地に位置し、自然や高原の景観で知られる。,庄原市,1,Shobara,,,
しょうひぜい,消費税,商品やサービスの取引にかかる税。消費者が負担し、事業者が国などに納める。,消費税 概念,2,Consumption tax,,,
しょうむてんのう,聖武天皇,奈良時代の天皇。東大寺の大仏造立を進め、国分寺や国分尼寺を建てる詔を出した。,聖武天皇 肖像,2,Emperor Shomu,,,
しょうゆ,醤油,大豆や小麦などを発酵させて作る、塩味のある調味料。,醤油,1,Soy sauce,,,
しょうらい,将来,今より後の時。これから先のこと。,将来,1,Future,assets/shiritori/nozomi.png,asset,AI生成イラスト
しょくえん,食塩,食塩のこと。主な成分は塩化ナトリウム。,食塩 物質,2,Salt,,,
しょくえんすい,食塩水,食塩を水に溶かした液体。,食塩水 水溶液,2,Saline,,,
しょくじ,食事,食べ物を食べること。また、その食べ物や一回の食事。,食事,1,Meal,assets/shiritori/complete-0477.png,asset,AI生成イラスト
しょくぱん,食パン,小麦粉などを使って焼いた、主に食事に食べるパン。,食パン,1,White bread,,,
しょくぶつ,植物,光を使って栄養分を作る生き物の一群。草や木などがある。,植物,1,Plant,,,
しらべあこ,調辺アコ,アニメ「スイートプリキュア♪」の登場人物。キュアミューズに変身する。,調辺アコ アニメ,3,,,,
しらゆきひめ,白雪ひめ,アニメ「ハピネスチャージプリキュア！」の登場人物。キュアプリンセスに変身する。,白雪ひめ アニメ,3,,,,
しりあ,シリア,西アジアにある国。地中海に面し、首都はダマスカス。,シリア 国旗,2,Syria,,,
しりこんかん,シリコン管,シリコンゴムでできた管。液体や気体を通すために使う。,シリコンチューブ,2,Silicone tubing,,,
しりとり,しりとり,前の言葉の最後の音から始まる言葉を続けていく言葉遊び。,しりとり,1,Word Chain,assets/shiritori/complete-2901.png,asset,AI生成イラスト
しるばにあふぁみりー,シルバニアファミリー,動物の家族を人形にした、エポック社の玩具シリーズ。人形の家や家具などもある。,シルバニアファミリー,1,,,,
しるヴぁでぃ,シルヴァディ,ポケットモンスターシリーズに登場するポケモン。タイプを変える特別な道具がある。,シルヴァディ ポケモン,3,Silvally,,,
しろ,白,雪や紙などに見られる色。光の色を混ぜると白く見える。,白,1,White,,,
しろ,城,敵から身を守るために造られた建物や施設。日本では城主の住まいとしても使われた。,日本の城,1,Castle,,,
しろですな,シロデスナ,ポケットモンスターシリーズに登場するポケモン。砂でできた城のような姿をしている。,シロデスナ ポケモン,3,Palossand,,,
しろむく,白無垢,花嫁が着る和装の一つ。白を基調とした着物。,白無垢,2,,,,
しわ,しわ,皮膚や布などの表面にできる細い筋や折れ目。,皺,1,wrinkle,,,
しんがぽーる,シンガポール,東南アジアにある島国で、都市国家でもある。,シンガポール 国旗,2,Singapore,,,
しんごう,信号,情報や指示を伝える合図。道路の信号機では、色で進行や停止を知らせる。,信号機,1,Traffic light,,,
しんしん,伸身,体や手足を曲げずにまっすぐ伸ばす姿勢。体操などで使う言葉。,伸身 体操,2,Straight position (gymnastics),assets/shiritori/complete-2911.png,asset,AI生成イラスト
しんじゅ,真珠,貝の体内でできる、光沢のある丸い粒。装飾品に使われる。,真珠,1,Pearl,,,
しんぞう,心臓,血液を全身へ送り出す筋肉でできた器官。胸の中にある。,心臓,1,Heart,,,
しんぱいないさ,心配ないさ,「心配はいらない」という意味の言い方。映画「ライオン・キング」では「ハクナ・マタタ」の訳として使われる。,心配ないさ,2,,assets/shiritori/complete-2914.png,asset,AI生成イラスト
しんぶん,新聞,定期的に発行され、ニュースや記事などを載せた印刷物や電子版。,新聞,1,Newspaper,,,
しんぼらー,シンボラー,ポケットモンスターシリーズに登場するポケモン。古い遺跡に似た姿をしている。,シンボラー ポケモン,3,Sigilyph,,,
しんゆう,親友,親しい友達。特に仲のよい友達を指す。,親友,1,Best friend,assets/shiritori/shinyuu.png,asset,AI生成イラスト
しーどら,シードラ,ポケットモンスターシリーズに登場するポケモン。背中のひれには毒があるという設定。,シードラ,3,Seadra,,,
しーぶっくあのお,シーブック・アノー,アニメ映画「機動戦士ガンダムF91」の主人公。クロスボーン・バンガードの襲撃に立ち向かう。,シーブック・アノー,3,Seabook Arno,,,
しーる,シール,紙などに貼り付けて使う、薄い印や飾り。封かんや目印にも使う。,シール,1,Sticker,,,
じぇがん,ジェガン,アニメ「機動戦士ガンダム 逆襲のシャア」などに登場する、地球連邦軍の量産型モビルスーツ。,ジェガン,3,Jegan,,,
じぇっとすとりーむあたっく,ジェット・ストリーム・アタック,アニメ「機動戦士ガンダム」に登場する戦術。黒い三連星が三機で連携して攻撃する。,ジェット・ストリーム・アタック,3,Jet Stream Attack,,,
じおづむ,ジオヅム,ポケットモンスターシリーズに登場する、岩塩が積み重なった姿のポケモン。,ジオヅム ポケモン,3,Naclstack,,,
じおんぐ,ジオング,アニメ「機動戦士ガンダム」に登場するジオン公国軍のモビルスーツ。,ジオング,3,Zeong,,,
じおんこうこく,ジオン公国,アニメ「機動戦士ガンダム」に登場する、地球連邦からの独立を宣言した宇宙国家。,ジオン公国,3,Principality of Zeon,,,
じかん,時間,時の流れ。また、ある出来事にかかる長さ。,時計,1,Time,assets/shiritori/complete-2926.png,asset,AI生成イラスト
じがるで,ジガルデ,ポケットモンスターシリーズに登場する伝説のポケモン。生態系を見守るという設定。,ジガルデ ポケモン,3,Zygarde,,,
じき,時機,何かをするのにちょうどよい時。,時機,2,Opportunity,assets/shiritori/complete-2928.png,asset,AI生成イラスト
じきおんどけい,自記温度計,時間とともに温度を自動で測り、その変化を記録する器具。,自記温度計,2,Thermograph,,,
じぐざぐま,ジグザグマ,ポケットモンスターシリーズに登場するポケモン。ジグザグに歩くという設定。,ジグザグマ ポケモン,3,Zigzagoon,,,
じぐざぐまがらるのすがた,ジグザグマ(ガラルのすがた),ポケットモンスターシリーズに登場するジグザグマのガラル地方の姿。,ジグザグマ(ガラルのすがた) ポケモン,3,Galarian Zigzagoon,,,
じざいばさみ,自在ばさみ,実験器具を台に固定するための、開き具合を調節できるはさみ。,自在ばさみ,2,Clamps,,,
じしゃく,磁石,鉄などを引きつける力を持つ物体。方位を調べる道具にも使われる。,磁石,1,,,,
じじーろん,ジジーロン,ポケットモンスターシリーズに登場するポケモン。図鑑の分類はゆうゆうポケモン。,ジジーロン ポケモン,3,Drampa,,,
じてんしゃ,自転車,ペダルをこいで進む、二つの車輪がある乗り物。,自転車,1,Bicycle,,,
じでんしゃ,自転車,二つの車輪があり、ペダルをこいで進む乗り物。,自転車,1,,,,
じどうしゃ,自動車,エンジンなどの動力で道路を走る車。,自動車,1,,,,
じばこいる,ジバコイル,ポケットモンスターシリーズに登場するポケモン。磁力を使うという設定。,ジバコイル ポケモン,3,Magnezone,,,
じぶち,ジブチ,アフリカ東部の国。アフリカの角に位置し、首都はジブチ市。,ジブチ 国旗,3,Djibouti,,,
じへっど,ジヘッド,ポケットモンスターシリーズに登場するポケモン。二つの頭を持つ。,ジヘッド ポケモン,3,Zweilous,,,
じむ,ジム,アニメ「機動戦士ガンダム」に登場する、地球連邦軍の量産型モビルスーツ。,ジム MS,3,RGM-79,,,
じむかすたむ,ジム・カスタム,アニメ「機動戦士ガンダム0083」に登場する、地球連邦軍のモビルスーツ。,ジム・カスタム,3,JimCustom,,,
じめれおん,ジメレオン,ポケットモンスターシリーズに登場するポケモン。水タイプで、隠れて行動する。,ジメレオン ポケモン,3,Drizzile,,,
じゃがいも,ジャガイモ,地下にできる茎を食用にする植物。カレーや肉じゃがなどに使う。,ジャガイモ,1,Potato,,,
じゃのびー,ジャノビー,ポケットモンスターシリーズに登場するポケモン。ツタージャから進化する。,ジャノビー ポケモン,3,Servine,,,
じゃぶろー,ジャブロー,アニメ「機動戦士ガンダム」に登場する、地球連邦軍の地下基地。,ジャブロー,3,Jaburo,,,
じゃまいか,ジャマイカ,カリブ海にある島国。レゲエ音楽や陸上競技で知られる。,ジャマイカ 国旗,2,Jamaica,,,
じゃらこ,ジャラコ,ポケットモンスターシリーズに登場するポケモン。うろこを鳴らして威嚇する。,ジャラコ ポケモン,3,Jangmo-o,,,
じゃららんが,ジャラランガ,ポケットモンスターシリーズに登場するポケモン。うろこを鎧のようにまとっている。,ジャラランガ ポケモン,3,Kommo-o,,,
じゃろーだ,ジャローダ,ポケットモンスターシリーズに登場するポケモン。図鑑の分類はロイヤルポケモン。,ジャローダ ポケモン,3,Serperior,,,
じゅう,十,九の次の数。,十,1,Number 10,,,
じゅうがつ,十月,一年の十番目の月。,カレンダー,1,October,,,
じゅうそう,重そう,炭酸水素ナトリウムの別名。加熱すると二酸化炭素などが発生する。,重曹 薬品,2,Baking soda,assets/shiritori/complete-0972.png,asset,AI生成イラスト
じゅうたん,絨毯,床に敷く、厚手の織物などでできた敷物。,絨毯,1,,,,
じゅうどう,柔道,相手を投げたり押さえたりして勝敗を競う武道。,柔道,1,,,,
じゅかいん,ジュカイン,ポケットモンスターシリーズに登場するポケモン。図鑑の分類はみつりんポケモン。,ジュカイン ポケモン,3,Sceptile,,,
じゅく,塾,学校以外で勉強を教えるところ。,塾,1,Cram school,,,
じゅごん,ジュゴン,インド太平洋の熱帯・亜熱帯の浅い海にすむ海生哺乳類。海草を主に食べる。,ジュゴン,3,Dewgong,,,
じゅどーあーした,ジュドー・アーシタ,アニメ「機動戦士ガンダムΖΖ」の主人公。ジャンク屋を営む少年で、後にモビルスーツのパイロットとなる。,ジュドー・アーシタ,3,Judau Ashta,,,
じゅないぱー,ジュナイパー,ポケットモンスターシリーズに登場するポケモン。弓矢のように羽を飛ばして攻撃する。,ジュナイパー ポケモン,3,Decidueye,,,
じゅないぱーひすいのすがた,ジュナイパー(ヒスイのすがた),ポケットモンスターシリーズに登場するジュナイパーのヒスイ地方の姿。くさ・かくとうタイプ。,ジュナイパー(ヒスイのすがた) ポケモン,3,Hisuian Decidueye,,,
じゅぷとる,ジュプトル,ポケットモンスターシリーズに登場するポケモン。キモリから進化する。,ジュプトル ポケモン,3,Grovyle,,,
じょうはつ,蒸発,液体の表面から気体になること。沸点より低い温度でも起こる。,蒸発 現象,2,Evaporation,assets/shiritori/complete-2963.png,asset,AI生成イラスト
じょうはつ,じょう発,液体の表面から気体になること。,蒸発 現象,2,Evaporation,assets/shiritori/complete-2964.png,asset,AI生成イラスト
じょうはつざら,じょうはつざら,液体を加熱して蒸発させるときに使う浅い実験用の皿。,蒸発皿,2,Evaporating dish,,,
じょうれい,条例,都道府県や市町村などの地方公共団体が定めるきまり。,条例 概念,2,Bylaw,assets/shiritori/complete-1446.png,asset,AI生成イラスト
じんじゃ,神社,神道で神をまつり、祈りをささげる場所。,神社,1,,,,
じんせきこうげんちょう,神石高原町,広島県東部の高原にある町。,神石高原町,1,Jinsekikogen-cho,,,
じんばぶえ,ジンバブエ,アフリカ南部の内陸国。古代の石造遺跡グレート・ジンバブエがある。,ジンバブエ 国旗,3,Zimbabwe,,,
じーえぬどらいぶ,GNドライヴ,アニメ「機動戦士ガンダム00」に登場する架空の動力機関。GN粒子を生み出す太陽炉を指す。,GNドライヴ,3,GN Drive,,,
す,酢,酢酸などを含む酸味のある調味料。,酢 調味料,2,Vinegar,,,
す,巣,鳥や虫などが卵を産んだり、子を育てたりするために作る場所。,鳥の巣,1,Nest,,,
すいえい,水泳,水の中を泳ぐこと。また、泳ぐ運動や競技。,水泳,1,Swimming,assets/shiritori/complete-2973.png,asset,AI生成イラスト
すいおん,水温,水の温度。,水温 測定,2,Water temperature,,,
すいか,スイカ,果肉に水分を多く含む、ウリ科の大きな果物。夏によく食べられる。,スイカ,1,Watermelon,,,
すいくん,スイクン,ポケットモンスターシリーズに登場する伝説のポケモン。図鑑の分類はオーロラポケモン。,スイクン ポケモン,3,Suicune,,,
すいさい,水彩,水で溶いた絵の具を使って描くこと。また、その絵。,水彩画,2,Watercolor,assets/shiritori/complete-2977.png,asset,AI生成イラスト
すいさん,水産,魚や貝などの水産物をとったり育てたり加工したりすること。,漁業,2,Fisheries,assets/shiritori/complete-2978.png,asset,AI生成イラスト
すいさんかなとりうむ,水酸化ナトリウム,強いアルカリ性を示す化合物。水に溶けると発熱し、皮膚などを傷めるため取り扱いに注意が必要。,水酸化ナトリウム 薬品,2,Sodium hydroxide,assets/shiritori/complete-2979.png,asset,AI生成イラスト
すいじょうき,水じょう気,水が気体になったもの。目には見えない水蒸気と、水滴が集まった雲や湯気は別の状態。,水蒸気 気体,2,Water vapor,assets/shiritori/complete-2980.png,asset,アプリ作成図
すいす,スイス,ヨーロッパ中部にある内陸国。アルプス山脈の一部が広がる。,スイス 国旗,2,Switzerland,,,
すいせい,彗星,太陽の周りを回る天体。氷やちりなどからなり、太陽に近づくと尾が見えることがある。,彗星,2,Comet,,,
すいせん,推薦,よいと思う人や物を、ほかの人にすすめること。,推薦,2,Recommendation,assets/shiritori/complete-2983.png,asset,AI生成イラスト
すいそ,水素,元素の中で最も軽い気体。燃えると酸素と結びついて水ができる。,水素,2,Hydrogen,,,
すいちゅう,水中,水の中。,水中,1,Underwater,assets/shiritori/suichuu.png,asset,AI生成イラスト
すいてい,推定,ある情報をもとに、はっきり分からないことを見積もること。,計算,2,Estimation,assets/shiritori/complete-2986.png,asset,AI生成イラスト
すいてき,水てき,水などの液体が丸く集まった粒。,水滴 液体,2,Water droplet,,,
すいとう,水筒,飲み物を入れて持ち運ぶ容器。,水筒,1,Water bottle,assets/shiritori/suito.png,asset,AI生成イラスト
すいどう,水道,水を各家庭などに届ける設備や仕組み。蛇口から出る水を指すこともある。,水道 蛇口,1,Water supply,assets/shiritori/complete-2989.png,asset,AI生成イラスト
すいふ,水夫,船で働く人。,船乗り,2,Sailor,,,
すいみん,睡眠,心身を休めるために眠ること。,睡眠,1,Sleep,assets/shiritori/nemuru.png,asset,AI生成イラスト
すいみんぐ,スイミング,泳ぐこと。また、泳ぎを習ったり練習したりすること。,スイミング,1,Swimming,assets/shiritori/complete-2992.png,asset,AI生成イラスト
すいようえき,水溶液,物質が水に溶けて、全体に均一に混ざった液体。,水溶液 実験,2,Aqueous solution,,,
すいようえき,水よう液,物質が水に溶けて、全体に均一に混ざった液体。,水溶液 実験,2,Aqueous solution,,,
すいようび,水曜日,火曜日の次で、木曜日の前の曜日。,カレンダー,1,Wednesday,,,
すう,吸う,息や液体などを、口や鼻から体の中に取り入れること。,吸う,1,Inhale,assets/shiritori/complete-2996.png,asset,AI生成イラスト
すうぇーでん,スウェーデン,北ヨーロッパにある国。首都はストックホルム。,スウェーデン 国旗,2,Sweden,,,
すうがく,数学,数や図形、変化などを、記号や式を使って調べる学問。,数学,2,Mathematics,,,
すうじ,数字,数を表すための記号。たとえば「1」や「2」。,数字,1,Number,,,
すうじつ,数日,何日か。数日間。具体的な日数は決まっていない。,カレンダー,2,A few days,assets/shiritori/complete-3000.png,asset,AI生成イラスト
すうりょう,数量,物の数や量。,数量,2,Quantity,assets/shiritori/complete-3001.png,asset,アプリ作成図
すえ,末,終わりの部分や、いちばん最後。きょうだいの中で最後に生まれた子を末っ子という。,末っ子,2,End,assets/shiritori/complete-3002.png,asset,AI生成イラスト
すかたんく,スカタンク,ポケットモンスターシリーズに登場するポケモン。尻尾の先から臭い液体を飛ばす。,スカタンク ポケモン,3,Skuntank,,,
すかんく,スカンク,哺乳類の一群。危険を感じると、臭いの強い液体を出して身を守る種類がいる。,スカンク,1,Skunk,,,
すかんぷー,スカンプー,ポケットモンスターシリーズに登場するポケモン。図鑑の分類はスカンクポケモン。,スカンプー ポケモン,3,Stunky,,,
すかーと,スカート,腰から下に着る筒状や広がった形の衣服。,スカート,1,Skirt,,,
すがすがしい,清々しい,さっぱりして気持ちがよいようす。,爽やか,1,Refreshing,assets/shiritori/sawayaka.png,asset,AI生成イラスト
すがた,姿,人や物の見た目や形。また、その人や物そのもの。,姿,1,Appearance,,,
すがる,縋る,頼りにして、しっかりつかまること。助けを求めて頼る意味にも使う。,助けを求める,2,Cling to,assets/shiritori/tanomu.png,asset,AI生成イラスト
すがわらのみちざね,菅原道真,平安時代の学者・政治家。遣唐使の停止を提案した後、太宰府へ左遷された。,菅原道真 肖像,2,Sugawara no Michizane,,,
すき,好き,気に入っていて、親しみやよい気持ちを持っていること。,笑顔,1,Like,assets/shiritori/suki.png,asset,AI生成イラスト
すきやき,すき焼き,肉や野菜などを、しょうゆや砂糖などで味つけして煮ながら食べる料理。,すき焼き,1,Sukiyaki,,,
すぎ,杉,日本などに生える針葉樹。まっすぐ伸びる木で、建築材などに使われる。,スギの木,1,Cedar,,,
すぎたげんぱく,杉田玄白,江戸時代の蘭学者・医師。前野良沢らとオランダ語の解剖書を訳し「解体新書」を出版した。,杉田玄白 肖像,2,Sugita Genpaku,,,
すぎる,過ぎる,時や場所を通り過ぎること。また、量や程度が多すぎること。,時計,1,Pass,assets/shiritori/complete-3015.png,asset,AI生成イラスト
すく,空く,中が空になること。また、空席ができることや、お腹が減ること。,空腹,1,Empty,assets/shiritori/complete-3016.png,asset,アプリ作成図
すくう,救う,危険や困難な状態にある人などを助け出すこと。,助ける,1,Rescue,assets/shiritori/sukuu.png,asset,AI生成イラスト
すくすく,すくすく,子どもや植物が元気よく育つようす。,成長,1,Growing up,assets/shiritori/complete-3018.png,asset,AI生成イラスト
すくむ,足がすくむ,恐れや緊張で足が動かなくなること。,恐怖,2,Cower,assets/shiritori/complete-3019.png,asset,AI生成イラスト
すくれーぱー,スクレーパー,表面に付いた物を削り取るためのへら状の道具。材質や形は用途によって異なる。,スクレーパー,2,Scraper,,,
すけじゅーる,スケジュール,予定や出来事を、時刻や日付に沿って並べたもの。,スケジュール,1,Schedule,assets/shiritori/complete-3021.png,asset,AI生成イラスト
すけっち,スケッチ,見たものの形や特徴を、短い時間で大まかに描くこと。また、その絵。,スケッチ,1,Sketch,assets/shiritori/complete-3022.png,asset,AI生成イラスト
すけーと,スケート,刃や車輪の付いた靴で、氷や床の上を滑る運動や競技。,スケート,1,Skating,assets/shiritori/pv-slide.png,asset,AI生成イラスト
すこし,少し,量や程度がわずかであること。,少々,1,A little,assets/shiritori/complete-3024.png,asset,アプリ作成図
すこやか,健やか,心や体が丈夫で元気なようす。,元気な子ども,2,Healthy,assets/shiritori/sukoyaka.png,asset,AI生成イラスト
すこるぴ,スコルピ,ポケットモンスターシリーズに登場するポケモン。図鑑の分類はさそりポケモン。,スコルピ ポケモン,3,Skorupi,,,
すさのおのみこと,素戔嗚尊,日本神話に登場する神。八岐大蛇を退治する神話で知られる。,素戔嗚尊,2,Susanoo,,,
すし,寿司,酢飯を使った日本料理。魚介などをのせたり、具を包んだりする種類がある。,寿司,1,,,,
すじ,筋,細長くまとまった物や線。筋肉や繊維の束、話の道筋なども指す。,線の模様,1,Line,,,
すず,鈴,振ると音が鳴る小さな道具。中の玉などが内側に当たって音を出す。,鈴,1,Bell,,,
すずしい,涼しい,暑さがやわらぎ、心地よく感じるようす。,涼しい 風,1,Cool,assets/shiritori/suzushii.png,asset,AI生成イラスト
すずむらさんご,涼村さんご,アニメ「トロピカル～ジュ！プリキュア」の登場人物。キュアコーラルに変身する。,涼村さんご アニメ,3,,,,
すずめ,スズメ,小型の鳥。日本では人里近くにもすみ、チュンチュンと鳴く。,スズメ,1,Sparrow,,,
すずらん,スズラン,春に白い釣り鐘形の花をつける植物。,スズラン,2,Lily of the valley,,,
すそ,裾,着物やズボンなどの、すそにあたる部分。衣服の下端。,裾,1,Hem,,,
すたじお,スタジオ,撮影や録音、練習などをするための部屋や施設。,スタジオ,1,Studio,,,
すたっふ,スタッフ,仕事や催しなどを運営する人たち。,スタッフ,1,Staff,,,
すたれる,廃れる,使われなくなったり人気がなくなったりして、次第に衰えること。,古いおもちゃ,2,Obsolete,assets/shiritori/complete-3038.png,asset,AI生成イラスト
すたー,スター,星。また、人気のある人や注目を集める人。,星,1,Star,,,
すたーと,スタート,物事の始まり。また、競走などの出発点や開始の合図。,スタート,1,Start,assets/shiritori/complete-3040.png,asset,AI生成イラスト
すたーみー,スターミー,ポケットモンスターシリーズに登場するポケモン。図鑑の分類はなぞのポケモン。,スターミー,3,Starmie,,,
すだち,スダチ,香りと酸味のある日本のかんきつ類。果汁を料理にかけて使う。,スダチ,2,Sudachi,,,
すだつ,巣立ち,ひなが成長し、巣を出て自分で飛び立つこと。人が親元を離れて自立する意味にも使う。,巣立ち,2,Independence,assets/shiritori/complete-3043.png,asset,AI生成イラスト
すだれ,簾,竹や葦などを編んで作るすだれ。日よけや目隠しに使う。,すだれ,1,Bamboo blind,,,
すちーる,スチール,炭素を含む鉄の合金。建築や道具など幅広く使われる。,スチール 金属,2,Steel,,,
すちーるうーる,スチールウール,細い鉄の繊維を束ねたもの。研磨や理科の燃焼実験などに使う。,スチールウール,2,Steel wool,,,
すてごさうるす,ステゴサウルス,背中に大きな板状の骨が並び、尾にとげを持つ草食恐竜。,ステゴサウルス,1,Stegosaurus,,,
すてる,捨てる,不要な物を手元から離して処分すること。,ゴミ箱,1,Throw away,assets/shiritori/complete-3048.png,asset,AI生成イラスト
すてーき,ステーキ,肉の厚い切り身を焼いた料理。牛肉以外の肉や魚を使うこともある。,ステーキ,1,Steak,,,
すとらいく,ストライク,ポケットモンスターシリーズに登場するポケモン。大きな鎌のような腕を持つ。,ストライク,3,Scyther,,,
すとらいくふりーだむがんだむ,ストライクフリーダムガンダム,アニメ「機動戦士ガンダムSEED DESTINY」に登場する、キラ・ヤマトが搭乗するモビルスーツ。,ストライクフリーダムガンダム,3,StrikeFreedomGundam,,,
すとりんだー,ストリンダー,ポケットモンスターシリーズに登場するポケモン。でんき・どくタイプで、姿に二つの形がある。,ストリンダー ポケモン,3,Toxtricity,,,
すとりんだーろーなすがた,ストリンダー(ローなすがた),ポケットモンスターシリーズに登場するストリンダーの姿の一つ。,ストリンダー(ローなすがた) ポケモン,3,Low Key Toxtricity,,,
すな,砂,細かく砕けた岩石や鉱物の粒。,砂場,1,Sand,,,
すなば,砂場,公園などに設けられた、砂遊びをする場所。,砂場,1,Sandbox,,,
すなばぁ,スナバァ,ポケットモンスターシリーズに登場するポケモン。砂でできた山のような姿をしている。,スナバァ ポケモン,3,Sandygast,,,
すなへび,スナヘビ,ポケットモンスターシリーズに登場するポケモン。砂を吐き出して攻撃する。,スナヘビ ポケモン,3,Silicobra,,,
すね,脛,膝から足首までの部分。特に、すねの骨のある前側を指す。,足,1,Shin,,,
すばしこい,すばしこい,動きがすばやく、身軽なようす。,素早い,2,Agile,assets/shiritori/complete-3059.png,asset,AI生成イラスト
すばめ,スバメ,ポケットモンスターシリーズに登場するポケモン。図鑑の分類はこツバメポケモン。,スバメ ポケモン,3,Taillow,,,
すばらしい,素晴らしい,とても立派で、感心したりほめたりしたくなるようす。,笑顔,1,Wonderful,assets/shiritori/seikou.png,asset,AI生成イラスト
すばる,昴,おうし座にある星の集まり。プレアデス星団ともいう。,すばる 星空,2,Pleiades,,,
すぱげってぃ,スパゲッティ,細長い棒状のめん。また、それを使ったイタリア料理。,スパゲッティ,1,Spaghetti,,,
すぴあー,スピアー,ポケットモンスターシリーズに登場するポケモン。図鑑の分類はどくばちポケモン。,スピアー,3,Beedrill,,,
すぴのさうるす,スピノサウルス,背中に帆のような突起を持つ大型の肉食恐竜。,スピノサウルス,2,Spinosaurus,,,
すぴーち,スピーチ,人の前で話をすること。また、その話。,スピーチ,1,Speech,assets/shiritori/speech.png,asset,AI生成イラスト
すぴーど,スピード,動くものが進む速さ。,スピード,1,Speed,assets/shiritori/complete-3067.png,asset,AI生成イラスト
すぶた,酢豚,豚肉や野菜などを、甘酸っぱい味つけで調理した中華料理。,酢豚,2,Sweet and sour pork,,,
すぷーん,スプーン,食べ物や液体をすくって口に運ぶ道具。,スプーン,1,Spoon,,,
すべて,全て,一つも残らず、全部。,全て,1,All,assets/shiritori/complete-3070.png,asset,アプリ作成図
すべりだい,すべり台,階段を上ってから、傾いた板を滑り降りる遊具。,すべり台,1,,,,
すべりだい,滑り台,階段を上り、傾いた板を滑り降りて遊ぶ遊具。,滑り台,1,Slide,,,
すべる,滑る,物の表面をなめらかに移動すること。また、足元が不安定で転びそうになること。,滑る,1,Slip,assets/shiritori/pv-slide.png,asset,AI生成イラスト
すぺいん,スペイン,ヨーロッパ南西部にある国。首都はマドリード。,スペイン 国旗,2,Spain,,,
すぺーすころにー,スペースコロニー,アニメ「機動戦士ガンダム」シリーズに登場する宇宙の居住施設。回転する円筒形の施設などが描かれる。,スペースコロニー ガンダム,3,Space colony,,,
すぺーすのいど,スペースノイド,アニメ「機動戦士ガンダム」シリーズで使われる言葉。宇宙に住む人々を指す。,スペースノイド,3,Spacenoid,,,
すぽいと,スポイト,液体を少量吸い上げたり、一滴ずつ落としたりする道具。,スポイト,2,Eye dropper,,,
すぽんじ,スポンジ,小さな穴が多く開いた、柔らかく水を吸いやすい材料。食器洗いや清掃にも使う。,スポンジ,1,Sponge,,,
すぽーつ,スポーツ,体を動かして競ったり楽しんだりする運動。,スポーツ,1,Sports,assets/shiritori/complete-0620.png,asset,AI生成イラスト
すまほ,スマホ,電話やインターネットなどの機能を備えた携帯電話。,スマートフォン,1,Smartphone,,,
すまーと,スマート,細身ですっきりしたようす。また、無駄がなく手際よいようす。,スマート,1,Smart,assets/shiritori/complete-3081.png,asset,AI生成イラスト
すみ,炭,木などを蒸し焼きにして作る黒い燃料。主成分は炭素。,炭 物質,2,Charcoal,,,
すみ,墨,墨を使って文字や絵をかくための黒い液体。固形の墨を硯ですって作る。,墨,1,Ink,,,
すみ,隅,二つの面や線が出会う、端の部分。部屋や箱の角にも使う。,部屋の隅,1,Corner,,,
すみか,住処,人や動物などが住んでいる場所。すみか。,動物の家,2,Dwelling,assets/shiritori/sumika.png,asset,AI生成イラスト
すむ,住む,ある場所を生活の拠点として日々暮らすこと。,家 家族,1,Live,assets/shiritori/sumika.png,asset,AI生成イラスト
すむ,澄む,液体や空気がにごっておらず、透き通っているようす。,澄んだ水,2,Clear,assets/shiritori/complete-3087.png,asset,AI生成イラスト
すめらぎ,天皇,日本国憲法では、天皇は日本国と日本国民統合の象徴と定められている。,皇居,1,Emperor,,,
すもう,相撲,二人の力士が土俵の中で組み合い、勝敗を競う日本の伝統競技。,相撲,1,,assets/shiritori/complete-0866.png,asset,AI生成イラスト
すり,スリ,カバンやポケットに入っているお財布を、相手に気づかれないようにサッと盗む悪い人のこと。,防犯,2,Pickpocket,assets/shiritori/complete-3090.png,asset,AI生成イラスト
すりっぱ,スリッパ,お家の中やお部屋に入るとき、靴下の上からパタパタと簡単に履く室内用の靴。,スリッパ,1,Slippers,,,
すりなむ,スリナム,南アメリカ北部にある国。首都はパラマリボ。,スリナム 国旗,3,Suriname,,,
すりばち,擂鉢,内側に細かな溝があり 食べ物などをすりつぶす鉢。,擂鉢,2,Mortar,,,
すりらんか,スリランカ,インドの南にある島国で、紅茶（セイロンティー）の生産や仏教の聖地が多いことで有名な国。,スリランカ 国旗,2,Sri Lanka,,,
すりーぱー,スリーパー,ねんりきポケモン。スプーンを曲げるほどの強い念力を持つ。,スリーパー,3,Hypno,,,
すりーぷ,スリープ,さいみんポケモン。相手を眠らせる力を持つ。,スリープ,3,Drowzee,,,
する,する,物事を行うこと。何かを作ったり 動かしたりするときにも使う。,遊ぶ,1,Do,assets/shiritori/koudou.png,asset,AI生成イラスト
するどい,鋭い,鉛筆の先が尖っていてよく書けること、またはナイフやハサミがよく切れるようす。,鋭い,1,Sharp,assets/shiritori/complete-0647.png,asset,AI生成イラスト
するめ,するめ,イカのからだを平らに広げて、お日様に当ててカラカラに乾かした噛みごたえのある食べ物。,するめ,1,Dried squid,,,
すれちがう,すれ違う,一本の細い道で、向こうから歩いてきた人とぶつからないように横を通り過ぎること。,すれ違う,1,Pass each other,assets/shiritori/complete-3100.png,asset,AI生成イラスト
すれったまーきゅりー,スレッタ・マーキュリー,アニメ「機動戦士ガンダム 水星の魔女」の主人公。アスティカシア高等専門学園に編入した少女。,スレッタ・マーキュリー,3,Suletta Mercury,,,
すろっと,スロット,硬貨などを入れる細長いすき間。また 絵柄をそろえて遊ぶ機械。,スロット,2,Slot machine,,,
すろばきあ,スロバキア,中央ヨーロッパにある国。首都はブラチスラバ。,スロバキア 国旗,3,Slovakia,,,
すろべにあ,スロベニア,南ヨーロッパにある国。首都はリュブリャナ。,スロベニア 国旗,3,Slovenia,,,
すわる,座る,立ったままでいるのをやめて、お椅子や畳の上に、お尻をポンとつけること。,座る,1,Sit,assets/shiritori/suwaru.png,asset,AI生成イラスト
すわんな,スワンナ,みずどりポケモン。水上を飛ぶことができる。,スワンナ ポケモン,3,Swanna,,,
すんぽう,寸法,机やお洋服の長さをメジャーで測ったときの、縦や横の具体的なセンチメートルの長さのこと。,寸法,2,Dimensions,assets/shiritori/aw-genmitsu.png,asset,AI生成イラスト
すーだん,スーダン,北東アフリカにある国。首都はハルツーム。,スーダン 国旗,3,Sudan,,,
ずかん,図鑑,いろんな動物や植物の写真が、たくさん載っている重い本。,図鑑,1,,,,
ずがどーん,ズガドーン,はなびポケモン。体から大きな光や音を出して相手をおどろかせる。,ズガドーン ポケモン,3,Blacephalon,,,
ずきん,頭巾,頭やお顔をさむさからまもるために、すっぽりかぶる布。,頭巾,1,,,,
ずごっく,ズゴック,水陸両用のモビルスーツ。水中での活動にも向いている。,ズゴック,3,Z'Gok,,,
ずじょう,頭上,じぶんの頭の、すぐ上のところの空間のこと。,頭上,1,,assets/shiritori/complete-3113.png,asset,AI生成イラスト
ずっきーに,ズッキーニ,夏にとれる野菜の一つ。細長い形をしている。,ズッキーニ,2,Zucchini,,,
ずばっと,ズバット,こうもりポケモン。暗い洞くつなどにすむ。,ズバット,3,Zubat,,,
ずぴか,ズピカ,でんきおたまポケモン。頭の器官に電気をためている。,ズピカ ポケモン,3,Tadbulb,,,
ずぼん,ズボン,足を２つの筒にいれて、腰からはく衣服のなかま。,ズボン,1,,,,
ずる,ずる,ずるいことをすること。また そのような行い。,ずる,2,,assets/shiritori/complete-3118.png,asset,AI生成イラスト
ずるずきん,ズルズキン,あくとうポケモン。ずる賢く けんか好きな性格。,ズルズキン ポケモン,3,Scrafty,,,
ずるっぐ,ズルッグ,だっぴポケモン。体の皮をぬぎながら成長する。,ズルッグ ポケモン,3,Scraggy,,,
ずんだもち,ずんだもち,枝豆をすりつぶして甘く味つけし もちにからめた食べ物。東北地方で親しまれている。,ずんだもち,1,,,,
せ,背,からだの後ろ側の、首からお尻までのまっすぐな部分、または身長の高さのこと。,背中,1,Back,,,
せい,正,計算やクイズの答えが、間違いなくぴったり合っていて正しいということ。,正解,1,Correct,assets/shiritori/complete-3123.png,asset,AI生成イラスト
せいかつ,生活,まいにち朝起きて、ご飯を食べて、学校へ行って、おうちで眠るまいにちの暮らしのこと。,生活,1,Life,assets/shiritori/complete-3124.png,asset,AI生成イラスト
せいぎ,正義,悪いことをやっつけて、困っている人を助ける、ヒーローのような正しい心のこと。,正義,1,Justice,assets/shiritori/complete-3125.png,asset,AI生成イラスト
せいこう,成功,一生懸命に練習や実験をがんばって、目標にしていた良い結果が出ること。,成功,1,Success,assets/shiritori/seikou.png,asset,AI生成イラスト
せいさく,制作,画用紙や粘土を使って、かっこいいロボットや綺麗なお人形を作り上げること。,工作,1,Production,assets/shiritori/sakuhin.png,asset,AI生成イラスト
せいしょうなごん,清少納言,平安時代の作家。宮中での暮らしや考えを「枕草子」に書いた。,清少納言 肖像,2,Sei Shonagon,,,
せいじ,政治,人々の暮らしに関わることを話し合い 社会の決まりや方針を決めること。,国会議事堂,2,Politics,assets/shiritori/complete-1701.png,asset,AI生成イラスト
せいと,生徒,学校で先生に学ぶ子どもや若者。,生徒,1,Student,,,
せいふく,制服,学校や会社に行くときに、みんなが同じデザインで着るように決められているお洋服。,制服,1,Uniform,,,
せいぶつ,生物,動物や植物など 命を持つもの。,生き物,1,Living thing,,,
せいぶん,成分,ある物質を作り上げているもとの要素。,成分 概念,2,Component,,,
せいらます,セイラ・マス,アニメ「機動戦士ガンダム」に登場する人物。シャアの妹で ホワイトベースの乗組員。,セイラ・マス,3,Sayla Mass,,,
せいり,整理,机の上のゴミを捨てたり、教科書を教科ごとに並べてスッキリと片付けること。,整理整頓,1,Organization,assets/shiritori/botan.png,asset,AI生成イラスト
せかい,世界,地球や人々の社会など ある範囲にあるもの全体。,地球,1,World,,,
せかす,急かす,「早く早く！」と、遅れそうなお友達を大慌てで急がせること。,急ぐ,2,Hurry,assets/shiritori/sekasu.png,asset,AI生成イラスト
せがわおんぷ,瀬川おんぷ,アニメ「おジャ魔女どれみ」に登場する魔女見習い。歌やダンスが得意。,瀬川おんぷ,3,Onpu Segawa,,,
せき,席,映画館や電車、学校の教室で、自分が座るように決められているお椅子の場所。,席,1,Seat,,,
せき,咳,風邪をひいたときに、お喉からコンコン、ゴホゴホと勢いよく空気が出ること。,咳,1,Cough,assets/shiritori/complete-3140.png,asset,AI生成イラスト
せきぞう,石像,公園や神社にある、硬い石を彫って作られた人間や動物の形をしたお人形のこと。,石像,2,Stone statue,,,
せきたん,石炭,大昔の植物が地中で長い時間をかけて変化してできた燃料。,石炭,2,Coal,,,
せきたんざん,セキタンザン,火山の化身ポケモン。,セキタンザン ポケモン,3,Coalossal,,,
せきにん,責任,任されたことを果たし 自分の行いの結果を引き受けること。,責任,2,Responsibility,assets/shiritori/sekinin.png,asset,AI生成イラスト
せきひ,石碑,昔の出来事や偉い人の名前を忘れないように、大きな石に文字を深く彫って建てたもの。,石碑,2,Stone monument,,,
せきゆ,石油,地中から掘り出される、燃料や化学製品の原料となる黒い油。,石油 資源,2,Petroleum,,,
せけん,世間,自分のまわりにいるたくさんの人々や、みんなが暮らしている社会のこと。,街並み,2,World,assets/shiritori/complete-3147.png,asset,AI生成イラスト
せこい,せこい,損得に細かく けちなようす。また やり方がずるいようす。,ずるい,1,Petty,assets/shiritori/aw-kechi.png,asset,AI生成イラスト
せっかい,石灰,石灰石を焼いて作る白い粉。主に酸化カルシウムを指す。,石灰 物質,2,Lime,,,
せっかいすい,石灰水,酸化カルシウムに水を加えてできる物質。消石灰ともいう。,石灰水 薬品,2,Limewater,,,
せっかいせき,石灰石,石灰石を焼いて作る物質や それを水と反応させた物質の呼び名。,石灰石 岩石,2,Limestone,,,
せっかち,せっかち,お水が沸騰するのをじっと待てず、いつも大慌てで次の行動をしてしまうような性格。,急ぐ,2,Impatient,assets/shiritori/complete-3152.png,asset,AI生成イラスト
せっけい,設計,お家や飛行機を作る前に、どこを何センチにするかを細かく書いた大きな地図（図面）を作ること。,設計図,2,Design,assets/shiritori/complete-3153.png,asset,AI生成イラスト
せっけん,石鹸,油脂などから作られ 体や物を洗うために使うもの。,石鹸,1,Soap,,,
せっけん,せっけん,せっけんを水に溶かしたもの。,せっけん 物質,2,Soap,,,
せっけんすい,せっけん水,せっけんを水に溶かして使う洗い液。,せっけん水 液体,2,Soapy water,,,
せっしゅう,雪舟,室町時代の画家で禅僧。水墨画で知られる。,雪舟 水墨画,2,Sesshu,,,
せっする,接する,お友達と仲良くお話ししたり、２つの丸いボールの端っこがピタッと触れ合うこと。,触れる,2,Touch,assets/shiritori/sessuru.png,asset,AI生成イラスト
せったい,接待,相手を大切に思い 心をこめて接すること。,接待,2,Hospitality,assets/shiritori/complete-3159.png,asset,AI生成イラスト
せつぞく,接続,パソコンのコードをコンセントにカチッと繋いだり、電車と電車が合体すること。,接続,2,Connection,assets/shiritori/complete-3160.png,asset,AI生成イラスト
せつだん,切断,硬い丸太やロープを、大きなのこぎりやハサミで２つにパチンと切り離してしまうこと。,切断,2,Cutting,assets/shiritori/complete-1648.png,asset,AI生成イラスト
せつなえふせいえい,刹那・F・セイエイ,アニメ「機動戦士ガンダム00」の主人公。ソレスタルビーイングのガンダムマイスター。,刹那・F・セイエイ,3,Setsuna F. Seiei,,,
せつび,設備,学校のプールや、お家のお風呂、エアコンのように、暮らしを便利にするための大きな機械や仕組み。,設備,2,Equipment,,,
せつめい,説明,「これはこうやって遊ぶんだよ」と、やり方やルールを相手に分かりやすく教えてあげること。,説明,1,Explanation,assets/shiritori/setsumei.png,asset,AI生成イラスト
せつやく,節約,お小遣いを使わずに貯金したり、誰もいないお部屋の電気をパチッと消して電気を大切にすること。,節約,1,Saving,assets/shiritori/setsuyaku.png,asset,AI生成イラスト
せとだ,瀬戸田町,広島県尾道市の町。かつては独立した町だった。,瀬戸田町,2,Setoda,,,
せなか,背中,からだの後ろ側にある、お顔や胸の反対側にある広くて平らな部分のこと。,背中,1,Back,,,
せねがる,セネガル,西アフリカにある国。首都はダカール。,セネガル 国旗,3,Senegal,,,
せのおあいこ,妹尾あいこ,アニメ「おジャ魔女どれみ」に登場する大阪出身の魔女見習い。,妹尾あいこ,3,Aiko Senoo,,,
せびろ,背広,上着とズボンを同じ布でそろえた洋服。,スーツ,1,Suit,,,
せまい,狭い,お部屋におもちゃがいっぱいで歩く場所がなかったり、お洋服が小さくてギューギューなようす。,狭い,1,Narrow,,,
せみ,セミ,夏にミンミン、ジーーーと大きな声で鳴く虫。,セミ,1,,,,
せらちょう,世羅町,広島県の東部にある町。農業がさかんで 花の産地としても知られる。,世羅町,1,Sera-cho,,,
せり,セリ,春の七草の一つ。水辺に生える食べられる草。,セリ 植物,2,Water dropwort,,,
せり,競り,品物を買いたい人たちが値段を競い 最も高い値をつけた人が買う方法。,競り,2,Auction,assets/shiritori/complete-3175.png,asset,AI生成イラスト
せりふ,台詞,劇や映画などで 登場人物が口にする言葉。,台詞,1,Line,,,
せる,競る,運動会のかけっこで、２人の選手がどっちが１位になるか最後まで激しく追い抜かし合うこと。,競り合う,2,Compete,assets/shiritori/complete-3177.png,asset,AI生成イラスト
せるびあ,セルビア,南東ヨーロッパのバルカン半島にある国。首都はベオグラード。,セルビア 国旗,3,Serbia,,,
せれびぃ,セレビィ,まぼろしポケモン。時間をこえて移動できるとされる。,セレビィ ポケモン,3,Celebi,,,
せろはんてーぷ,セロハンテープ,透明なフィルムにのりをつけたテープ。,セロハンテープ,2,Cellophane tape,,,
せわ,世話,人の手助けをしたり 面倒を見たりすること。,世話,1,Care,assets/shiritori/sewa.png,asset,AI生成イラスト
せん,千,ひゃくが10個集まった、1000というとても大きな数のなまえ。,千,1,Number 1000,,,
せん,線,鉛筆やクレヨンで、ノートの上にまっすぐ、またはクネクネと長く引っ張った筋のこと。,線,1,Line,assets/shiritori/complete-3183.png,asset,AI生成イラスト
せん,栓,お風呂のお水が流れないように、穴にギュッとハメるゴムのフタや、サイダーボトルのフタのこと。,栓,1,Plug,,,
せんえい,先鋭,先がとがっているようす。また 考え方や行動が急進的なようす。,鋭い,3,Radical,assets/shiritori/complete-0647.png,asset,AI生成イラスト
せんきょ,選挙,人々が代表者などを選ぶため 投票すること。,選挙,2,Election,assets/shiritori/senkyo.png,asset,AI生成イラスト
せんく,先駆,誰もやったことがない新しいお勉強や冒険を、一番最初に始めてみんなの道をひらくこと。,パイオニア,3,Pioneer,assets/shiritori/complete-3187.png,asset,AI生成イラスト
せんげん,宣言,みんなの前に堂々と立って、「私は絶対に一等賞をとります！」などと大きな声で約束すること。,宣言,2,Declaration,assets/shiritori/speech.png,asset,AI生成イラスト
せんごくじだい,戦国時代,日本の歴史で 大名たちが各地で争った時代。,戦国時代 合戦,2,Sengoku period,,,
せんし,戦士,戦う人のこと。,戦士,1,warrior,,,
せんしゅ,選手,野球やサッカーのチームのメンバーに選ばれて、ユニフォームを着て試合に出るかっこいい人のこと。,選手,1,Player,,,
せんしゅせんせい,選手宣誓,運動会の最初で赤組と白組のリーダーが、全力で頑張ることを約束すること。,選手宣誓,1,,assets/shiritori/complete-3192.png,asset,AI生成イラスト
せんせい,先生,学校や幼稚園で、みんなにお勉強や優しさ、楽しい遊びを教えてくれる大好きな人のこと。,先生,1,Teacher,,,
せんせん,宣戦,国が戦争を始める意思を 相手国に伝えること。,戦争,3,,assets/shiritori/complete-3194.png,asset,AI生成イラスト
せんぞ,先祖,祖父母やさらに前の世代の人々。,お墓参り,2,Ancestor,,,
せんたく,洗濯,汚れてしまったお洋服やお布団を、洗濯機に入れて洗剤でグルグルと綺麗に洗うこと。,洗濯,1,Laundry,assets/shiritori/laundry.png,asset,AI生成イラスト
せんち,センチ,長さの単位。1センチメートルは1メートルの100分の1。,定規,1,Centimeter,,,
せんちめーとる,cm,長さを表す単位。100センチメートルで1メートルになる。,長さ 単位,2,Centimeter,,,
せんとう,先頭,並んでいる順番の、いちばん前でみんなを引っ張っていく場所のこと。,先頭,1,Lead,assets/shiritori/complete-3199.png,asset,AI生成イラスト
せんとくりすとふぁーねいびす,セントクリストファー・ネイビス,カリブ海にある島国。首都はキングストン。,セントクリストファー・ネイビス 国旗,3,Saint Kitts and Nevis,,,
せんとびんせんとぐれなでぃーん,セントビンセント・グレナディーン,カリブ海にある島国。首都はハバナ。,セントビンセント・グレナディーン 国旗,3,Saint Vincent and the Grenadines,,,
せんとるしあ,セントルシア,カリブ海の島々にある国。首都はブリッジタウン。,セントルシア 国旗,3,Saint Lucia,,,
せんどう,先導,人や集団の前に立って進む方向を示すこと。,先導,2,Guidance,assets/shiritori/complete-3203.png,asset,AI生成イラスト
せんのりきゅう,千利休,安土桃山時代の茶人。わび茶を大成し 茶道に大きな影響を与えた。,千利休 肖像,2,Sen no Rikyu,,,
せんぷうき,扇風機,羽根を回して風を送る機械。,扇風機,1,Electric fan,assets/shiritori/fan.png,asset,AI生成イラスト
せんみん,賤民,歴史上の身分制度のもとで差別を受けた人々を指す語。現在は差別的な呼び方として使わない。,歴史,3,,,,
せんめんじょ,洗面所,顔を洗ったり 歯をみがいたりする場所。洗面台や鏡がある。,洗面所,1,Washroom,,,
せんもん,専門,特定の分野や事柄を中心に学んだり 取り組んだりすること。,専門,2,Specialty,assets/shiritori/complete-3208.png,asset,AI生成イラスト
せんろ,線路,列車が走るために敷かれた二本のレールとその周りの設備。,線路,1,Railway track,,,
せーしぇる,セーシェル,インド洋にある島国。首都はビクトリア。,セーシェル 国旗,3,Seychelles,,,
ぜくろむ,ゼクロム,こくいんポケモン。理想の世界を作る力を持つとされる。,ゼクロム ポケモン,3,Zekrom,,,
ぜっけん,ゼッケン,運動会などで 身につける番号を書いた布や札。,ゼッケン,1,,,,
ぜにがめ,ゼニガメ,かめのこポケモン。甲羅に身を守られている。,ゼニガメ,3,Squirtle,,,
ぜぶらいか,ゼブライカ,らいでんポケモン。たてがみから電気を放つ。,ゼブライカ ポケモン,3,Zebstrika,,,
ぜらおら,ゼラオラ,じんらいポケモン。電光石火の速さで動く。,ゼラオラ ポケモン,3,Zeraora,,,
ぜりー,ゼリー,果汁などを固めて作る やわらかい食べ物。,ゼリー,1,,,,
ぜるねあす,ゼルネアス,せいめいポケモン。生命を分け与える力を持つとされる。,ゼルネアス ポケモン,3,Xerneas,,,
ぜんざい,ぜんざい,小豆を甘く煮たものに もちや白玉を入れた食べ物。,ぜりー,1,,,,
ぜんてん,前転,体を前に倒して一回転する運動。,前転 マット運動,1,Roll (gymnastics),assets/shiritori/complete-3219.png,asset,AI生成イラスト
ぜんまい,ゼンマイ,金属のばねを巻いて力をため それが戻る力で動く仕組み。,ゼンマイ バネ,1,,,,
ぜーたがんだむ,Ζガンダム,アニメ「機動戦士Ζガンダム」に登場する可変モビルスーツ。カミーユ・ビダンが主に搭乗する。,Ζガンダム,3,Zeta Gundam,,,
そ,祖,家系の初めにあたる人。また 先祖。,お墓参り,2,Ancestor,,,
そう,沿う,何かに沿うように その近くを進んだり並んだりすること。,沿う,2,Along,assets/shiritori/complete-3223.png,asset,AI生成イラスト
そうくつ,巣窟,悪い人や動物などが集まっている場所。悪いことが行われる場所という意味でも使う。,隠れ家,3,Den,,,
そうじ,掃除,ほうきで掃いたり 布で拭いたりして ごみや汚れを取り除くこと。,掃除,1,Cleaning,assets/shiritori/souji.png,asset,AI生成イラスト
そうじき,掃除機,ごみやほこりを吸い取って掃除する機械。,掃除機,1,Vacuum cleaner,assets/shiritori/vacuum.png,asset,AI生成イラスト
そうそう,早々,物事が始まって間もないころ。また あることをしたすぐあと。,急ぐ,2,As soon as,assets/shiritori/complete-3227.png,asset,AI生成イラスト
そうぞう,想像,実際に見たり経験したりしていないことを 心の中に思い描くこと。,想像,1,Imagination,assets/shiritori/souzou.png,asset,AI生成イラスト
そうぞう,創造,新しいものや仕組みを作り出すこと。,創造,2,Creation,assets/shiritori/souzou2.png,asset,AI生成イラスト
そうぞうしい,騒々しい,音や人声が多くて うるさいようす。,騒がしい,2,Noisy,assets/shiritori/nigiyaka.png,asset,AI生成イラスト
そうなん,遭難,山や海などで道に迷い 帰れなくなるなど危険な状態になること。,救助,2,Disaster,assets/shiritori/complete-3231.png,asset,AI生成イラスト
そうび,装備,活動に必要な道具や衣服などを身につけたり 用意したりすること。,装備,2,Equipment,assets/shiritori/complete-3232.png,asset,AI生成イラスト
そうぶれいず,ソウブレイズ,ひのけんしポケモン。青い炎とゴーストのエネルギーでできた剣を持つ。,ソウブレイズ ポケモン,3,Ceruledge,,,
そうまとう,走馬灯,回転する灯籠。また 昔のことが次々と思い浮かぶこと。,走馬灯,3,Moving panorama,assets/shiritori/complete-3234.png,asset,AI生成イラスト
そうり,内閣総理大臣,内閣を代表し 国会が指名する国の行政の長。,内閣総理大臣官邸,2,Prime Minister of Japan,,,
そうりだいじん,内閣総理大臣,内閣を代表し 国会が指名する国の行政の長。,内閣総理大臣官邸,2,Prime Minister of Japan,,,
そえもの,添え物,主となるものに添えるもの。料理では付け合わせなどを指す。,パセリ,2,Garnish,,,
そえる,添える,主となるものに付け加えること。また 添えて一緒に置くこと。,添える,2,Add,assets/shiritori/complete-3238.png,asset,AI生成イラスト
そかい,疎開,戦争などの危険を避けるため 人々が別の場所へ移り住むこと。,歴史,3,Evacuation,assets/shiritori/complete-3239.png,asset,AI生成イラスト
そくてん,側転,手と足を順につきながら 横向きに一回転する運動。,側転 マット運動,1,Cartwheel (gymnastics),assets/shiritori/complete-3240.png,asset,AI生成イラスト
そこ,底,容器や場所のいちばん下の部分。,海の底,1,Bottom,,,
そこく,祖国,自分の国。また 自分の生まれ育った国。,国旗,2,Homeland,,,
そざい,素材,物を作るときに使う材料。,素材,2,Material,,,
そしき,組織,共通の目的のために役割を分けて活動する集まりや仕組み。,会社,2,Organization,assets/shiritori/soshiki.png,asset,AI生成イラスト
そしな,粗品,人に贈る品物をへりくだっていう言葉。,プレゼント,2,Small gift,assets/shiritori/soshina.png,asset,AI生成イラスト
そしる,誹る,人の欠点や失敗を責めたり 悪口を言ったりすること。,悪口,3,Slander,assets/shiritori/complete-1932.png,asset,AI生成イラスト
そすう,素数,1とその数自身以外では割り切れない 1より大きい整数。,数字,2,Prime number,,,
そだつ,育つ,生き物が大きくなったり 発達したりすること。,成長,1,Grow up,assets/shiritori/complete-3248.png,asset,AI生成イラスト
そだてる,育てる,生き物が大きくなるよう世話をすること。,育てる,1,Raise,assets/shiritori/sodateru.png,asset,AI生成イラスト
そち,措置,問題を解決したり 防いだりするために行う対応。,会議,2,Measure,assets/shiritori/complete-3250.png,asset,AI生成イラスト
そち,そち,相手を指す昔の言葉。身分が上の人が下の人に使うことが多かった。,お辞儀,3,,,,
そっくす,ソックス,足にはく衣類。靴下。,靴下,1,Socks,,,
そっくり,そっくり,形や様子がとてもよく似ていること。,双子,1,Identical,assets/shiritori/complete-3253.png,asset,AI生成イラスト
そっちょく,直言,自分の考えを飾らず 率直に言うこと。,正直,2,Frank,assets/shiritori/chogen.png,asset,AI生成イラスト
そっと,そっと,音を立てたり目立ったりしないように 静かにするようす。,静かに,1,Gently,assets/shiritori/sotto.png,asset,AI生成イラスト
そっぽ,そっぽを向く,相手に背を向けたり 顔をそむけたりすること。,無視,2,Turn away,assets/shiritori/soppo.png,asset,AI生成イラスト
そで,袖,衣服のうち 腕を通す部分。,袖,1,Sleeve,,,
そなえる,備える,必要な物を前もって用意すること。また ある状態にしておくこと。,準備,2,Provide,assets/shiritori/complete-3258.png,asset,AI生成イラスト
そまりあ,ソマリア,アフリカ東部にある国。首都はモガディシュ。,ソマリア 国旗,3,Somalia,,,
そよかぜ,そよ風,静かに吹く弱い風。,そよ風,1,Gentle breeze,assets/shiritori/soyokaze.png,asset,AI生成イラスト
そら,空,地上から上を見たときに広がっている空間。,空,1,Sky,,,
そらはれわたーる,ソラ・ハレワタール,アニメ「ひろがるスカイ！プリキュア」の主人公。スカイランド出身で キュアスカイに変身する。,ソラ・ハレワタール アニメ,3,,,,
そらまめ,ソラマメ,大きなさやに豆が入った野菜。,ソラマメ,2,Broad bean,,,
そり,そり,雪の上を滑らせて人や荷物を運ぶ乗り物。,そり,1,,,,
そり,ソリ,雪の上を滑るように作られた乗り物。,ソリ,1,Sled,,,
そる,剃る,かみそりなどで 毛を根元から取り除くこと。,ひげそり,2,Shave,assets/shiritori/complete-3266.png,asset,AI生成イラスト
そるがれお,ソルガレオ,にちりんポケモン。太陽の使者として崇められていたとされる。,ソルガレオ ポケモン,3,Solgaleo,,,
そるろっく,ソルロック,いわポケモン。太陽の光をエネルギーにして動く。,ソルロック ポケモン,3,Solrock,,,
それ,それ,話し手から少し離れた物や事柄を指す言葉。,指さす,1,That,,,
それる,逸れる,進む方向がそれて 別の方向へ行くこと。,ボール,2,Stray,assets/shiritori/complete-3270.png,asset,AI生成イラスト
そろばん,そろばん,珠を動かして数を計算する道具。,そろばん,1,Abacus,,,
そろもん,ソロモン,アニメ「機動戦士ガンダム」に登場する小惑星。ジオン公国軍の宇宙要塞が置かれた。,ソロモン ガンダム,3,Solomon,,,
そろもんしょとう,ソロモン諸島,南太平洋にある島国。首都はホニアラ。,ソロモン諸島 国旗,3,Solomon Islands,,,
そんけい,尊敬,人の考え方や行いを立派だと思い 敬うこと。,お辞儀,2,Respect,assets/shiritori/sonkei.png,asset,AI生成イラスト
そんざい,存在,人や物がそこにあること。,人間,2,Existence,assets/shiritori/complete-3275.png,asset,AI生成イラスト
そんちょう,尊重,相手の考えや気持ちを大切に扱うこと。,話し合い,2,Respect,assets/shiritori/sonchou.png,asset,AI生成イラスト
そんちょう,村長,村を代表し 村の仕事をまとめる人。,村長,2,,,,
そーなんす,ソーナンス,がまんポケモン。受けた攻撃を反撃する技を使う。,ソーナンス,3,Wobbuffet,,,
そーられい,ソーラ・レイ,アニメ「機動戦士ガンダム」に登場する兵器。コロニーを改造して作られた巨大な太陽光発電兵器。,ソーラ・レイ,3,Solar Ray,,,
ぞう,ゾウ,鼻が長く 大きな体を持つ哺乳類。,ゾウ,1,,,,
ぞう,象,鼻が長く 大きな体を持つ哺乳類。,ゾウ,1,Elephant,,,
ぞうきん,雑巾,机や床の汚れを拭き取る布。,雑巾,1,,,,
ぞうり,草履,鼻緒のある底の平らな履物。,草履,1,,,,
ぞろあ,ゾロア,わるぎつねポケモン。自分の姿を別のものに見せる。,ゾロア ポケモン,3,Zorua,,,
ぞろあひすいのすがた,ゾロア(ヒスイのすがた),うらみぎつねポケモン。ヒスイ地方にすむゾロアの姿。,ゾロア(ヒスイのすがた) ポケモン,3,Hisuian Zorua,,,
ぞろあーく,ゾロアーク,ばけぎつねポケモン。幻影を見せて相手を惑わせる。,ゾロアーク ポケモン,3,Zoroark,,,
ぞろあーくひすいのすがた,ゾロアーク(ヒスイのすがた),のろいぎつねポケモン。ヒスイ地方にすむゾロアークの姿。,ゾロアーク(ヒスイのすがた) ポケモン,3,Hisuian Zoroark,,,
ぞんび,ゾンビ,死者が生き返った姿として 物語などに登場する怪物。,ゾンビ,1,,,,
た,田,水を張り 稲を育てる田んぼ。,田んぼ,1,Rice field,,,
たい,タイ,東南アジアにある国。首都はバンコク。,タイ 国旗,1,Thailand,,,
たいいく,体育,体を動かす運動や 健康な体について学ぶ教科。,体育,1,Physical education,assets/shiritori/taisou.png,asset,AI生成イラスト
たいいん,退院,治療を終えて 病院から出ること。,退院,2,Discharge from hospital,assets/shiritori/complete-3292.png,asset,AI生成イラスト
たいおんけい,体温計,体の温度を測る道具。,体温計,1,Thermometer,,,
たいかい,大会,多くの人やチームが集まり 競技などを行う催し。,大会,1,Tournament,assets/shiritori/moyooshi.png,asset,AI生成イラスト
たいかいでん,タイカイデン,ぐんぐんポケモン。風に乗って空を飛ぶ。,タイカイデン ポケモン,3,Kilowattrel,,,
たいかく,体格,体の大きさや 骨格のつり合い。,体格,2,Physique,,,
たいがん,対岸,川や海などをはさんで反対側にある岸。,対岸,2,Opposite shore,,,
たいき,大気,地球を取り巻いている空気の層。,大気,2,Atmosphere,,,
たいきん,大金,多額のお金。,大金,1,Large amount of money,,,
たいくつ,退屈,することがなくて時間を持て余すようす。また 物事がつまらなく感じられるようす。,退屈,1,Bored,assets/shiritori/complete-3300.png,asset,AI生成イラスト
たいげん,体言,日本語文法で 名詞や代名詞など 活用せず文の主語や目的語になる言葉。,国語,3,,,,
たいこ,太鼓,胴に張った面を打ち鳴らす楽器。,太鼓,1,Drum,,,
たいさく,対策,問題が起きないようにしたり 起きた問題に対応したりするための方法。,対策,2,Countermeasure,assets/shiritori/complete-3258.png,asset,AI生成イラスト
たいさん,退散,その場から逃げていなくなること。,逃げる,2,Dispersal,assets/shiritori/complete-3304.png,asset,AI生成イラスト
たいざい,滞在,ある場所にしばらくとどまって過ごすこと。,ホテル,2,Stay,assets/shiritori/complete-3305.png,asset,AI生成イラスト
たいした,大した,「大した問題ではない」のように それほどではないことを表す。また「大した人」のように すぐれていることも表す。,笑顔,1,Significant,assets/shiritori/complete-3306.png,asset,AI生成イラスト
たいしょう,対象,目標や働きかけを向ける相手や物事。,対象,2,Target,assets/shiritori/complete-3307.png,asset,AI生成イラスト
たいしょく,退職,勤めている仕事を辞めること。,退職,2,Retirement,assets/shiritori/complete-3308.png,asset,AI生成イラスト
たいしん,耐震,地震に耐えられるよう 建物などを作ること。,耐震,2,Earthquake resistant,assets/shiritori/complete-3309.png,asset,AI生成イラスト
たいじ,退治,害になるものを追い払ったり 退けたりすること。,鬼退治,1,Extermination,assets/shiritori/complete-3310.png,asset,AI生成イラスト
たいじゅうけい,体重計,体重を測る道具。,体重計,1,Bathroom scales,,,
たいすう,対数,ある数を何乗すると別の数になるかを表す数。対数は指数の逆の関係を表す。,数学,3,Logarithm,assets/shiritori/complete-3312.png,asset,アプリ作成図
たいせき,体積,物体が空間の中で占める大きさ。,体積 概念,2,Volume,assets/shiritori/complete-3313.png,asset,アプリ作成図
たいせつ,大切,なくしたり傷つけたりしないよう 大事に扱うようす。,大切,1,Important,assets/shiritori/taisetsu.png,asset,AI生成イラスト
たいせつ,大雪,雪がたくさん降ること。また その雪。,大雪,1,Heavy snow,assets/shiritori/complete-0819.png,asset,AI生成イラスト
たいそう,体操,体を動かして健康を保つ運動。,ラジオ体操,1,Gymnastics,assets/shiritori/taisou.png,asset,AI生成イラスト
たいそく,体側,体の横側。特に 胴体のわきの部分。,ストレッチ,2,,assets/shiritori/complete-3317.png,asset,AI生成イラスト
たいち,対地,地面や地球を基準とすること。航空や工学で使う語。,地球,3,,assets/shiritori/complete-3318.png,asset,AI生成イラスト
たいちょう,体調,体の健康や 元気のようす。,元気,1,Physical condition,assets/shiritori/complete-3319.png,asset,AI生成イラスト
たいど,態度,人の考えや気持ちが 表情や行動に表れたようす。,態度,1,Attitude,assets/shiritori/taido.png,asset,AI生成イラスト
たいない,体内,体の内側。,体内,2,Internal body,,,
たいはく,太白,非常に白いこと。また サツマイモの品種名。,サツマイモ,3,,assets/shiritori/complete-3322.png,asset,アプリ作成図
たいはん,大半,全体の中で半分より多くを占める部分。,大半,2,Majority,assets/shiritori/complete-3323.png,asset,AI生成イラスト
たいふう,台風,熱帯の海で発生する 強い風を伴う低気圧。,台風,1,Typhoon,,,
たいぷ:ぬる,タイプ:ヌル,人工的に作られたポケモン。研究のために作られた獣の姿をしている。,タイプ:ヌル ポケモン,3,Type: Null,,,
たいへいよう,太平洋,地球上で最も広い海洋。アジアと南北アメリカなどに囲まれている。,地球,2,Pacific Ocean,,,
たいへん,大変,苦しい状況や 困ったことが起きたようす。また 程度が大きいこと。,大変,1,Difficult,assets/shiritori/complete-3327.png,asset,AI生成イラスト
たいほ,逮捕,犯罪の疑いがある人の身柄を 法律に基づいて警察などが確保すること。,警察官,2,Arrest,assets/shiritori/complete-3328.png,asset,AI生成イラスト
たいぼく,大木,大きく成長した木。,大木,2,Large tree,,,
たいむ,タイム,時間。また 競走や競技にかかった時間。,ストップウォッチ,1,Time,assets/shiritori/complete-2926.png,asset,AI生成イラスト
たいや,タイヤ,車輪の外側に取り付ける 輪の形をしたゴムなどの部品。,タイヤ,1,Tyre,,,
たいよう,太陽,地球に最も近い恒星。地球に光や熱を届けている。,太陽,1,Sun,,,
たいらのきよもり,平清盛,平安時代末期の武士。武士として初めて太政大臣になった。,平清盛 肖像,2,Taira no Kiyomori,,,
たいりく,大陸,周囲を海に囲まれた 広く大きな陸地。,世界地図,2,Continent,,,
たいりつ,対立,意見や立場が食い違い 争いになること。,対立,2,Confrontation,assets/shiritori/kenka.png,asset,AI生成イラスト
たいりょう,大量,量が多いこと。,大量,2,Large quantity,assets/shiritori/complete-3336.png,asset,アプリ作成図
たいりょく,体力,長く運動したり 活動したりできる体の力。,体力,1,Physical strength,assets/shiritori/kenkou.png,asset,AI生成イラスト
たいりん,大輪,花の輪が大きいこと。また その花。,大輪の花,2,Large flower,assets/shiritori/complete-3338.png,asset,AI生成イラスト
たいれーつ,タイレーツ,れんけいポケモン。小さなポケモンたちが集まって隊列を作る。,タイレーツ ポケモン,3,Falinks,,,
たいわ,対話,人と人が向き合って話し合うこと。,対話,2,Dialogue,assets/shiritori/taiwa.png,asset,AI生成イラスト
たうえ,田植え,田に稲の苗を植えること。,田植え,1,Rice planting,assets/shiritori/complete-3341.png,asset,AI生成イラスト
たおす,倒す,立っている物を横にすること。また 相手を打ち負かすこと。,倒す,1,Knock down,assets/shiritori/complete-3342.png,asset,AI生成イラスト
たおれる,倒れる,立っていた物が横になること。また 人が意識を失うこと。,倒れる,1,Fall down,assets/shiritori/pv-trip.png,asset,AI生成イラスト
たか,鷹,鋭いくちばしと爪を持つ 猛禽類の鳥。,タカ 鳥,1,Hawk,,,
たかい,高い,上の方までの距離や値段などが大きいこと。,高い,1,High,assets/shiritori/complete-3345.png,asset,アプリ作成図
たかいちさなえ,高市早苗,日本の政治家。2025年に第104代内閣総理大臣となり 2026年2月から第105代を務めている。,高市早苗 肖像,3,SanaeTakaichi,,,
たかさ,高さ,物の底から上までの長さ。,高さ 概念,2,Height,assets/shiritori/complete-3347.png,asset,アプリ作成図
たかなみ,高波,高く盛り上がった波。台風などの強風や低気圧によって起こることがある。,高波,2,Ocean wave,,,
たかはしこれきよ,高橋是清,日本の政治家。第20代内閣総理大臣を務め 二・二六事件で暗殺された。,高橋忠清 肖像,3,KorekiyoTakahashi,,,
たかみむすび,高御産巣日神,日本神話の神。天地の始まりに現れた神々の一柱とされる。,高御産巣日神,2,Takamimusubi,,,
たから,宝,貴重な品物。また その人にとって大切なもの。,宝箱,1,Treasure,assets/shiritori/takara.png,asset,AI生成イラスト
たからくじ,宝くじ,番号などが当たると賞金を受け取れるくじ。,宝くじ,2,Lottery,,,
たき,滝,川の水が急な崖などを流れ落ちる場所。,滝,1,Waterfall,assets/shiritori/waterfall.png,asset,AI生成イラスト
たきぎ,たきぎ,燃料にする木や枝。,薪,2,Firewood,,,
たきざわあすか,滝沢あすか,アニメ「トロピカル〜ジュ！プリキュア」に登場する中学3年生。キュアフラミンゴに変身する。,滝沢あすか アニメ,3,,,,
たきび,焚き火,落ち葉や薪などを集めて 屋外で火を燃やすこと。,焚き火,1,Bonfire,assets/shiritori/complete-3356.png,asset,AI生成イラスト
たきび,たき火,落ち葉や薪などを集めて 屋外で火を燃やすこと。,たき火 現象,2,Bonfire,assets/shiritori/complete-3356.png,asset,AI生成イラスト
たく,炊く,米などを煮て ご飯を作ること。,炊飯器,1,Cook rice,assets/shiritori/complete-3358.png,asset,AI生成イラスト
たくあん,たくあん,大根をぬかなどに漬けて作る漬物。,たくあん,1,Pickled radish,,,
たくさん,沢山,数や量が多いこと。,沢山,1,Many,assets/shiritori/complete-3360.png,asset,アプリ作成図
たくしー,タクシー,客を目的地まで運び 料金を受け取る自動車。,タクシー,1,Taxi,,,
たくみ,匠,高い技術を身につけた職人。また その技術に優れた人。,職人,2,Master,,,
たくらむ,企む,よくないことをしようと考えること。,企む,2,Plot,assets/shiritori/takuramu.png,asset,AI生成イラスト
たくわえる,蓄える,後で使うために 物を蓄えておくこと。,貯める,2,Store,assets/shiritori/setsuyaku.png,asset,AI生成イラスト
たけ,竹,まっすぐ伸び 節のある茎を持つ植物。茎の中は空洞。,竹林,1,Bamboo,,,
たけ,丈,物の長さや高さ。衣服では首元から裾までの長さなどを指す。,身長,1,Length,assets/shiritori/complete-3366.png,asset,アプリ作成図
たけのこ,タケノコ,土から出たばかりの竹の若芽。食用にする。,タケノコ,1,Bamboo shoot,,,
たけはらし,竹原市,広島県南部の市。製塩や町並み保存で知られる。,竹原市,1,Takehara,,,
たけみかづち,建御雷神,日本神話の神。雷や武の神として信仰される。,建御雷神,2,Takemikazuchi,,,
たけみかづち,タケミカヅチ,日本神話に登場する武神。建御雷神とも書く。,タケミカヅチ,2,Kami,,,
たけみなかた,建御名方神,日本神話の神。諏訪大社でまつられ 相撲の起源に関わる伝承でも知られる。,建御名方神,2,Takeminakata,,,
たけるらいこ,タケルライコ,パラドックスポケモン。長い首の先の体毛から雷を放つとされる。,タケルライコ ポケモン,3,Raging Bolt,,,
たこ,タコ,八本の腕に吸盤を持つ海の生き物。危険を感じると墨を吐く。,タコ,1,Octopus,,,
たこ,凧,風を受けて空に揚げて遊ぶ道具。紙や布などで作る。,凧揚げ,1,Kite,,,
たこく,他国,自分の国とは別の国。,世界地図,2,Foreign country,,,
たこやき,たこ焼き,小麦粉の生地にタコなどを入れて丸く焼いた料理。,たこ焼き,1,Takoyaki,,,
たさい,多彩,色や種類 技能などに変化が多く さまざまなものがそろっているようす。,多彩,2,Colorful,assets/shiritori/complete-3377.png,asset,AI生成イラスト
たしか,確か,間違いがないこと。また 本当だと思われるようす。,確か,1,Certain,assets/shiritori/complete-3378.png,asset,AI生成イラスト
たしかめる,確かめる,間違いがないか もう一度調べること。,確かめる,1,Confirm,assets/shiritori/complete-3379.png,asset,AI生成イラスト
たじきすたん,タジキスタン,中央アジアにある内陸国。国土の大部分が山地。,タジキスタン 国旗,3,Tajikistan,,,
たす,足す,ある数に別の数を加えること。,足し算,1,Add,assets/shiritori/complete-3381.png,asset,アプリ作成図
たすかる,助かる,危険や困難を逃れて 無事であること。,助かる,1,Saved,assets/shiritori/tasukaru.png,asset,AI生成イラスト
たすけ,助け,助けること。また 手伝い。,助ける,1,Help,assets/shiritori/tasuke.png,asset,AI生成イラスト
たすける,助ける,困っている人に手を貸すこと。,助ける,1,Help,assets/shiritori/tasukeru.png,asset,AI生成イラスト
たすまにあでびる,タスマニアデビル,タスマニア島などにすむ肉食の有袋類。現生の肉食有袋類で最大。,タスマニアデビル,3,,,,
たずねる,尋ねる,分からないことを 人に聞いて確かめること。,尋ねる,1,Ask,assets/shiritori/complete-3386.png,asset,AI生成イラスト
たずねる,訪ねる,人の家や場所を訪問すること。,訪ねる,1,Visit,assets/shiritori/nock.png,asset,AI生成イラスト
たたかい,戦い,互いに勝とうとして争うこと。,戦い,1,Battle,assets/shiritori/complete-3388.png,asset,AI生成イラスト
たたかう,戦う,相手に勝とうとして争うこと。また 困難を乗り越えようと努力すること。,戦う,1,Fight,assets/shiritori/tatakau.png,asset,AI生成イラスト
たたき,叩き,たたくこと。また たたき売りや魚の調理法などを指すこともある。,玄関,2,,assets/shiritori/pv-beat.png,asset,AI生成イラスト
たたく,叩く,手や道具で 物に力を加えて打つこと。,叩く,1,Tap,assets/shiritori/pv-beat.png,asset,AI生成イラスト
たたっこ,タタッコ,だだっこポケモン。腕の吸盤を使って相手にしがみつく。,タタッコ ポケモン,3,Clobbopus,,,
たたみ,畳,床に敷く 日本の伝統的な敷物。い草などで作る。,畳,1,Tatami,,,
たたむ,畳む,広げた物を折り重ねて 小さくまとめること。,畳む,1,Fold,assets/shiritori/complete-3394.png,asset,AI生成イラスト
たたる,祟る,神仏や霊の力によって災いを受けること。,怪談,3,,assets/shiritori/complete-3395.png,asset,AI生成イラスト
ただ,ただ,料金がいらないこと。また それだけであること。,無料,1,Free,assets/shiritori/complete-3396.png,asset,AI生成イラスト
ただしい,正しい,事実や決まりに合っていること。,正しい,1,Correct,assets/shiritori/complete-3397.png,asset,AI生成イラスト
ただちに,直ちに,すぐに。ただちに。,直ちに,2,Immediately,assets/shiritori/complete-3398.png,asset,AI生成イラスト
たちふさぐま,タチフサグマ,ツッパリポケモン。相手を挑発しながら戦う。,タチフサグマ ポケモン,3,Obstagoon,,,
たちまち,たちまち,急に。すぐに。短い時間のうちに。,たちまち,2,In an instant,assets/shiritori/complete-0222.png,asset,AI生成イラスト
たっつー,タッツー,ドラゴンポケモン。タツノオトシゴに似た姿をしている。,タッツー,3,Horsea,,,
たっぷ,タップ,アニメ「おジャ魔女どれみ」に登場する変身道具。魔女見習いの姿に変身するときに使う。,タップ 変身 おジャ魔女,3,,,,
たつ,立つ,体を起こして 足で体を支えた姿勢になること。,立つ,1,Stand,assets/shiritori/tatsu.png,asset,AI生成イラスト
たつ,経つ,時間が過ぎること。,時計,1,Pass,assets/shiritori/complete-3404.png,asset,AI生成イラスト
たつまき,竜巻,激しく回転する空気の柱。地上の物を巻き上げることがある。,竜巻,1,Tornado,,,
たてがみあおい,立神あおい,アニメ「キラキラ☆プリキュアアラモード」に登場する中学2年生。キュアジェラートに変身し ロックバンドのボーカルを務める。,立神あおい アニメ,3,,,,
たとえ,例え,「たとえば」などの形で 例を示すこと。,例え,1,Example,assets/shiritori/complete-3407.png,asset,AI生成イラスト
たなかかくえい,田中角栄,日本の政治家。第64・65代内閣総理大臣を務め 日中国交正常化を進めた。,田中角栄 肖像,3,KakueiTanaka,,,
たぬき,タヌキ,日本にすむイヌ科の動物。森林や農地の近くなどにいる。,タヌキ,1,,,,
たね,種,植物が芽を出すもとになるもの。,種,1,Seed,assets/shiritori/tane.png,asset,AI生成イラスト
たねぼー,タネボー,どんぐりポケモン。木の実のような姿をしている。,タネボー ポケモン,3,Seedot,,,
たのしい,楽しい,心が満ち足りて 明るい気持ちになるようす。,楽しい,1,Fun,assets/shiritori/tanoshii.png,asset,AI生成イラスト
たのしみ,楽しみ,これから起きることを楽しみに思う気持ち。,ワクワク,1,Looking forward to,assets/shiritori/tanoshimi.png,asset,AI生成イラスト
たのむ,頼む,相手に何かをしてほしいと頼むこと。,頼む,1,Request,assets/shiritori/tanomu.png,asset,AI生成イラスト
たばこ,タバコ,タバコの葉を使った嗜好品。燃やして煙を吸う形のものなどがある。,タバコ,2,Tobacco,,,
たばすこ,タバスコ,唐辛子を使った辛いソースの商品名。,タバスコ,2,Hot sauce,,,
たばねる,束ねる,ばらばらの物を集めて 一つにまとめること。,束ねる,2,Bundle,assets/shiritori/complete-3417.png,asset,AI生成イラスト
たび,旅,住んでいる所を離れて 別の土地へ出かけること。,旅,1,Journey,assets/shiritori/complete-3418.png,asset,AI生成イラスト
たびたび,度々,何度も。しばしば。,何度も,2,Often,assets/shiritori/complete-3419.png,asset,AI生成イラスト
たふ,タフ,丈夫で つらいことにも耐えられるようす。,元気,2,Tough,assets/shiritori/nintai.png,asset,AI生成イラスト
たぶん,多分,確かではないが そうだろうと思うこと。,多分,1,Perhaps,assets/shiritori/complete-3421.png,asset,AI生成イラスト
たぶんね,タブンネ,いやしポケモン。人やポケモンの体調の変化に気づく。,タブンネ ポケモン,3,Audino,,,
たべもの,食べ物,食べるための物。,食べ物,1,Food,,,
たべる,食べる,食べ物を口に入れて 飲み込むこと。,食べる,1,Eat,assets/shiritori/complete-0477.png,asset,AI生成イラスト
たぼう,多忙,仕事や用事が多くて 忙しいようす。,忙しい,2,Busy,assets/shiritori/complete-0306.png,asset,AI生成イラスト
たま,玉,丸い形の物。また 宝石や玉のように価値のある物。,球,1,Ball,,,
たま,弾,銃などから発射される弾丸。,弾,2,Bullet,,,
たまげたけ,タマゲタケ,きのこポケモン。モンスターボールに似た模様で相手を誘う。,タマゲタケ ポケモン,3,Foongus,,,
たまご,卵,鳥や虫などが産み 生き物の子が育つもとになるもの。,卵,1,,,,
たまごとじ,たまごとじ,卵でとじて作った料理。材料を卵でまとめて煮る。,たまごとじ,1,,,,
たましい,魂,人の心や命の根本にあると考えられるもの。死後も残ると信じられることがある。,魂,2,Soul,assets/shiritori/tamashii.png,asset,AI生成イラスト
たまたま,タマタマ,タマタマはポケットモンスターシリーズに登場するポケモン。卵が集まったような姿をしている。,タマタマ,3,Exeggcute,,,
たまに,たまに,たまには、いつもではなく、時々起こること。,たまに,1,Occasionally,assets/shiritori/complete-3433.png,asset,AI生成イラスト
たまねぎ,タマネギ,タマネギは、料理に使う野菜。切ると目にしみて涙が出ることがある。,タマネギ,1,Onion,,,
たまる,溜まる,水や物が一か所に集まって増えること。用事や仕事が残って増える意味にも使う。,溜まる,1,Accumulate,assets/shiritori/complete-3435.png,asset,AI生成イラスト
たまると,たまると,「そうすると」や「その結果」という意味の、少し昔の物語に出てくる言葉のつなぎ方,本,3,,assets/shiritori/complete-3436.png,asset,AI生成イラスト
たまんた,タマンタ,タマンタはポケットモンスターシリーズに登場するカイトポケモン。,タマンタ ポケモン,3,Mantyke,,,
たまんちゅら,タマンチュラ,タマンチュラはポケットモンスターシリーズに登場するクモのようなポケモン。,タマンチュラ ポケモン,3,Tarountula,,,
たるっぷる,タルップル,タルップルはポケットモンスターシリーズに登場するリンゴをモチーフにしたポケモン。,タルップル ポケモン,3,Appletun,,,
たわし,たわし,たわしは、かたい繊維などで作った掃除道具。鍋や床の汚れをこすり落とす。,たわし,1,Scrubbing brush,,,
たわむ,撓む,しなるとは、棒や枝などが折れずに弓なりに曲がること。,しなる,2,Flex,assets/shiritori/complete-3441.png,asset,AI生成イラスト
たんい,単位,単位は、長さや重さなどを数で表すときの基準。長さならメートル 重さならグラムを使う。,単位 概念,2,Unit,assets/shiritori/complete-3442.png,asset,AI生成イラスト
たんこぶ,たんこぶ,たんこぶは、頭などをぶつけたあとに皮膚がふくらんだもの。,たんこぶ,1,bump,,,
たんご,単語,単語は、文を作る言葉のひとまとまり。たとえば「犬」や「学校」は単語。,辞書,2,Word,,,
たんさんすい,炭酸水,炭酸水は、二酸化炭素が溶け込んだ水。泡が出て口の中で刺激を感じる。,炭酸水 飲料,2,Carbonated water,,,
たんざにあ,タンザニア,タンザニアは、アフリカ東部にある国。キリマンジャロ山がある。,タンザニア 国旗,3,Tanzania,,,
たんじょうび,誕生日,誕生日は、人が生まれた日と同じ日付が毎年めぐってくる日。,誕生日,1,Birthday,,,
たんす,タンス,タンスは、引き出しや戸の中に衣類などをしまう家具。,タンス,1,Chest of drawers,,,
たんどん,タンドン,タンドンはポケットモンスターシリーズに登場する 石炭のような体を持つポケモン。,タンドン ポケモン,3,Rolycoly,,,
たんぼ,田んぼ,田んぼは、稲を育てるために水を張った農地。,田んぼ,1,Rice field,,,
たんぽぽ,タンポポ,タンポポは、黄色い花を咲かせる植物。花が終わると綿毛ができ 種を風に運ばせる。,タンポポ,1,Dandelion,,,
たーんえーがんだむ,∀ガンダム,∀ガンダムは、アニメ『∀ガンダム』に登場するモビルスーツ。作品では過去のガンダムの歴史を「黒歴史」と呼ぶ。,∀ガンダム,3,Turn A Gundam,,,
だいがくせい,大学生,大学生は、大学に通って学ぶ人。,大学生,2,University student,,,
だいきこくぬし,大国主,大国主は、日本神話に登場する神。出雲大社では大国主大神としてまつられ 縁結びの神事と結びついている。,大国主,2,Okuninushi,,,
だいけんき,ダイケンキ,ダイケンキはポケットモンスターシリーズに登場するポケモン。,ダイケンキ ポケモン,3,Samurott,,,
だいこん,ダイコン,ダイコンは、白く太い根を食べる野菜。煮物や漬物などに使う。,ダイコン,1,,,,
だいたい,大体,大体は、細かいところまで正確ではないが おおよその範囲であること。,大体,1,Almost,assets/shiritori/complete-3457.png,asset,AI生成イラスト
だいたい,代替,代替は、使っているものの代わりになるものを用いること。,代わり,3,Substitution,assets/shiritori/torikaeru.png,asset,AI生成イラスト
だいたいいろ,橙色,橙色は、赤みのある黄色。みかんの皮に似た色。,橙色,1,Orange color,,,
だいち,大地,大地は、広く続く陸地や地面。,大地,1,,,,
だいのーず,ダイノーズ,ダイノーズはポケットモンスターシリーズに登場するポケモン。,ダイノーズ ポケモン,3,Probopass,,,
だいやもんど,ダイヤモンド,ダイヤモンドは、炭素からできた非常に硬い鉱物。宝石や工業用の材料に使われる。,ダイヤモンド,1,,,,
だえき,唾液,唾液は、口の中に出る液体。食べ物を飲み込みやすくし 消化を助ける。,唾液,2,Saliva,,,
だくま,ダクマ,ダクマはポケットモンスターシリーズに登場する くまのような姿のポケモン。,ダクマ ポケモン,3,Kubfu,,,
だくりゅう,濁流,濁流は、土や泥が混ざってにごった水の流れ。,濁流,2,Muddy river,,,
だぐとりお,ダグトリオ,ダグトリオはポケットモンスターシリーズに登場するポケモン。3つの頭が地面から出た姿をしている。,ダグトリオ,3,Dugtrio,,,
だぐとりおあろーらのすがた,ダグトリオ(アローラのすがた),ダグトリオのアローラのすがたは ポケットモンスターシリーズに登場する姿違い。頭に金色の毛がある。,ダグトリオ(アローラのすがた),3,Alolan Dugtrio,,,
だげき,ダゲキ,ダゲキはポケットモンスターシリーズに登場する かくとうタイプのポケモン。,ダゲキ ポケモン,3,Sawk,,,
だす,出す,出すは、中にあるものを外へ移したり 相手に渡したりすること。,出す,1,Put out,assets/shiritori/dasu.png,asset,AI生成イラスト
だすとだす,ダストダス,ダストダスはポケットモンスターシリーズに登場する ごみぶくろのような姿のポケモン。,ダストダス ポケモン,3,Garbodor,,,
だだりん,ダダリン,ダダリンはポケットモンスターシリーズに登場する いかりを宿した海藻のようなポケモン。,ダダリン ポケモン,3,Dhelmise,,,
だち,ダチ,ダチは、友達をくだけて短く言う言葉。,友,1,Friend,,,
だちょう,ダチョウ,ダチョウは、飛べない鳥。長い脚で速く走る。,ダチョウ,1,Ostrich,,,
だって,だって,だっては、理由や言い分を述べるときなどに使う言葉。,言い訳,1,Because,assets/shiritori/complete-3474.png,asset,AI生成イラスト
だて,伊達,伊達は、見た目を華やかに飾ること。必要がないのに眼鏡をかける「伊達眼鏡」のようにも使う。,伊達メガネ,2,Showy,assets/shiritori/complete-3475.png,asset,AI生成イラスト
だぶらん,ダブラン,ダブランはポケットモンスターシリーズに登場するポケモン。,ダブラン ポケモン,3,Duosion,,,
だぶるおーがんだむ,ダブルオーガンダム,ダブルオーガンダムはアニメ『機動戦士ガンダム00』に登場するモビルスーツ。両肩に二基のGNドライヴを搭載する。,ダブルオーガンダム,3,00 Gundam,,,
だぶるぜーたがんだむ,ΖΖガンダム,ΖΖガンダムはアニメ『機動戦士ガンダムΖΖ』に登場するモビルスーツ。複数の機体が合体し 飛行形態にも変形する。,ΖΖガンダム,3,ZZGundam,,,
だるま,達磨,達磨は、禅宗を伝えた達磨大師の座った姿をかたどった人形。願い事や商売繁盛を願う縁起物として飾る。,だるま,1,Daruma doll,,,
だるまっか,ダルマッカ,ダルマッカはポケットモンスターシリーズに登場する ほのおタイプのポケモン。,ダルマッカ ポケモン,3,Darumaka,,,
だるまっかがらるのすがた,ダルマッカ(ガラルのすがた),ダルマッカのガラルのすがたは ポケットモンスターシリーズに登場する姿違い。こおりタイプのポケモン。,ダルマッカ(ガラルのすがた) ポケモン,3,Galarian Darumaka,,,
だんご,団子,団子は、米や豆などの粉を練って丸め 蒸したりゆでたりした食べ物。串に刺すものもある。,団子,1,,,,
だんごむし,ダンゴムシ,ダンゴムシは、触れると体を丸める小さな生き物。,ダンゴムシ,1,Pill bug,,,
だんごろ,ダンゴロ,ダンゴロはポケットモンスターシリーズに登場する 岩のような体を持つポケモン。,ダンゴロ ポケモン,3,Roggenrola,,,
だーくらい,ダークライ,ダークライはポケットモンスターシリーズに登場する 幻のポケモン。,ダークライ ポケモン,3,Darkrai,,,
だーてんぐ,ダーテング,ダーテングはポケットモンスターシリーズに登場するポケモン。,ダーテング ポケモン,3,Shiftry,,,
ち,血,血は、血管を通って体の中を流れる液体。酸素や栄養を体の各部分に運ぶ。,血,1,Blood,,,
ちいかわ,ちいかわ,ちいかわは、漫画『ちいかわ なんか小さくてかわいいやつ』と その作品の主人公を指す呼び名。,ちいかわ,1,chiikawa,,,
ちいき,地域,地域は、ある特徴や境界によって分けられた土地のまとまり。,町並み,2,Region,,,
ちいさい,小さい,小さいは、大きさや高さが少ないこと。,小さい,1,Small,assets/shiritori/complete-3490.png,asset,アプリ作成図
ちぇこ,チェコ,チェコは、ヨーロッパにある国。正式な国名はチェコ共和国。,チェコ 国旗,2,Czech Republic,,,
ちぇりむ,チェリム,チェリムはポケットモンスターシリーズに登場する 花のつぼみのようなポケモン。,チェリム ポケモン,3,Cherrim,,,
ちぇりんぼ,チェリンボ,チェリンボはポケットモンスターシリーズに登場する さくらんぼのような実を持つポケモン。,チェリンボ ポケモン,3,Cherubi,,,
ちえ,知恵,知恵は、ものごとをよく考えて 正しく判断したり工夫したりする力。,知恵,1,Wisdom,assets/shiritori/kufuu.png,asset,AI生成イラスト
ちおんじぇん,チオンジェン,チオンジェンはポケットモンスターシリーズに登場する 災いの伝説ポケモン。,チオンジェン ポケモン,3,Wo-Chien,,,
ちかい,近い,近いは、距離や時間の隔たりが小さいこと。,近い,1,Near,assets/shiritori/complete-3496.png,asset,アプリ作成図
ちかく,近く,近くは、ある場所や人から距離があまり離れていない範囲。,近く,1,Nearby,,,
ちかまつもんざえもん,近松門左衛門,近松門左衛門は、江戸時代の劇作家。人形浄瑠璃や歌舞伎の作品を書いた。,近松門左衛門 肖像,2,Chikamatsu Monzaemon,,,
ちがい,違い,違いは、二つ以上のものが同じではない点。,違い,1,Difference,assets/shiritori/chigau.png,asset,AI生成イラスト
ちがう,違う,違うは、同じではないこと。また 正しいものと一致しないこと。,違う,1,Different,assets/shiritori/chigau.png,asset,AI生成イラスト
ちきゅう,地球,地球は、私たちが住む太陽系の惑星。太陽の周りを回っている。,地球,1,Earth,,,
ちきゅうれんぽうぐん,地球連邦軍,地球連邦軍は、『機動戦士ガンダム』などの作品に登場する架空の軍隊。,地球連邦軍,3,Earth Federation,,,
ちぎる,ちぎる,ちぎるは、手などで引き裂いて小さく分けること。,ちぎる,1,Tear,assets/shiritori/complete-1648.png,asset,AI生成イラスト
ちくわ,ちくわ,ちくわは、魚のすり身を棒に巻き付けて焼くなどして作る練り製品。,ちくわ,1,Fish cake,,,
ちこく,遅刻,遅刻は、決められた時刻や約束の時間に遅れること。,遅刻,1,Late,assets/shiritori/chikoku.png,asset,AI生成イラスト
ちこりーた,チコリータ,チコリータはポケットモンスターシリーズに登場する 草の葉が特徴のポケモン。,チコリータ,3,Chikorita,,,
ちごらす,チゴラス,チゴラスはポケットモンスターシリーズに登場する 恐竜のような姿のポケモン。,チゴラス ポケモン,3,Tyrunt,,,
ちしき,知識,知識は、学んだり経験したりして身につけた事柄や情報。,本棚,2,Knowledge,assets/shiritori/nou.png,asset,AI生成イラスト
ちしつ,地質,地質は、土地をつくる岩石や地層の種類と その成り立ち。,地層,3,Geology,,,
ちじ,知事,知事は、都道府県を代表して行政を行う責任者。住民の選挙で選ばれる。,知事 概念,2,Governor,,,
ちず,地図,地図は、土地や建物 道路などの位置を記号や線で表した図。,地図,1,Map,,,
ちち,乳,乳は、哺乳類が子を育てるために出す液体。人の乳は母乳ともいう。,母乳,1,,,,
ちち,父,父は、自分の親である男性。,お父さん,1,Father,assets/shiritori/chichi.png,asset,AI生成イラスト
ちちおや,父親,父親は、子どもから見て父にあたる男性。,父親,1,Father,,,
ちちゅう,地中,地中は、地面の下。,地中,2,Underground,,,
ちちゅうかい,地中海,地中海は、ヨーロッパやアフリカなどに囲まれた海。,地中海,2,Mediterranean Sea,,,
ちっそ,窒素,窒素は、空気の約五分の四を占める気体。色もにおいもない。,空気,2,Nitrogen,,,
ちつじょ,秩序,秩序は、ものごとが決まった順序やきまりに沿って整っている状態。,整列,2,Order,assets/shiritori/chitsujo.png,asset,AI生成イラスト
ちてい,地底,地底は、地面の深いところ。,地底,3,Subterranean,,,
ちてき,知的,知的は、知識や考える力が感じられるようす。,知的,2,Intellectual,assets/shiritori/nou.png,asset,AI生成イラスト
ちどりあし,千鳥足,千鳥足は、酒に酔うなどして足元がふらつき まっすぐ歩けない状態。,千鳥足,2,Stilt,assets/shiritori/complete-3521.png,asset,AI生成イラスト
ちはつ,遅発,遅発は、あることが通常より遅れて起こること。,花火,3,,assets/shiritori/complete-3522.png,asset,AI生成イラスト
ちば,千葉県,千葉県は、日本の関東地方にある県。県庁所在地は千葉市。,千葉県,2,Chiba,,,
ちひょう,地表,地表は、地面の表面。,地面,2,Ground surface,,,
ちび,チビ,ちびは、背が低いことを表すくだけた言い方。,チビ,1,Short person,assets/shiritori/complete-3525.png,asset,AI生成イラスト
ちびまるこ,ちびまる子,『ちびまる子ちゃん』は、漫画とテレビアニメの作品。小学三年生のまる子と家族や友達の日常を描く。,ちびまる子,1,Anime girl,,,
ちへいせん,地平線,地平線は、平らな土地などで 空と地面の境目に見える線。,地平線,1,Horizon,,,
ちほう,地方,地方は、国の中のある地域。また 日本をいくつかの県に分けたまとまりにも使う。,日本地図,2,Region,,,
ちまき,ちまき,ちまきは、もち米などを笹や竹の葉で包んで蒸した食べ物。,ちまき,1,Triangular rice ball,,,
ちみつ,緻密,緻密は、細かいところまで注意が行き届いているようす。,精密機械,3,Precise,assets/shiritori/aw-genmitsu.png,asset,AI生成イラスト
ちみどろ,血みどろ,血みどろは、血にまみれてひどく傷ついた状態。争いが激しいようすにも使う。,戦い,3,Bloody,assets/shiritori/complete-3531.png,asset,AI生成イラスト
ちみゃく,地脈,地面の下を通っている、エネルギーや地下水が流れる特別なルートのこと,大自然,3,,,,
ちゃ,茶,茶は、茶の葉に湯を注いで作る飲み物。茶の葉を加工した飲み物や 茶の色を指すこともある。,お茶,1,Tea,,,
ちゃいろ,茶色,茶色は、茶葉や木の幹に似た色。,茶色,1,Brown,,,
ちゃおぶー,チャオブー,チャオブーはポケットモンスターシリーズに登場する ほのおタイプのポケモン。,チャオブー ポケモン,3,Pignite,,,
ちゃがま,茶釜,茶釜は、茶道で湯を沸かすための釜。,茶釜,2,Teakettle,,,
ちゃくしゅ,着手,着手は、仕事や計画に取りかかること。,始める,2,Commence,assets/shiritori/koudou.png,asset,AI生成イラスト
ちゃくしょく,着色,着色は、ものに色をつけること。,色塗り,2,Coloring,assets/shiritori/complete-3538.png,asset,AI生成イラスト
ちゃくしん,着信,着信は、電話や通信が相手から届くこと。,スマートフォン,2,Incoming call,assets/shiritori/ss-call.png,asset,AI生成イラスト
ちゃくち,着地,着地は、飛び降りたり飛行したりしたものが地面に降りること。,着地,1,Landing,assets/shiritori/complete-3540.png,asset,AI生成イラスト
ちゃくてん,着眼,着眼は、ある点に目を向けて注目すること。,ひらめき,3,,assets/shiritori/complete-3541.png,asset,AI生成イラスト
ちゃです,チャデス,チャデスはポケットモンスターシリーズに登場する 茶器のようなポケモン。,チャデス ポケモン,3,Poltchageist,,,
ちゃど,チャド,チャドは、アフリカ中部にある内陸国。正式な国名はチャド共和国。,チャド 国旗,3,Chad,,,
ちゃのま,茶の間,茶の間は、家族が集まって過ごす部屋。,茶の間,1,Living room,,,
ちゃわん,茶碗,茶碗は、ご飯や汁物などを入れる器。,茶碗,1,Rice bowl,,,
ちゃんねる,チャンネル,チャンネルは、テレビやラジオで番組を分ける番号や周波数。,リモコン,1,Channel,,,
ちゃんぷるー,チャンプルー,チャンプルーは、野菜や豆腐などを炒め合わせる沖縄料理。,ゴーヤチャンプルー,2,Chanpuru,,,
ちゃーれむ,チャーレム,チャーレムはポケットモンスターシリーズに登場するポケモン。,チャーレム ポケモン,3,Medicham,,,
ちゅう,宙,宙は、空中や宇宙を指す言葉。ものが地面につかず浮いている状態にも使う。,宇宙,1,Space,assets/shiritori/complete-3549.png,asset,AI生成イラスト
ちゅうい,注意,注意は、気をつけること。また 相手に気をつけるよう伝えること。,注意,1,Caution,assets/shiritori/aw-kenmei.png,asset,AI生成イラスト
ちゅうおうあふりか,中央アフリカ,中央アフリカは、アフリカ中部にある国。正式な国名は中央アフリカ共和国。,中央アフリカ共和国 国旗,3,Central African Republic,,,
ちゅうかん,中間,中間は、二つのものの間にある部分や位置。,真ん中,2,Intermediate,assets/shiritori/complete-3552.png,asset,アプリ作成図
ちゅうがえり,宙返り,宙返りは、空中や床の上で体を一回転させること。,宙返り,1,Somersault,assets/shiritori/complete-3553.png,asset,AI生成イラスト
ちゅうがく,中学,中学は、中学校を短く言った言葉。,中学校,1,Junior high school,,,
ちゅうがっこう,中学校,中学校は、小学校の後に通う学校。一般に三年間学ぶ。,中学校,1,Junior high school,,,
ちゅうけい,中継,中継は、離れた場所の出来事を放送や通信で伝えること。,テレビカメラ,2,Broadcast,assets/shiritori/tsuushin.png,asset,AI生成イラスト
ちゅうげん,中元,中元は、夏に日頃お世話になっている人へ贈り物をする習慣。,お中元,2,Midyear gift,assets/shiritori/chugen.png,asset,AI生成イラスト
ちゅうこ,中古,中古は、以前に使われたもの。,リサイクルショップ,2,Used,assets/shiritori/complete-3558.png,asset,AI生成イラスト
ちゅうごく,中国,中国は、東アジアにある国。正式な国名は中華人民共和国。,中国 国旗,1,China,,,
ちゅうしゃ,注射,注射は、注射器の針を使って薬などを体に入れること。,注射,1,Injection,assets/shiritori/complete-3560.png,asset,AI生成イラスト
ちゅうしゃじょう,駐車場,駐車場は、自動車や自転車などを止めておく場所。,駐車場,1,Parking lot,,,
ちゅうしん,中心,中心は、円や集まりの真ん中。また ものごとの大切なところ。,中心,1,Center,assets/shiritori/complete-3562.png,asset,アプリ作成図
ちゅうじつ,忠実,忠実は、決めたことや相手への務めを大切にして守るようす。,犬,2,Faithful,assets/shiritori/complete-3563.png,asset,AI生成イラスト
ちゅうもく,注目,注目は、特定の人やものに注意を向けること。,注目,1,Attention,assets/shiritori/complete-3564.png,asset,AI生成イラスト
ちゅうもん,注文,注文は、店に品物や料理を頼むこと。,注文,1,Order,assets/shiritori/chuumon.png,asset,AI生成イラスト
ちゅうりっぷ,チューリップ,チューリップは、春に大きな花を咲かせる球根植物。,チューリップ,1,Tulip,,,
ちゅにじあ,チュニジア,チュニジアは、北アフリカにある国。地中海に面している。,チュニジア 国旗,3,Tunisia,,,
ちゅりね,チュリネ,チュリネはポケットモンスターシリーズに登場する 草の葉のような姿のポケモン。,チュリネ ポケモン,3,Petilil,,,
ちゅーぶ,チューブ,チューブは、中が空洞になった細長い管。液体や気体を通す。,チューブ 道具,2,Tube,,,
ちゅーりっぷ,チューリップ,チューリップは、春に大きな花を咲かせる球根植物。,チューリップ,1,Tulip,,,
ちょう,蝶,蝶は、二枚の大きな羽を持ち 花の蜜を吸う昆虫。,チョウ,1,Butterfly,,,
ちょう,長,長は、集団や組織をまとめる人。校長や部長などの役職名にも使う。,校長先生,1,Chief,,,
ちょう,町,町は、人が住み 店や建物が集まっている地域。,町並み,1,Town,,,
ちょう,腸,腸は、胃の先につながる消化器官。食べ物の消化を進めて栄養を吸収する。,体内,2,Intestine,,,
ちょうおんぱ,超音波,超音波は、人の耳に聞こえる範囲より高い周波数の音。イルカやコウモリなどが利用する。,イルカ,2,Ultrasound,,,
ちょうかい,朝会,朝会は、学校などで朝に開く集まり。,朝礼,1,Morning assembly,,,
ちょうこう,兆候,兆候は、これから起こることを知らせる前ぶれ。,雨雲,2,Sign,assets/shiritori/complete-3577.png,asset,AI生成イラスト
ちょうさ,調査,調査は、事実や様子を明らかにするために調べること。,調査,2,Investigation,assets/shiritori/kansatsu.png,asset,AI生成イラスト
ちょうし,調子,調子は、体や物事がどのような状態かを表す言葉。,元気,1,Condition,assets/shiritori/complete-3579.png,asset,AI生成イラスト
ちょうしょ,長所,長所は、その人や物の優れているところ。,笑顔,1,Strong point,assets/shiritori/complete-3580.png,asset,AI生成イラスト
ちょうじょ,長女,長女は、きょうだいの中で最初に生まれた女の子。,女の子,1,Eldest daughter,,,
ちょうじょう,頂上,頂上は、山や塔などの一番高いところ。,山頂,1,Summit,,,
ちょうちょ,チョウチョ,チョウチョは、蝶を指す親しみやすい言い方。,チョウチョ,1,,,,
ちょうなん,長男,長男は、きょうだいの中で最初に生まれた男の子。,男の子,1,Eldest son,,,
ちょうはつ,挑発,挑発は、相手を怒らせたり行動させたりするために わざと刺激すること。,怒る,2,Provocation,assets/shiritori/complete-3585.png,asset,AI生成イラスト
ちょうふく,重複,重複は、同じものや内容が二つ以上重なっていること。,重複,2,Overlap,assets/shiritori/complete-3586.png,asset,アプリ作成図
ちょうぼ,帳簿,帳簿は、お金や品物の出入りなどを記録しておく帳面。,帳簿,2,Account book,,,
ちょうみりょう,調味料,調味料は、料理に味をつけたり整えたりするために加えるもの。,調味料,1,Seasoning,,,
ちょうめん,帳面,帳面は、記録やメモを書くための綴じた紙。ノート。,ノート,1,Notebook,,,
ちょうり,調理,調理は、食べ物を切ったり煮たりして 食べられるように整えること。,調理,1,Cooking,assets/shiritori/cooking.png,asset,AI生成イラスト
ちょきんばこ,貯金箱,貯金箱は、お金を入れて貯めておく箱。,貯金箱,1,Piggy bank,,,
ちょくせつ,直接,直接は、間に別の人やものをはさまないこと。相手とじかに会う場合にも使う。,対話,1,Direct,assets/shiritori/chokusetsu.png,asset,AI生成イラスト
ちょくせん,直線,直線は、どこまでもまっすぐに続き 曲がらない線。,直線,1,Straight line,,,
ちょこ,チョコ,チョコは、チョコレートを短く言った言葉。,チョコレート,1,,,,
ちょこれーと,チョコレート,チョコレートは、カカオ豆を加工して作る食べ物。甘いものや苦いものがある。,チョコレート,1,Chocolate,,,
ちょっかん,直感,直感は、深く考える前に すぐに感じ取ること。,ひらめき,2,Intuition,assets/shiritori/chokkan.png,asset,AI生成イラスト
ちょっと,ちょっと,ちょっとは、量や時間などが少しであること。,少々,1,A little,assets/shiritori/complete-3597.png,asset,アプリ作成図
ちょぼまき,チョボマキ,チョボマキはポケットモンスターシリーズに登場する カタツムリのような姿のポケモン。,チョボマキ ポケモン,3,Shelmet,,,
ちょろねこ,チョロネコ,チョロネコはポケットモンスターシリーズに登場する 猫のような姿のポケモン。,チョロネコ ポケモン,3,Purrloin,,,
ちょんちー,チョンチー,チョンチーはポケットモンスターシリーズに登場する 深海魚のようなポケモン。触手の先が光る。,チョンチー,3,Chinchou,,,
ちらし,チラシ,チラシは、知らせや広告などを載せて配る紙。,チラシ,1,Flyer,,,
ちらちーの,チラチーノ,チラチーノはポケットモンスターシリーズに登場する やわらかな毛におおわれたポケモン。,チラチーノ ポケモン,3,Cinccino,,,
ちらーみぃ,チラーミィ,チラーミィはポケットモンスターシリーズに登場する 小さなネズミのようなポケモン。,チラーミィ ポケモン,3,Minccino,,,
ちり,チリ,チリは、南アメリカ西部にある国。太平洋に面して南北に細長く広がる。,チリ 国旗,2,Chile,,,
ちり,地理,地理は、土地の位置や地形 気候や人々の暮らしなどを学ぶ分野。,地球,2,Geography,assets/shiritori/complete-3605.png,asset,AI生成イラスト
ちり,塵,塵は、細かいほこりやごみ。,ホコリ,1,Dust,,,
ちりとり,ちりとり,ちりとりは、ほうきで集めたごみを受けて集める道具。,ちりとり,1,Dustpan,,,
ちりめんじゃこ,チリメンジャコ,ちりめんじゃこは、小さなイワシなどの稚魚を塩ゆでして干した食品。,チリメンジャコ,1,Whitebait,,,
ちりょう,治療,治療は、病気やけがを治すために手当てをすること。,治療,1,Treatment,assets/shiritori/complete-3609.png,asset,AI生成イラスト
ちりん,ちりん,ちりんは、鈴などが鳴るときの軽い音を表す言葉。,風鈴,1,Chime,,,
ちり紙,ティッシュ,ティッシュは、鼻をかんだり汚れを拭いたりする柔らかい紙。,ティッシュ,1,Tissue paper,,,
ちるたりす,チルタリス,チルタリスはポケットモンスターシリーズに登場する 青い綿雲のような羽を持つポケモン。,チルタリス ポケモン,3,Altaria,,,
ちるっと,チルット,チルットはポケットモンスターシリーズに登場する 綿雲のような羽を持つポケモン。,チルット ポケモン,3,Swablu,,,
ちろるちょこ,チロルチョコ,チロルチョコは、小さな一口サイズのチョコレート菓子。,チロルチョコ,1,Chocolate,,,
ちわわ,チワワ,チワワは、メキシコ原産の小型犬。,チワワ,1,Chihuahua,,,
ちんすこう,ちんすこう,ちんすこうは、小麦粉や砂糖などで作る沖縄の伝統菓子。,ちんすこう,1,Cookie,,,
ちんちら,チンチラ,チンチラは、厚くやわらかな毛を持つげっ歯類。南アメリカのアンデス山脈にすむ。,チンチラ,2,Chihuahua,,,
ちんぼつ,沈没,沈没は、船などが水の底に沈むこと。,沈没船,2,Sinking,assets/shiritori/complete-3618.png,asset,AI生成イラスト
ちんもく,沈黙,沈黙は、黙って何も話さないこと。音がなく静かな状態にも使う。,静か,2,Silence,assets/shiritori/complete-3619.png,asset,AI生成イラスト
ちーず,チーズ,チーズは、牛や羊などの乳を固めて発酵させるなどして作る食品。,チーズ,1,,,,
ぢめん,地面,地面は、土地の表面。人や物がその上に立ったり置かれたりする。,地面,1,,,,
つ,津,津は、港や船着き場を表す古い言葉。,港,2,Harbor,,,
つい,対,対は、互いに組み合わさる二つのもの。靴や手袋などの数え方にも使う。,一対,2,Pair,,,
ついずい,追随,追随は、先に進む人やものの後を追い 同じように進むこと。,追いかける,3,Follow,assets/shiritori/complete-3624.png,asset,AI生成イラスト
ついたち,一日,一日は、月の一番初めの日。読みは「ついたち」。,カレンダー,1,First of the month,,,
ついたて,衝立,衝立は、部屋の中を仕切ったり目隠しにしたりする家具。,衝立,2,Screen,,,
ついで,ついで,ついでは、何かをする機会に それと一緒に別のこともすること。,買い物,1,Incidentally,assets/shiritori/complete-3627.png,asset,AI生成イラスト
つう,通,通は、ある分野に詳しい人。音楽通のように使う。,手紙,2,Expert,assets/shiritori/complete-3628.png,asset,AI生成イラスト
つうがく,通学,通学は、学校へ通うこと。,通学,1,School attendance,assets/shiritori/complete-1222.png,asset,AI生成イラスト
つうしん,通信,通信は、手紙や電話などで情報を送り合うこと。,通信,1,Communication,assets/shiritori/tsuushin.png,asset,AI生成イラスト
つうしんぼ,通信簿,通信簿は、学校での学習や生活の様子を記した書類。,通知表,1,Report card,,,
つうじる,通じる,通じるは、道や信号がつながること。また 気持ちや意味が相手に伝わること。,笑顔,1,Communicate,assets/shiritori/ss-communicate.png,asset,AI生成イラスト
つうわ,通話,通話は、電話などを使って話をすること。,通話,1,Telephone call,assets/shiritori/ss-call.png,asset,AI生成イラスト
つえ,杖,杖は、歩くときに手で持ち 地面について体を支える棒。,杖,1,Cane,,,
つか,柄,柄は、刀や傘などを手で握る部分。,刀の柄,2,Hilt,,,
つかいかた,使い方,使い方は、道具や仕組みをどのように使うかという方法。,説明,1,How to use,assets/shiritori/complete-3636.png,asset,AI生成イラスト
つかう,使う,使うは、道具やお金などを目的に合わせて役立てること。,使う,1,Use,assets/shiritori/complete-3636.png,asset,AI生成イラスト
つかまえる,捕まえる,捕まえるは、逃げるものを取り押さえること。また つかまえて手に入れること。,虫取り,1,Catch,assets/shiritori/pv-catch.png,asset,AI生成イラスト
つかまる,捕まる,捕まるは、逃げられないように押さえられること。また 警察などに取り押さえられること。,捕まる,1,Be caught,assets/shiritori/complete-3639.png,asset,AI生成イラスト
つかむ,掴む,掴むは、手でしっかり握ること。また 内容を理解すること。,掴む,1,Grab,assets/shiritori/pv-grab.png,asset,AI生成イラスト
つかれ,疲れ,疲れは、体や心を使ったあとに感じる だるさや力の弱まり。,疲れた,1,Fatigue,assets/shiritori/complete-0229.png,asset,AI生成イラスト
つかれる,疲れる,疲れるは、体や心を使い続けて だるくなったり力が弱まったりすること。,疲れる,1,Get tired,assets/shiritori/complete-0229.png,asset,AI生成イラスト
つき,月,月は、地球の周りを回る天体。夜空に見える。,月,1,,assets/shiritori/complete-3643.png,asset,AI生成イラスト
つき,月（天体）,月は、地球の周りを回る天体。太陽の光を反射して明るく見える。,月,1,Moon,,,
つき,月（時）,月は、一年を十二に分けた時間の単位。たとえば一月や二月を指す。,カレンダー,1,Month,assets/shiritori/complete-3645.png,asset,AI生成イラスト
つきあい,付き合い,付き合いは、人と親しく関わること。人との関係を表すこともある。,友達,1,Association,assets/shiritori/tsukiai.png,asset,AI生成イラスト
つきあう,付き合う,付き合うは、人と行動を共にすること。また 親しい間柄になること。,並んで歩く,1,Go with,assets/shiritori/tsukiau.png,asset,AI生成イラスト
つきかげゆり,月影ゆり,月影ゆりは、アニメ『ハートキャッチプリキュア！』に登場する人物。キュアムーンライトに変身する。,月影ゆり アニメ,3,,,,
つきよみのみこと,月読命,月読命は、日本神話に登場する月の神。,月読命,2,Tsukuyomi,,,
つぎ,次,次は、順番が続くときの次のものや人。,順番,1,Next,assets/shiritori/complete-3650.png,asset,アプリ作成図
つぎつぎ,次々,次々は、ものごとが間を置かずに続いて起こるようす。,次々,1,One after another,assets/shiritori/complete-3651.png,asset,アプリ作成図
つぎはぎ,継ぎはぎ,継ぎはぎは、破れや穴を別の布などで補い合わせること。,パッチワーク,2,Patchwork,assets/shiritori/complete-3652.png,asset,AI生成イラスト
つく,突く,突くは、先のとがったものなどを押し当てること。,突く,1,Poke,assets/shiritori/complete-3653.png,asset,AI生成イラスト
つく,点く,点くは、明かりや火がつくこと。,電気,1,Light up,assets/shiritori/complete-3654.png,asset,AI生成イラスト
つくえ,机,机は、勉強や仕事をするために物を置く台。,机,1,Desk,,,
つくし,ツクシ,ツクシは、春に地面から出るスギナの胞子を作る部分。,ツクシ,1,Horsetail,,,
つくりわらい,作り笑い,作り笑いは、本当の気持ちとは関係なく 作った笑顔を見せること。,作り笑い,2,Forced smile,assets/shiritori/complete-3657.png,asset,AI生成イラスト
つくる,作る,作るは、材料を組み立てたり加工したりして ものを生み出すこと。,工作,1,Make,assets/shiritori/complete-3658.png,asset,AI生成イラスト
つける,付ける,付けるは、ものを別のものにくっつけたり 添えたりすること。,付ける,1,Attach,assets/shiritori/complete-3659.png,asset,AI生成イラスト
つける,点ける,点けるは、明かりや火をつけること。,スイッチ,1,Turn on,assets/shiritori/complete-3660.png,asset,AI生成イラスト
つげぐち,告げ口,告げ口は、本人に知らせず その人のしたことを別の人に伝えること。,告げ口,2,Tattling,assets/shiritori/complete-3661.png,asset,AI生成イラスト
つげる,告げる,告げるは、知らせたいことを相手に伝えること。,伝える,2,Tell,assets/shiritori/tsutaeru.png,asset,AI生成イラスト
つしま,対馬,対馬は、長崎県にある島。日本と韓国の間に位置する。,対馬,2,Tsushima,,,
つじ,辻,辻は、道が交わる場所。十字路や四つ角を指す。,交差点,3,Crossroad,,,
つじつま,辻褄,辻褄は、話や物事の筋道が合っていること。,納得,2,Coherence,assets/shiritori/complete-3665.png,asset,AI生成イラスト
つた,ツタ,ツタは、ほかの木や壁などにからみついて伸びる植物。,ツタの葉,1,Ivy,,,
つたえる,伝える,伝えるは、情報や気持ちを相手に知らせること。,伝える,1,Convey,assets/shiritori/tsutaeru.png,asset,AI生成イラスト
つたわる,伝わる,伝わるは、情報や気持ちが相手に届いて知られること。音や振動が届くことにも使う。,笑顔,1,Be transmitted,assets/shiritori/tsutawaru.png,asset,AI生成イラスト
つたーじゃ,ツタージャ,ツタージャはポケットモンスターシリーズに登場する 草ヘビのようなポケモン。,ツタージャ ポケモン,3,Snivy,,,
つだうめこ,津田梅子,津田梅子は、日本初の女子留学生の一人。女子英学塾を創設し 女子教育に力を尽くした。,津田梅子 肖像,2,Ume Tsuda,,,
つち,土,土は、岩が細かくなった粒や 腐った植物などが混ざった地面の材料。,土,1,Soil,,,
つちにん,ツチニン,ツチニンはポケットモンスターシリーズに登場する 土の中にすむ虫のようなポケモン。,ツチニン ポケモン,3,Nincada,,,
つちふまず,土踏まず,土踏まずは、足の裏の内側にある 地面につかないくぼみ。,足の裏,1,Arch of the foot,,,
つつ,筒,筒は、中が空洞で 細長い管の形をしたもの。,筒,1,Cylinder,,,
つつけら,ツツケラ,ツツケラはポケットモンスターシリーズに登場する 木をくちばしでつつく鳥のポケモン。,ツツケラ ポケモン,3,Pikipek,,,
つつじ,ツツジ,ツツジは、春などに色鮮やかな花を咲かせる低木。,ツツジ,1,Azalea,,,
つつみ,包み,包みは、紙や布などで包んだもの。,プレゼント,1,Bundle,assets/shiritori/complete-3677.png,asset,AI生成イラスト
つつむ,包む,包むは、ものを紙や布などで覆うこと。,包む,1,Wrap,assets/shiritori/complete-3677.png,asset,AI生成イラスト
つづき,続き,続きは、途中まで進んだ話や物事の その先の部分。,本,1,Continuation,assets/shiritori/complete-3679.png,asset,AI生成イラスト
つづく,続く,続くは、物事が途中で切れずにそのまま進むこと。,線路,1,Continue,assets/shiritori/tsuzukeru.png,asset,AI生成イラスト
つづける,続ける,続けるは、途中でやめずに物事を行うこと。,がんばる,1,Continue,assets/shiritori/tsuzukeru.png,asset,AI生成イラスト
つづみ,鼓,鼓は、両側の皮をひもで張った日本の打楽器。手で打って鳴らす。,鼓,2,Hand drum,,,
つづら,つづら,つづらは、竹やつるを編んで作った 衣類などを入れるかごや箱。,昔話,3,,,,
つづり,綴り,綴りは、言葉を文字で書くときの文字の並び方。,アルファベット,2,Spelling,assets/shiritori/complete-1649.png,asset,AI生成イラスト
つな,綱,綱は、糸や繊維をより合わせて作った太いひも。,綱引き,1,Rope,,,
つなぐ,繋ぐ,繋ぐは、離れたもの同士をつなぎ合わせること。人の手を取ることにも使う。,手をつなぐ,1,Connect,assets/shiritori/pv-grip.png,asset,AI生成イラスト
つなみ,津波,津波は、地震などで海底が大きく動いたときに起こる 海面の大きな波。,津波,2,Tsunami,,,
つねに,常に,常には、いつも。ある状態が絶えず続くようす。,時計,2,Always,assets/shiritori/complete-3688.png,asset,AI生成イラスト
つねる,抓る,抓るは、指先で皮膚などをつまみ 強くひねること。,抓る,1,Pinch,assets/shiritori/complete-3689.png,asset,AI生成イラスト
つの,角,角は、シカやウシなどの頭に生える かたい突起。形や材料は動物によって異なる。,シカの角,1,Horn,,,
つば,つば,つばは、口の中に出る液体。帽子の前について日よけをする部分も「つば」という。,つば,1,,,,
つば,唾,唾は、口の中に出る液体。食べ物を飲み込みやすくし 消化を助ける。,お口,1,Saliva,,,
つば,鍔,鍔は、日本刀の柄と刀身の間に付ける板。手を守る役目がある。,日本刀,2,Guard,,,
つばき,ツバキ,ツバキは、光沢のある葉を持ち 冬から春に花を咲かせる木。,ツバキ,1,Camellia,,,
つばさ,翼,翼は、鳥や飛行機が空を飛ぶために使う部分。,鳥の翼,1,Wing,,,
つばめ,ツバメ,ツバメは、細長い翼と二股の尾を持つ小鳥。空中を飛びながら虫を捕る。,ツバメ,1,Swallow,,,
つばる,ツバル,ツバルは、太平洋にある島国。正式な国名はツバル。,ツバル 国旗,3,Tuvalu,,,
つぶ,つぶ,つぶは、小さな粒や固まり。,粒 物質,2,Grain,,,
つぶ,粒,粒は、米や砂糖のような小さな固まり。,米粒,1,Grain,,,
つぶあん,粒あん,粒あんは、小豆の粒を残して作ったあんこ。,あんこ,1,Sweet bean paste,,,
つぶやく,呟く,呟くは、小さな声で独り言のように言うこと。,独り言,1,Mutter,assets/shiritori/complete-3701.png,asset,AI生成イラスト
つぶる,目をつぶる,目をつぶるは、まぶたを閉じること。見て見ぬふりをする意味でも使う。,目を閉じる,1,Close eyes,assets/shiritori/complete-3702.png,asset,AI生成イラスト
つぶれる,潰れる,潰れるは、押しつぶされて形が壊れたり平らになったりすること。,ペシャンコ,1,Crush,assets/shiritori/complete-3703.png,asset,AI生成イラスト
つぼ,壺,壺は、口が狭く胴がふくらんだ入れ物。陶器などで作る。,壺,1,Pot,,,
つぼつぼ,ツボツボ,ツボツボはポケットモンスターシリーズに登場する こうらを持つポケモン。木の実を発酵させて保存する設定がある。,ツボツボ,3,Shuckle,,,
つぼみ,蕾,蕾は、花が咲く前に 花びらなどが包まれている部分。,つぼみ,1,Bud,,,
つま,つま,つまは、刺身に添える野菜や海藻など。,つま,1,,,,
つま,妻,妻は、結婚した相手の女性。,夫婦,1,Wife,,,
つまみ,つまみ,つまみは、指でつまむ部分や 小さくつまんで食べるもの。,つまみ,1,Knob,,,
つまむ,つまむ,つまむは、指先で挟んで持つこと。少しだけ食べることにも使う。,つまむ,1,Pinch,assets/shiritori/complete-3710.png,asset,AI生成イラスト
つまらない,つまらない,つまらないは、興味をひかれず 面白くないようす。,退屈,1,Boring,assets/shiritori/complete-3300.png,asset,AI生成イラスト
つまり,詰まり,詰まりは、通り道がふさがって通りにくくなること。また 話の要点や結論。,ホース,1,Clog,assets/shiritori/complete-3712.png,asset,AI生成イラスト
つまる,詰まる,詰まるは、ものがいっぱいに入ること。また 通り道がふさがれること。,鼻づまり,1,Be clogged,assets/shiritori/complete-3713.png,asset,AI生成イラスト
つみ,罪,罪は、法律や社会の決まりに反する行い。また 道徳に反する行い。,反省,2,Sin,assets/shiritori/complete-3714.png,asset,AI生成イラスト
つみき,積み木,積み木は、木などでできた形の違うブロックを積んで遊ぶおもちゃ。,積み木,1,Toy blocks,,,
つみたてきん,積立金,積立金は、決まった目的のために 少しずつ積み立てておくお金。,貯金,2,,,,
つむ,摘む,摘むは、草花や実などを指先で取ること。,花を摘む,1,Pick,assets/shiritori/complete-3717.png,asset,AI生成イラスト
つむ,積む,積むは、ものを上に重ねたり 荷物を乗せたりすること。,積み木,1,Stack,assets/shiritori/complete-3718.png,asset,AI生成イラスト
つむぎ,紬,紬は、主に絹糸で織った丈夫な織物。紬の着物も指す。,着物,2,,,,
つむじ,つむじ,つむじは、頭の上で髪の毛が渦を巻くところ。,頭頂部,1,Whorl,,,
つむじかぜ,旋風,旋風は、風が渦を巻いて吹くこと。,竜巻,2,Whirlwind,assets/shiritori/complete-3721.png,asset,AI生成イラスト
つめ,爪,爪は、手足の指先をおおう硬い部分。,爪,1,Nail,,,
つめあと,つめあと,つめあとは、爪でひっかいたり傷つけたりしてできた跡。,つめあと,1,,,,
つめあわせ,詰め合わせ,詰め合わせは、いくつかの品物を一つの箱などにまとめたもの。,お菓子詰め合わせ,1,Assortment,assets/shiritori/complete-3724.png,asset,AI生成イラスト
つめきり,つめきり,つめきりは、爪を切ること。また 爪を切るための道具。,つめきり,1,Nail clipper,assets/shiritori/complete-3725.png,asset,AI生成イラスト
つめたい,冷たい,冷たいは、温度が低く 触れたり飲んだりすると冷たく感じるようす。,氷,1,Cold,assets/shiritori/tsumetai.png,asset,AI生成イラスト
つもり,つもり,つもりは、こうしようと考えていること。実際とは違って そう思い込んでいる意味にも使う。,考える,1,Intention,assets/shiritori/kangaeru.png,asset,AI生成イラスト
つや,艶,ものの表面が、なめらかに光って見えるようす。,ピカピカ,1,Gloss,assets/shiritori/complete-3728.png,asset,AI生成イラスト
つゆ,梅雨,雨の多い時期のこと。日本では、多くの地方で春の終わりから夏のはじめにあります。,雨傘,1,Rainy season,assets/shiritori/complete-3729.png,asset,AI生成イラスト
つゆ,露,空気中の水蒸気が冷えて、草や物の表面についた小さな水の粒。,葉の上の水滴,2,Dew,assets/shiritori/dew.png,asset,AI生成イラスト
つよい,強い,力が大きかったり、物事によくたえられたりするようす。重いにもつを持てる人を「力が強い」といいます。,強い,1,Strong,assets/shiritori/complete-3731.png,asset,AI生成イラスト
つり,釣り,糸やはり、さおなどの道具を使って魚をとること。海や川などで楽しむ人もいます。,釣り,1,Fishing,assets/shiritori/complete-3732.png,asset,AI生成イラスト
つりぐみ,つりグミ,さかなつりのように、グミをつり上げて楽しむおかし。,つりグミ,1,,,,
つりざお,釣り竿,魚つりで、糸やはりをつけて使う長いぼう。,釣り竿,1,Fishing rod,,,
つりばり,釣り針,魚つりで、魚をひっかけるために糸の先につける小さなはり。,釣り針,1,Fishhook,,,
つりわ,吊り輪,つり下げた二つの輪につかまって技を行う体操競技。また、その競技に使う道具。,吊り輪 体操,2,Rings (gymnastics),,,
つる,ツル,首と足が長い鳥のなかま。日本では、おめでたい鳥として絵などにえがかれます。,ツル 鳥,1,,,,
つる,鶴,首と足が長い鳥のなかま。日本では、おめでたい鳥として絵などにえがかれます。,ツル 鳥,1,Crane,,,
つる,蔓,ほかのものに巻きついたり、地面をはったりして長くのびる植物のくき。アサガオなどに見られます。,アサガオのつる,1,Vine,,,
つるぎ,剣,刀身の両側に刃がある武器。物語の騎士などが持つ剣もあります。,剣,2,Sword,,,
つるつる,つるつる,表面がなめらかで、すべりやすいようす。氷の上などを「つるつる」といいます。,氷,1,Smooth,assets/shiritori/complete-3741.png,asset,AI生成イラスト
つるむ,つるむ,仲間といつも一緒に行動すること。,仲良し,3,,assets/shiritori/complete-3742.png,asset,AI生成イラスト
つれ,連れ,一緒に出かけたり、行動したりする人。,並んで歩く,2,Companion,assets/shiritori/complete-3743.png,asset,AI生成イラスト
つれる,連れる,人や動物を、自分と一緒に行かせること。子犬を連れて散歩する、などと使います。,散歩,1,Take along,assets/shiritori/complete-3744.png,asset,AI生成イラスト
つんでつんで,ツンデツンデ,岩石の集合体ウルトラビースト,ツンデツンデ ポケモン,3,Stakataka,,,
つんべあー,ツンベアー,氷の息を吐くポケモン,ツンベアー ポケモン,3,Beartic,,,
づき,月,カレンダーで、１か月、２か月とかぞえるときのことば,月 カレンダー,1,,assets/shiritori/complete-3645.png,asset,AI生成イラスト
て,手,うでの先にある、ものを持ったりさわったりする体の部分。,手,1,Hand,assets/shiritori/te.png,asset,AI生成イラスト
てあみ,手編み,機械を使わず、手で編むこと。また、そのように編んだもの。毛糸のマフラーなどを作ります。,毛糸,2,Hand-knitted,assets/shiritori/complete-0120.png,asset,AI生成イラスト
てあらい,手洗い,水やせっけんなどを使って手をあらうこと。,手洗い,1,Hand washing,assets/shiritori/complete-3750.png,asset,AI生成イラスト
てぃたーんず,ティターンズ,アニメ「機動戦士Ζガンダム」の用語。ジオン残党の掃討を名目に結成された、地球至上主義を掲げる地球連邦軍の精鋭特殊部隊。,ティターンズ,3,Titans,,,
てぃらのさうるす,ティラノサウルス,おおきくてつよい、にくしょくのきょうりゅう。,ティラノサウルス,1,Tyrannosaurus,,,
てい,体,外から見える姿や、物事の形・ありさま。「文章の体をなす」のように使います。,格好,3,,,,
ていあつ,低圧,圧力が低いこと。電気では、電圧の区分を表す言葉としても使われます。,電気,2,Low pressure,assets/shiritori/complete-3754.png,asset,AI生成イラスト
ていあん,提案,「こうしたらどうかな」と、考えややり方を出してすすめること。,提案,1,Proposal,assets/shiritori/aw-kentou.png,asset,AI生成イラスト
ていき,定期,決まった時期や間隔ごとに行うこと。交通機関の「定期券」を短く「定期」と呼ぶこともあります。,カレンダー,2,Regular,assets/shiritori/complete-3756.png,asset,AI生成イラスト
ていきけん,定期券,決まった期間、決まった区間で電車やバスなどを利用できるきっぷ。学校や会社に通うときなどに使います。,定期券,1,Commuter pass,,,
ていきゅうび,定休日,お店などが、いつも休むと決めている日。毎週同じ曜日に休むお店などがあります。,お店,1,Regular holiday,,,
ていきょう,提供,物や場所、情報などを、相手が使えるように出すこと。貸す場合だけでなく、渡す場合にも使います。,プレゼント,2,Offer,assets/shiritori/teikyou.png,asset,AI生成イラスト
ていけい,提携,会社や団体などが、共通の目的のために協力すること。,握手,2,Alliance,assets/shiritori/complete-3760.png,asset,AI生成イラスト
ていこく,帝国,皇帝を君主とする国。歴史上の大きな支配領域をもつ国を指す場合もあります。,お城,2,Empire,,,
ていし,停止,動いているものが止まること。また、動きや働きを止めること。,一時停止,1,Stop,assets/shiritori/complete-3762.png,asset,AI生成イラスト
ていしゅつ,提出,決められた相手に、書類や作品などを出すこと。宿題のノートを先生に出すのも提出です。,宿題,1,Submission,assets/shiritori/teishutsu.png,asset,AI生成イラスト
ていしょく,定食,ごはんとおかずなどが、一組になった食事。,定食,1,Set meal,,,
ていじ,提示,考えや資料、条件などを相手に示すこと。,見せる,2,Presentation,assets/shiritori/ss-presentation.png,asset,AI生成イラスト
ていじょう,定常,状態や変化のしかたが、時間がたっても一定であること。,波,3,,assets/shiritori/complete-3766.png,asset,AI生成イラスト
ていねい,丁寧,気を配って、きちんと物事をするようす。文字を読みやすく書く、物を大切にあつかう、などの場合に使います。,丁寧,1,Polite,assets/shiritori/teinei.png,asset,AI生成イラスト
ていねん,定年,働く人が、その職場を退職する年齢として決められた年齢。,おじいちゃん,2,Retirement age,,,
ていぼう,堤防,川や海の水が陸地に流れこむのを防ぐために作る、土などを盛り上げた構造物。,堤防,2,Dike,,,
ていりゅうじょ,停留所,バスや路面電車などが、人を乗せたりおろしたりするために止まる場所。,バス停,1,Bus stop,,,
ていれ,手入れ,物や場所を、よい状態に保ったり整えたりすること。庭の草を取る、道具をきれいにする、などの手入れがあります。,手入れ,2,Maintenance,assets/shiritori/sodateru.png,asset,AI生成イラスト
ておくれ,手遅れ,対応する時期が遅すぎて、もう間に合わないこと。,時計,2,Too late,assets/shiritori/complete-3772.png,asset,AI生成イラスト
ておの,手斧,片手で使う小さな斧。木を切ったり、薪を割ったりするときなどに使います。,斧,2,Hatchet,,,
てがかり,手がかり,物事を調べたり、問題を解いたりする助けになる情報。,虫眼鏡,2,Clue,assets/shiritori/tegakari.png,asset,AI生成イラスト
てがみ,手紙,伝えたいことを文字で書いて、相手に送るもの。,手紙,1,Letter,assets/shiritori/tegami.png,asset,AI生成イラスト
てがる,手軽,あまり手間をかけず、かんたんにできるようす。,簡単,1,Easy,assets/shiritori/complete-3776.png,asset,AI生成イラスト
てきさすころにー,テキサスコロニー,アニメ「機動戦士ガンダム」の用語。一年戦争の戦闘で破壊され、内部に砂漠や岩場が広がる荒廃した密閉型コロニー。,テキサスコロニー,3,Texas Colony,,,
てくにっく,テクニック,物事をうまく行うための技術や方法。スポーツや楽器の演奏などに使います。,技,2,Technique,assets/shiritori/complete-1685.png,asset,AI生成イラスト
てくび,手首,手と、うでがつながっているところ。うで時計をつける場所でもあります。,手首,1,Wrist,,,
てごたえ,手応え,物に力を加えたときに感じる反応。また、うまくできたと感じること。試験の手応え、などと使います。,ガッツポーズ,2,Response,assets/shiritori/complete-3780.png,asset,AI生成イラスト
てじな,手品,しかけや技を使って、ふしぎなことが起きたように見せる芸。,手品,1,Magic trick,assets/shiritori/complete-3781.png,asset,AI生成イラスト
てじゅん,手順,物事を行うときの順番や進め方。料理の作り方などにも手順があります。,説明図,2,Procedure,assets/shiritori/complete-3636.png,asset,AI生成イラスト
てじょう,手錠,人の両手首にはめ、手の動きを制限するための道具。警察などが使います。,警察官,2,Handcuffs,,,
てすう,手数,何かを行うために必要な手間や動作の数。「お手数をおかけします」は、相手に手間をかけることを気づかう言い方です。,お願い,2,Trouble,assets/shiritori/complete-3784.png,asset,AI生成イラスト
てすり,手すり,歩くときなどに、体を支えるためにつかまるぼう。階だんや通路などにあります。,手すり,1,Handrail,,,
てっかぐや,テッカグヤ,宇宙船のようなウルトラビースト,テッカグヤ ポケモン,3,Celesteela,,,
てっかだん,鉄華団,アニメ「機動戦士ガンダム 鉄血のオルフェンズ」の用語。三日月やオルガたちが結成した、少年兵たちによる民間警備会社。,鉄華団,3,Tekkadan,,,
てっかにん,テッカニン,超高速で動く虫ポケモン,テッカニン ポケモン,3,Ninjask,,,
てっしーど,テッシード,トゲのある草ポケモン,テッシード ポケモン,3,Ferroseed,,,
てっぺん,てっぺん,ものや場所の、いちばん上のところ。山のてっぺん、頭のてっぺん、などと使います。,山頂,1,Top,,,
てっぽうお,テッポウオ,鉄砲のように水を撃つポケモン,テッポウオ,3,Remoraid,,,
てつ,鉄,道具や建物などに使われる金属。自動車やフライパンなど、いろいろなものの材料になります。,鉄,1,Iron,,,
てつがく,哲学,世界や人間、知識や善悪などの根本的な問題を考える学問。,考える,2,Philosophy,assets/shiritori/tetsugaku.png,asset,AI生成イラスト
てつだう,手伝う,ほかの人の仕事や作業を、一緒にして助けること。,手伝う,1,Help,assets/shiritori/tetsudau.png,asset,AI生成イラスト
てつどう,鉄道,車両がレールの上を走り、人や荷物を運ぶための交通のしくみ。電車や新幹線などが走ります。,電車,1,Railway,,,
てつのいさは,テツノイサハ,未来の草格闘ポケモン,テツノイサハ ポケモン,3,Iron Leaves,,,
てつのいばら,テツノイバラ,未来のバンギラス,テツノイバラ ポケモン,3,Iron Thorns,,,
てつのいわお,テツノイワオ,未来の闘士ポケモン,テツノイワオ ポケモン,3,Iron Boulder,,,
てつのかいな,テツノカイナ,未来の格闘ポケモン,テツノカイナ ポケモン,3,Iron Hands,,,
てつのかしら,テツノカシラ,未来の剣士ポケモン,テツノカシラ ポケモン,3,Iron Crown,,,
てつのこうベ,テツノコウベ,未来の龍ポケモン,テツノコウベ ポケモン,3,Iron Jugulis,,,
てつのつつみ,テツノツツミ,未来の鳥ポケモン,テツノツツミ ポケモン,3,Iron Bundle,,,
てつのどくが,テツノドクガ,未来の毒蛾ポケモン,テツノドクガ ポケモン,3,Iron Moth,,,
てつのぶじん,テツノブジン,未来の戦士ポケモン,テツノブジン ポケモン,3,Iron Valiant,,,
てつのわだち,テツノワダチ,未来の象ポケモン,テツノワダチ ポケモン,3,Iron Treads,,,
てつひろいき,鉄ひろい機,砂の中から鉄くずを拾い集めるために磁石などを使った道具,磁石 道具,2,Magnetic sweeper,,,
てつや,徹夜,夜に眠らず、朝まで起きていること。,眠い,2,Staying up all night,assets/shiritori/complete-3807.png,asset,AI生成イラスト
てづくりの,手作りの,お店で買ってきたものではなく、自分のおててを使って粘土やクッキーを一生懸命作ったもののこと,手作り,1,Homemade,assets/shiritori/sakuhin.png,asset,AI生成イラスト
てなずける,手懐ける,人や動物が自分になじみ、言うことを聞くようにすること。,猫,2,Tame,assets/shiritori/complete-3809.png,asset,AI生成イラスト
てにあまる,手に余る,自分の力だけでは扱いきれないこと。難しい仕事などについて使います。,困る,2,Too much to handle,assets/shiritori/komaru.png,asset,AI生成イラスト
てにをは,てにをは,「て」「に」「を」「は」など、文の中で言葉どうしの関係を示す助詞などの呼び名。,国語,2,Particles,,,
てぬき,手抜き,必要な手順や作業を省いて、十分に行わないこと。,怠ける,2,Cutting corners,assets/shiritori/aw-nonki.png,asset,AI生成イラスト
てぬぐい,手ぬぐい,手や体をふくためなどに使う、細長いぬの。頭に巻くこともあります。,手ぬぐい,1,Towel,,,
てのひら,手のひら,手の、指のつけ根から手首までの内がわ。ものをにぎるときなどに使います。,手のひら,1,Palm,assets/shiritori/tenohira.png,asset,AI生成イラスト
てはい,手配,必要な物や人などを用意すること。警察が人を捜すために知らせることにも使います。,電話,2,Arrangement,assets/shiritori/complete-3258.png,asset,AI生成イラスト
てはず,手はず,物事を進めるために、あらかじめ決める段取りや準備。,スケジュール,2,Program,assets/shiritori/complete-3258.png,asset,AI生成イラスト
てばなす,手放す,持っている物を離すこと。また、持ち物を人に渡すなどして、自分のものではなくすること。,風船,2,Let go,assets/shiritori/tebanasu.png,asset,AI生成イラスト
てぶりむ,テブリム,静寂を好むポケモン,テブリム ポケモン,3,Hattrem,,,
てほん,手本,まねをしたり、参考にしたりするための見本。習字の文字や、作業のやり方などの手本があります。,お手本,1,Model,assets/shiritori/complete-3819.png,asset,AI生成イラスト
てま,手間,物事を行うために必要な時間や労力。,料理,2,Time and effort,assets/shiritori/complete-3784.png,asset,AI生成イラスト
てまえ,手前,自分に近いほうの場所。また、目的の場所に着く少し前のところ。,道,1,This side,,,
てまわし,手回し,手で回すこと。また、事前に準備を整えること。ハンドルを手回しで動かす、などと使います。,オルゴール,2,,assets/shiritori/complete-3822.png,asset,AI生成イラスト
てみじか,手短,要点を短くまとめるようす。手短に話す、などと使います。,おしゃべり,2,Brief,assets/shiritori/temijika.png,asset,AI生成イラスト
てみやげ,手土産,よその家などに行くときに、持っていくおくりもの。おかしやくだものなどがあります。,プレゼント,1,Souvenir,assets/shiritori/temiyage.png,asset,AI生成イラスト
てもち,手持ち,今、自分が持っている物やお金。「手持ちの道具で作る」のように使います。,カバン,1,On hand,assets/shiritori/complete-3825.png,asset,AI生成イラスト
てもと,手元,手の近くの場所。また、自分のすぐそばや、自分が持っているものを指すこともあります。,手元,1,At hand,assets/shiritori/complete-3826.png,asset,AI生成イラスト
てら,寺,仏教のおしえに関わる建物や場所。おぼうさんがおつとめをしたり、人がおまいりしたりします。,お寺,1,Temple,,,
てらきおん,テラキオン,岩の心を持つ伝説ポケモン,テラキオン ポケモン,3,Terrakion,,,
てらす,照らす,光を当てて、ものや場所を明るくすること。,懐中電灯,1,Illuminate,assets/shiritori/cave.png,asset,AI生成イラスト
てらす,テラス,建物の外に続く、平らな床のある場所。いすなどを置いて使うこともあります。,テラス,1,Terrace,,,
てらぱごす,テラパゴス,テラスタルの源の伝説ポケモン,テラパゴス ポケモン,3,Terapagos,,,
てりやき,てりやき,あまからいたれをつけ、表面につやが出るようにやいた料理。,てりやき,1,,,,
てりやき,照り焼き,肉や魚などにたれをつけ、表面につやが出るようにやいた料理。しょうゆや砂糖などを合わせたたれを使います。,照り焼き,1,Teriyaki,,,
てれぱしー,テレパシー,言葉や身ぶりを使わずに、考えや気持ちが伝わるとされる現象。物語などにも登場します。,超能力,2,Telepathy,assets/shiritori/complete-3834.png,asset,AI生成イラスト
てれび,テレビ,放送などの映像や音を、見たり聞いたりするための道具。ニュースやアニメなどを楽しめます。,テレビ,1,Television,,,
てれる,照れる,ほめられたり注目されたりして、はずかしく感じること。,照れる,1,Shy,assets/shiritori/complete-3836.png,asset,AI生成イラスト
てろてろ,てろてろ,布などが、薄くやわらかで、なめらかなようす。,布,2,,assets/shiritori/complete-3837.png,asset,AI生成イラスト
てん,点,小さなしるしのこと。また、テストやゲームなどの結果を数えるときにも使うことば。,点,1,Dot,assets/shiritori/complete-3838.png,asset,アプリ作成図
てん,天,空や、その上を表すことば。,青空,1,Heaven,,,
てんかい,展開,物事が広がったり、次の段階へ進んだりすること。物語の展開、などと使います。,本,2,Development,assets/shiritori/complete-3840.png,asset,AI生成イラスト
てんかん,転換,方向や考え方、状況などを変えること。気分転換、方向転換、などと使います。,矢印,2,Conversion,assets/shiritori/complete-3841.png,asset,AI生成イラスト
てんき,天気,晴れや雨、くもりなど、そのときの空や大気のようす。,天気,1,Weather,,,
てんきよほう,天気予報,これからの天気を予想して知らせること。テレビやラジオ、インターネットなどで確かめられます。,天気予報,1,Weather forecast,assets/shiritori/complete-3843.png,asset,AI生成イラスト
てんけい,典型,その種類の特徴を、よく表しているものや例。,お手本,2,Pattern,assets/shiritori/complete-3844.png,asset,AI生成イラスト
てんさい,天才,あることに、とてもすぐれた才能をもつ人。勉強や音楽、スポーツなど、いろいろな分野で使うことばです。,ひらめき,1,Genius,,,
てんさい,天災,地震や台風など、自然の働きによって起きる災害。,地震,2,Natural disaster,,,
てんし,天使,神さまのおつかいとして、お話などに出てくるもの。羽のあるすがたでえがかれることもあります。,天使,1,Angel,,,
てんじ,展示,物や作品を、人に見てもらうために並べたり置いたりすること。,博物館,2,Exhibition,assets/shiritori/complete-2132.png,asset,AI生成イラスト
てんじょう,天井,部屋の、いちばん上にある面。,天井,1,Ceiling,,,
てんすう,点数,テストやゲームなどの結果を表す数。,テスト,1,Score,,,
てんてき,天敵,ある生き物を食べたり、寄生したりするなどして、その生き物の数に影響する生き物。日常では、苦手な相手のたとえにも使います。,ヘビ,2,Natural enemy,,,
てんてん,点々,小さなしるしが、いくつもあるようす。また、ものがあちこちに少しずつあるようす。,てんとう虫,1,Dots,,,
てんでん,てんでん,一人一人が別々に行うようす。それぞれ、という意味です。,バラバラ,2,,assets/shiritori/complete-3853.png,asset,AI生成イラスト
てんとうむし,テントウムシ,丸みのある、小さな虫のなかま。赤い羽に黒い点がある種類などがいます。,テントウムシ,1,,,,
てんのう,天皇,日本という国のシンボルとしてのつとめをもつ方。憲法では、日本の国と国民のまとまりを表す「象徴」と定められています。,皇居,1,Emperor,,,
てんぱる,テンパる,あわてて、余裕がなくなること。話し言葉で使われます。,大慌て,2,Panic,assets/shiritori/complete-0605.png,asset,AI生成イラスト
てんびん,てんびん,左右のつり合いを利用して、物の重さを比べたり、はかったりする道具。,天秤 道具,2,Scale,,,
てんびん,天秤,左右のつり合いを利用して、物の重さを比べたり、はかったりする道具。,天秤,2,Balance scale,,,
てんびんばかり,てんびんばかり,左右の重さのつり合いを利用して、物の重さをはかる道具。,天秤 道具,2,Scale,,,
てんぷら,天ぷら,魚や野菜などに、小麦粉などのころもをつけて油であげた料理。,天ぷら,1,Tempura,,,
てんまど,天窓,屋根などにつけ、上からの光を入れる窓。,天窓,2,Skylight,,,
てんめつ,点滅,明かりがついたり消えたりすること。,信号機,2,Blinking,assets/shiritori/complete-3862.png,asset,AI生成イラスト
てんらんかい,展覧会,絵や工作などの作品を並べ、人に見てもらう会。,展覧会,1,Exhibition,assets/shiritori/complete-2132.png,asset,AI生成イラスト
てんりょう,天領,江戸時代に、幕府が直接治めていた領地の呼び名。,歴史,3,,,,
てーるなー,テールナー,小枝を操る炎ポケモン,テールナー ポケモン,3,Braixen,,,
でぃあるが,ディアルガ,時間を操る伝説のポケモン,ディアルガ ポケモン,3,Dialga,,,
でぃあんしー,ディアンシー,宝石の王女と呼ばれる幻のポケモン,ディアンシー ポケモン,3,Diancie,,,
でぃぐだ,ディグダ,地面の下に潜んでいることが多いポケモン,ディグダ,3,Diglett,,,
でぃぐだあろーらのすがた,ディグダ(アローラのすがた),頭に毛が生えたアローラの姿,ディグダ(アローラのすがた),3,Alolan Diglett,,,
でぃぷろどくす,ディプロドクス,とてもながいからだをもつ、くさをたべるきょうりゅう。,ディプロドクス,2,Diplodocus,,,
でぃんるー,ディンルー,器を持つ災いのポケモン,ディンルー ポケモン,3,Ting-Lu,,,
でかぐーす,デカグース,鋭い眼光を持つポケモン,デカグース ポケモン,3,Gumshoos,,,
でかぬちゃん,デカヌチャン,巨大ハンマーの使い手,デカヌチャン ポケモン,3,Tinkaton,,,
ですかーん,デスカーン,棺桶の姿をしたポケモン,デスカーン ポケモン,3,Cofagrigus,,,
ですばーん,デスバーン,呪われた石板ポケモン,デスバーン ポケモン,3,Runerigus,,,
ですます,デスマス,面を持つ霊ポケモン,デスマス ポケモン,3,Yamask,,,
ですますがらるのすがた,デスマス(ガラルのすがた),呪われた石板を持つガラル姿,デスマス(ガラルのすがた) ポケモン,3,Galarian Yamask,,,
ででんね,デデンネ,電気を蓄えるネズミポケモン,デデンネ ポケモン,3,Dedenne,,,
でりばーど,デリバード,プレゼントを運ぶ鳥ポケモン,デリバード,3,Delibird,,,
でるびる,デルビル,鋭い吠え声を持つ悪ポケモン,デルビル,3,Houndour,,,
でんき,電気,あかりをつけたり、機械を動かしたりするのに使うエネルギー。,電気,1,,assets/shiritori/complete-3881.png,asset,AI生成イラスト
でんしてんびん,電子てんびん,物の重さを電気の働きで調べ、数字で表示するはかり。,電子天秤,2,Analytical balance,,,
でんしばかり,電子ばかり,物の重さを電気の働きで調べ、数字で表示するはかり。,デジタル秤,2,Digital scale,,,
でんしゃ,電車,電気の力で、線路の上を走る乗りもの。,電車,1,,,,
でんしれんじ,電子レンジ,電気の力で、食べものをあたためる道具。,電子レンジ,1,,,,
でんじゅもく,デンジュモク,電線を操るウルトラビースト,デンジュモク ポケモン,3,Xurkitree,,,
でんち,電池,おもちゃや時計などをうごかす電気を取り出す道具。丸いものや四角いものなど、いろいろな形があります。,電池,1,,,,
でんちゅう,電柱,電線などを高いところで支えるはしら。,電柱,1,Electric pole,,,
でんちゅら,デンチュラ,電気を操る蜘蛛ポケモン,デンチュラ ポケモン,3,Galvantula,,,
でんぢむし,デンヂムシ,バッテリーのような虫ポケモン,デンヂムシ ポケモン,3,Charjabug,,,
でんぷん,デンプン,米やいもなどに含まれる、植物が作る養分の一つ。ヨウ素液をつけると、青紫色などに変わります。,デンプン 物質,2,Starch,,,
でんまーく,デンマーク,北ヨーロッパにある国。玩具のレゴや、作家アンデルセンで知られています。,デンマーク 国旗,2,Denmark,,,
でんりゅう,デンリュウ,遠くからでも光が見えるポケモン,デンリュウ,3,Ampharos,,,
でんわ,電話,遠くにいる人と、声で話せる道具やしくみ。,電話,1,,,,
と,戸,入り口などを開けたり閉めたりするためのもの。横に引く戸や、手前などに開く戸があります。,引き戸,1,Door,,,
とい,問い,答えを求めてたずねることや、その問題。,問題,1,Question,assets/shiritori/complete-3896.png,asset,AI生成イラスト
という,という,ものの名前や、話の内容などを伝えるときに使うことば。「これはりんごというくだものです」などと使います。,紹介,1,Called,,,
といれ,トイレ,おしっこやうんちをするための場所。,トイレ,1,Toilet,,,
とう,塔,細長く、高く作られた建物。,塔,1,Tower,,,
とうきょう,東京都,日本の首都である東京の、都としての名前。,東京都,1,Tokyo,,,
とうきょう,東京,日本の首都。日本の政治や経済の中心地の一つです。,東京タワー,1,Tokyo,,,
とうげ,峠,山を越える道の、上りから下りに変わるところ。,峠,2,Mountain pass,,,
とうごうへいはちろう,東郷平八郎,日露戦争で日本海軍を指揮し、ロシアの艦隊を破った軍人,東郷平八郎 肖像,2,Togo Heihachiro,,,
とうさん,倒産,会社や商店などが、経営を続けられなくなること。,会社,2,Bankruptcy,assets/shiritori/complete-3904.png,asset,AI生成イラスト
とうじつ,当日,何かが行われる、その日のこと。遠足の当日、などと使います。,カレンダー,1,The day,assets/shiritori/complete-3905.png,asset,AI生成イラスト
とうじょうひでき,東条英機,日本の第40代の内閣総理大臣。,東条英機 肖像,3,HidekiTojo,,,
とうじる,投じる,投げ入れること。また、力や資金などを、ある目的のために使うこと。,投票,2,Cast,assets/shiritori/toujiru.png,asset,AI生成イラスト
とうだい,灯台,船が安全に進めるよう、光などで場所を知らせる設備。海岸や島などにあります。,灯台,1,Lighthouse,,,
とうにゅう,豆乳,大豆をすりつぶし、水と合わせて煮たものから、かすを取りのぞいた白い液体。飲みものや豆腐の材料に使います。,豆乳,1,Soy milk,,,
とうふ,豆腐,大豆から作る、やわらかい食べもの。豆乳を固めて作ります。,豆腐,1,Tofu,,,
とうめい,とうめい,光を通し、向こう側がすけて見えるようす。,透明 状態,2,Transparency,assets/shiritori/complete-3911.png,asset,AI生成イラスト
とうもろこし,トウモロコシ,つぶつぶの実が集まる、植物とその実の名前。黄色い実などがあり、ゆでたりやいたりして食べます。,トウモロコシ,1,Corn,,,
とうよう,東洋,日本や中国など、アジアの地域を指す呼び名。西洋と対にして使われます。,アジア地図,2,Orient,,,
とうりつ,倒立,両手で体を支えて、さかさまにまっすぐ立つこと。,倒立 体操,1,Handstand,assets/shiritori/complete-2523.png,asset,AI生成イラスト
とうりつかいてん,倒立回転,手をついて、さかだちの形を通りながら回る体操の技。,ハンドスプリング 体操,1,Handspring (gymnastics),assets/shiritori/complete-3240.png,asset,AI生成イラスト
とお,十,ものを十こ数えるときのことば。,数える,1,Ten,,,
とおい,遠い,場所や時期などが、はなれているようす。,遠い山,1,Far,assets/shiritori/complete-3917.png,asset,アプリ作成図
とおか,十日,月のはじめから十番目の日。また、十日間という期間。,カレンダー,1,Tenth day,,,
とおく,遠く,ここからずいぶんとはなれたばしょ。,遠く,1,,assets/shiritori/complete-3919.png,asset,アプリ作成図
とおる,通る,場所を通りぬけたり、その場所を進んだりすること。,通り抜ける,1,Pass,assets/shiritori/complete-3920.png,asset,AI生成イラスト
とかげ,トカゲ,長いしっぽがあり、地面などをはって動く、は虫類のなかま。,トカゲ,1,Lizard,,,
とかしたもの,とかしたもの,水などの液体に溶かし入れた物質のこと,溶質 化学,2,Solute,assets/shiritori/complete-3922.png,asset,AI生成イラスト
とかす,溶かす,水などの液体の中に、ものをまざりこませること。さとうを水に溶かす、などと使います。,溶かす,1,Dissolve,assets/shiritori/complete-3923.png,asset,AI生成イラスト
とかすもの,とかすもの,物質を溶かすための液体のこと（溶媒）,溶媒 化学,2,Solvent,assets/shiritori/complete-3922.png,asset,AI生成イラスト
とかち,十勝,北海道にある、美味しい牛乳やチーズ、広い畑がたくさんあるとっても緑豊かな場所の名前,北海道の牧場,2,Tokachi,,,
とがめる,咎める,悪いと思う行いや間違いを取り上げ、責めたり注意したりすること。,叱る,2,Blame,assets/shiritori/complete-0850.png,asset,AI生成イラスト
とがりねずみ,トガリネズミ,鼻先がとがった、小さな哺乳類のなかま。名前にネズミとありますが、モグラに近いなかまです。,トガリネズミ,2,mouse,,,
とがる,尖る,先のほうが、細くするどい形になること。えんぴつの先などがとがっています。,鉛筆の先,1,Sharp,assets/shiritori/complete-0647.png,asset,AI生成イラスト
とき,時,時間や、あることが起こる場面を表すことば。,時計,1,Time,assets/shiritori/complete-3929.png,asset,AI生成イラスト
ときどき,時々,いつもではなく、ときおり起こるようす。,たまに,1,Sometimes,assets/shiritori/complete-3930.png,asset,AI生成イラスト
とく,解く,問題の答えを見つけること。また、結ばれたものなどをほどくこと。,ひらめき,1,Solve,assets/shiritori/complete-3931.png,asset,AI生成イラスト
とくい,得意,上手にできること。また、物事がうまくできて自信があるようす。,ガッツポーズ,1,Good at,assets/shiritori/complete-3932.png,asset,AI生成イラスト
とくがわいえみつ,徳川家光,江戸幕府の3代将軍。大名が江戸と自分の領地を行き来する参勤交代を、制度として定めました。,徳川家光 肖像,2,Tokugawa Iemitsu,,,
とくがわいえやす,徳川家康,江戸幕府を開いた、初代の将軍。,徳川家康 肖像,2,Tokugawa Ieyasu,,,
とくしま,徳島県,四国にある県。阿波おどりで知られています。,徳島県,1,Tokushima,,,
とくしゅう,特集,一つのテーマに関する情報をまとめて取り上げること。テレビ番組や雑誌などで行います。,雑誌,2,Special feature,assets/shiritori/complete-3936.png,asset,AI生成イラスト
とくちょう,特徴,その人やものを、ほかと区別するときに目立つところ。首が長いことは、キリンの特徴の一つです。,キリン,1,Feature,assets/shiritori/complete-3937.png,asset,AI生成イラスト
とくばい,特売,ふだんより安い値段で売ること。,特売,1,Sale,assets/shiritori/complete-3938.png,asset,AI生成イラスト
とくべつ,特別,ほかと区別して、ちがうあつかいをするようす。いつもとちがうことにも使います。,特別,1,Special,assets/shiritori/tokubetsu.png,asset,AI生成イラスト
とけい,時計,今の時刻や、たった時間を知らせる道具。はりで表すものや、数字で表すものがあります。,時計,1,Clock,,,
とけいざら,時計ざら,少量の物質をのせたり、容器のふたにしたりする、浅くくぼんだガラス製の皿。,時計皿,2,Watch glass,,,
とけかた,とけかた,物質が液体に溶けていく様子や、その仕組み。,溶解 現象,2,Solubility,assets/shiritori/complete-3923.png,asset,AI生成イラスト
とけたもの,とけたもの,液体の中に溶けて混ざり合った物質（溶質）,溶質 化学,2,Solute,assets/shiritori/complete-3923.png,asset,AI生成イラスト
とけているもの,とけているもの,現在、液体の中に溶け込んでいる状態の物質,溶質 状態,2,Solute,assets/shiritori/complete-3923.png,asset,AI生成イラスト
とけないもの,とけないもの,その液体には溶ける性質がない物質のこと,不溶性 概念,2,Insoluble,assets/shiritori/complete-3945.png,asset,AI生成イラスト
とけのこり,とけ残り,液体に物質を溶かそうとしたとき、溶けきらずに残った固体。,溶け残り 実験,2,Undissolved residue,assets/shiritori/complete-3945.png,asset,AI生成イラスト
とける,溶ける,ものが水などの液体にまざりこむこと。さとうが水に溶ける、などと使います。熱で固体が液体になることも「とける」といいます。,溶ける氷,1,Melt,assets/shiritori/complete-3923.png,asset,AI生成イラスト
とけるもの,とけるもの,その液体に溶ける性質を持っている物質のこと,可溶性 概念,2,Soluble,assets/shiritori/complete-3922.png,asset,AI生成イラスト
とけるりょう,とける量,一定の量の液体に溶かすことができる物質の重さ,溶解度 概念,2,Solubility,assets/shiritori/complete-3949.png,asset,AI生成イラスト
とげきっす,トゲキッス,祝福を運ぶポケモン,トゲキッス ポケモン,3,Togekiss,,,
とげちっく,トゲチック,心優しい幸せのポケモン,トゲチック,3,Togetic,,,
とげぴー,トゲピー,幸せを運ぶ卵ポケモン,トゲピー,3,Togepi,,,
とこや,床屋,かみを切ったり、ひげをそったりするお店。,床屋,1,Barbershop,,,
ところ,所,ものがあったり、何かが行われたりする場所。,場所,1,Place,,,
ところどころ,所々,あちこちに少しずつあるようす。,水玉模様,1,Here and there,,,
とさきんと,トサキント,美しいヒレを持つ金魚ポケモン,トサキント,3,Goldeen,,,
とざん,登山,山に登ること。,登山,1,Mountain climbing,assets/shiritori/complete-3957.png,asset,AI生成イラスト
とし,年,一月から十二月までの時間のまとまり。また、人やものの年れいを表すときにも使います。,カレンダー,1,Year,assets/shiritori/complete-3958.png,asset,AI生成イラスト
としょかん,図書館,本などを集め、人が読んだり借りたりできるようにしている場所。,図書館,1,Library,assets/shiritori/toshokan.png,asset,AI生成イラスト
とじる,閉じる,開いているものを、しまうこと。本や目を閉じる、などと使います。,本を閉じる,1,Close,assets/shiritori/complete-3960.png,asset,AI生成イラスト
とす,トス,ボールを軽く投げ上げたり、打ち上げたりすること。バレーボールでは、味方が攻撃しやすいようにボールを上げることをいいます。,バレーボール,2,Toss,assets/shiritori/complete-3961.png,asset,AI生成イラスト
とち,土地,地面のこと。また、一定の範囲の地面や、その場所を指すこともあります。,地面,2,Land,,,
とちぎ,栃木県,関東地方にある県。日光の東照宮などで知られています。,栃木県,1,Tochigi,,,
とちゅう,途中,場所へ向かう道の中ほどや、物事がまだ終わっていないところ。,道の途中,1,On the way,assets/shiritori/complete-3964.png,asset,AI生成イラスト
とっきゅう,特急,止まる駅を少なくして、目的地へ早く行く列車の種類。,特急電車,1,Limited express,,,
とって,取っ手,持ちやすくするために、ものにつけた部分。カップやドアなどについています。,マグカップ,1,Handle,,,
とっとり,鳥取県,中国地方にある県。鳥取砂丘などで知られています。,鳥取県,1,Tottori,,,
とっとり,鳥取,中国地方にある県の名前。鳥取砂丘や梨などで知られています。,鳥取砂丘,2,Tottori,,,
とっぷう,突風,とつぜん吹く強い風。,突風,2,,,,
とつぐ,嫁ぐ,結婚して、相手の家の家族になること。主に女性について使う言い方です。,結婚式,2,Marry,assets/shiritori/complete-3970.png,asset,AI生成イラスト
とつぜん,突然,予想しないことが、急に起こるようす。,びっくり,1,Suddenly,assets/shiritori/complete-0222.png,asset,AI生成イラスト
とつにゅう,突入,勢いよく中に入ること。また、ある時期や段階に入ること。,ロケット,2,Rush into,assets/shiritori/complete-3972.png,asset,AI生成イラスト
ととのう,整う,必要な物がそろったり、形や状態がきちんとしたりすること。,片付け,2,Be prepared,assets/shiritori/tidy.png,asset,AI生成イラスト
とどける,届ける,ものや知らせを、相手のところまで運んで渡すこと。,郵便屋さん,1,Deliver,assets/shiritori/todokeru.png,asset,AI生成イラスト
とどまる,留まる,その場所に残り、移動しないこと。また、ある状態のままでいること。,小鳥,2,Stay,assets/shiritori/complete-3975.png,asset,AI生成イラスト
とどろくつき,トドロクツキ,古代の龍ポケモン,トドロクツキ ポケモン,3,Roaring Moon,,,
とね,利根,関東地方を流れる、利根川の名前を短くした呼び方。雨水が集まる土地の広さである「流域面積」が、日本で最も大きい川です。,大きな川,2,Tone,,,
との,殿,昔、領地を治めた大名などを、敬って呼ぶ言葉。人の名前につける敬称にも使います。,お殿様,2,Lord,,,
とびうお,飛魚,ひれを広げて、水面の上をすべるように飛ぶ魚のなかま。,飛魚,1,Flying fish,,,
とびうお,トビウオ,ひれを広げて、水面の上をすべるように飛ぶ魚のなかま。,トビウオ,1,Flying fish,,,
とびばこ,跳び箱,手をついて飛びこえる、体育の道具。箱を積んで高さを変えられます。,跳び箱,1,Vaulting horse,,,
とびら,扉,入り口などを開けたり閉めたりするためのもの。ドアともいいます。,扉,1,Door,,,
とぶ,飛ぶ,鳥や飛行機などが、空中を進むこと。,ジャンプ,1,Fly,assets/shiritori/pv-jump.png,asset,AI生成イラスト
とまと,トマト,丸い実を食べる野菜。赤いものなどがあり、サラダや料理に使います。,トマト,1,Tomato,,,
とまる,止まる,動いていたものが、動かなくなること。,赤信号,1,Stop,assets/shiritori/complete-3985.png,asset,AI生成イラスト
とめる,止める,動きや働きを終わらせること。水を止める、車を止める、などと使います。,ヘアピン,1,Stop,assets/shiritori/complete-3986.png,asset,AI生成イラスト
ともだち,友達,一緒に遊んだり、話したりして、親しくしている人。,友達,1,Friend,,,
とやま,富山県,日本海に面した県。立山の山々や、海でとれる魚などで知られています。,富山県,1,Toyama,,,
とよとみひでよし,豊臣秀吉,信長の後を継いで天下を統一し、検地や刀狩を行った人物,豊臣秀吉 肖像,2,Toyotomi Hideyoshi,,,
とら,トラ,しまもようのある、大きなネコのなかま。肉を食べる動物です。,トラ,1,Tiger,,,
とらっく,トラック,荷物を運ぶための自動車。後ろに荷物をのせる場所があります。,トラック,1,Truck,,,
とらんざむ,トランザム,アニメ「機動戦士ガンダム00」の用語。蓄積された高濃度GN粒子を開放し、機体性能を一時的に3倍にまで高めるシステム。,トランザム ガンダム,3,,,,
とらんせる,トランセル,硬い殻に閉じこもって進化を待つ姿,トランセル,3,Metapod,,,
とらんぷ,トランプ,数字やハートなどのマークが書かれた、遊びに使うカード。ばばぬきや七ならべなど、いろいろな遊びができます。,トランプ,1,Playing cards,,,
とり,鳥,羽毛におおわれた体と、くちばしがある生きもののなかま。空を飛べない鳥もいます。,小鳥,1,Bird,,,
とりい,鳥居,神社の入り口などに立つ、門のような形のもの。赤いものだけでなく、木や石で作ったものなどもあります。,鳥居,1,,,,
とりかえる,取り替える,今のものを、別のものにかえること。古い電池を新しい電池に取りかえる、などと使います。,交換,1,Exchange,assets/shiritori/torikaeru.png,asset,AI生成イラスト
とりくむ,取り組む,ある課題や仕事に、力を注いで向き合うこと。,がんばる,2,Tackle,assets/shiritori/konki.png,asset,AI生成イラスト
とりけらとぷす,トリケラトプス,あたまに３つのつのがあって、くさをたべるきょうりゅう。,トリケラトプス,1,Triceratops,,,
とりこ,虜,捕らえられた人。また、何かに心を奪われて夢中になることや、その人。,夢中,2,Captive,assets/shiritori/complete-4000.png,asset,AI生成イラスト
とりとどん,トリトドン,背中の模様が異なるウミウシポケモン,トリトドン ポケモン,3,Gastrodon,,,
とりにだーどとばご,トリニダード・トバゴ,カリブ海にある国。スティールパンという楽器でも知られています。,トリニダード・トバゴ 国旗,3,Trinidad and Tobago,,,
とりひき,取引,物やサービスなどを売ったり買ったりすること。,買い物,2,Transaction,assets/shiritori/chuumon.png,asset,AI生成イラスト
とりまる,捕り丸,むかしの物語に出てくる、悪い泥棒をサッと捕まえるための賢くて強い男の人の名前のこと,侍,3,,,,
とりみあん,トリミアン,毛並みを変える犬ポケモン,トリミアン ポケモン,3,Furfrou,,,
とりゅふ,トリュフ,地中にできる、強い香りをもつキノコのなかま。料理の香りづけなどに使います。,トリュフ,2,Truffle,,,
とりわける,取り分ける,食べものなどを、それぞれの分に分けること。大皿の料理を小皿に分ける、などと使います。,料理,1,Distribute,assets/shiritori/toriwakeru.png,asset,AI生成イラスト
とる,取る,ものを手に持ったり、自分のものにしたりすること。,カメラ,1,Take,assets/shiritori/pv-grab.png,asset,AI生成イラスト
とる,捕る,魚や虫などをつかまえること。また、飛んできたボールなどを受けること。,虫取り,1,Catch,assets/shiritori/pv-catch.png,asset,AI生成イラスト
とるくめにすたん,トルクメニスタン,中央アジアにある国。首都はアシガバットです。,トルクメニスタン 国旗,3,Turkmenistan,,,
とるこ,トルコ,アジアとヨーロッパの間にあり、カッパドキアの奇岩や歴史あるイスタンブールが有名な国,トルコ 国旗,2,Turkey,,,
とるねろす,トルネロス,嵐を呼ぶ伝説ポケモン,トルネロス ポケモン,3,Tornadus,,,
とろっこもんだい,トロッコ問題,大事故で必ず人が死ぬ状況で、あなたはどうする？という思考実験,トロッコ問題,1,,assets/shiritori/complete-4013.png,asset,アプリ作成図
とろっごん,トロッゴン,石炭の塊ポケモン,トロッゴン ポケモン,3,Carkol,,,
とんかつ,とんかつ,ぶた肉にころもをつけ、油であげた料理。,とんかつ,1,Pork cutlet,,,
とんが,トンガ,南太平洋の島々からなる国。国の形は王国です。,トンガ 国旗,3,Tonga,,,
とんび,とんび,大きなつばさで、空を回るように飛ぶ鳥。「ピーヒョロロ」と鳴くことで知られています。,とんび,1,Kite,,,
とんぼ,トンボ,大きな目と、四枚の羽がある虫のなかま。秋だけでなく、春や夏に見られる種類もいます。,トンボ,1,,,,
とーご,トーゴ,西アフリカにある、南北に細長い国。,トーゴ 国旗,3,Togo,,,
ど,℃,摂氏温度の単位を表す記号。ふつうの気圧では、水が凍る温度を0℃、沸騰する温度を100℃とします。,温度 単位,2,Celsius,,,
どいつ,ドイツ,ヨーロッパにある国。ソーセージや、歴史あるお城などで知られています。,ドイツ 国旗,1,Germany,,,
どう,銅,赤みがある金属。電気をよく通すので、電線などに使われます。,銅 金属,2,Copper,,,
どうぞう,銅像,銅などの金属で作った、人や動物などのすがた。,銅像,1,statue,,,
どうとく,道徳,人としてのよい行いや、他の人と暮らすために大切にする考え方。,道徳,2,,assets/shiritori/sonchou.png,asset,AI生成イラスト
どうぶつ,動物,人や犬、虫、魚などの生きもののなかま。,動物,1,Animal,,,
どうぶつえん,動物園,いろいろな動物を飼い、人が見たり学んだりできる場所。,動物園,1,,,,
どがーす,ドガース,毒ガスを出すポケモン,ドガース,3,Koffing,,,
どきどき,ドキドキ,ドキドキは、緊張や期待で心臓が速く打つ様子。,ドキドキ,1,,assets/shiritori/dokidoki.png,asset,AI生成イラスト
どくくらげ,ドククラゲ,ドククラゲは、長い触手を持つクラゲのようなポケモン。,ドククラゲ,3,Tentacruel,,,
どくけいる,ドクケイル,ドクケイルは、夜に活動するむし・どくタイプのポケモン。,ドクケイル ポケモン,3,Dustox,,,
どくしょ,読書,読書は、本を読むこと。,読書,1,,assets/shiritori/complete-4031.png,asset,AI生成イラスト
どくろっぐ,ドクロッグ,ドクロッグは、毒を持つカエルのようなポケモン。,ドクロッグ ポケモン,3,Toxicroak,,,
どごーむ,ドゴーム,ドゴームは、大きな声を出すポケモン。,ドゴーム ポケモン,3,Loudred,,,
どさいどん,ドサイドン,ドサイドンは、岩を飛ばして攻撃するポケモン。,ドサイドン ポケモン,3,Rhyperior,,,
どじょう,ドジョウ,ドジョウは、川や田んぼにすむ細長い魚。口のまわりにひげがある。,ドジョウ,1,,,,
どじょっち,ドジョッチ,ドジョッチは、泥の中にすむ魚のようなポケモン。,ドジョッチ ポケモン,3,Barboach,,,
どっこらー,ドッコラー,ドッコラーは、木材を持ち歩くポケモン。,ドッコラー ポケモン,3,Timburr,,,
どっじぼーる,ドッジボール,ドッジボールは、二つのチームに分かれ、ボールをよけたり当てたりする遊び。,ドッジボール,1,,,,
どてっこつ,ドテッコツ,ドテッコツは、鉄骨を持って運ぶポケモン。,ドテッコツ ポケモン,3,Gurdurr,,,
どでかばし,ドデカバシ,ドデカバシは、大きなくちばしを持つ鳥のポケモン。,ドデカバシ ポケモン,3,Toucannon,,,
どなつ,ドーナツ,ドーナツは、小麦粉などで作った生地を輪の形にして焼いたり揚げたりする菓子。,ドーナツ,1,,,,
どひどいで,ドヒドイデ,ドヒドイデは、サンゴを食べるどく・みずタイプのポケモン。,ドヒドイデ ポケモン,3,Toxapex,,,
どみにかきょうわこく,ドミニカ共和国,ドミニカ共和国は、カリブ海にある島国。イスパニョーラ島の東側に位置する。,ドミニカ共和国 国旗,3,Dominican Republic,,,
どみにかこく,ドミニカ国,ドミニカ国は、カリブ海にある島国。,ドミニカ国 国旗,3,Dominica,,,
どむ,ドム,アニメ「機動戦士ガンダム」の用語。ジオン公国軍が開発した、足部のホバー推進により地上を高速滑走できる重モビルスーツ。,ドム ガンダム,3,Dom,,,
どもんかっしゅ,ドモン・カッシュ,アニメ「機動武闘伝Gガンダム」の主人公。ネオジャパン代表のガンダムファイター。,ドモン・カッシュ,3,Domon Kasshu,,,
どらぴおん,ドラピオン,ドラピオンは、サソリのような姿をしたどく・あくタイプのポケモン。,ドラピオン ポケモン,3,Drapion,,,
どらま,ドラマ,ドラマは、役者の演技で物語を見せる番組や作品。,ドラマ,1,Theater,,,
どらみどろ,ドラミドロ,ドラミドロは、海藻のような姿をしたどく・ドラゴンタイプのポケモン。,ドラミドロ ポケモン,3,Dragalge,,,
どりゅうず,ドリュウズ,ドリュウズは、鋼の爪で地面を掘るポケモン。,ドリュウズ ポケモン,3,Excadrill,,,
どるふぃんきっく,ドルフィンキック,ドルフィンキックは、両足をそろえて上下に動かす水泳のキック。,ドルフィンキック,2,Dolphin kick,assets/shiritori/complete-4051.png,asset,AI生成イラスト
どれ,どれ,どれは、いくつかあるものの中から選ぶときに使う言葉。,選ぶ,1,Which,assets/shiritori/complete-4052.png,asset,AI生成イラスト
どれす,ドレス,ドレスは、上着とスカートがつながった服。式やパーティーで着ることもある。,ドレス,1,Dress,,,
どれでぃあ,ドレディア,ドレディアは、頭に花をつけたくさタイプのポケモン。,ドレディア ポケモン,3,Lilligant,,,
どれみ,どれみ,春風どれみは、アニメ「おジャ魔女どれみ」の主人公。魔女見習いとして成長する。,春風どれみ,3,Doremi Harukaze,,,
どろ,泥,泥は、土に水が混ざって、やわらかくなったもの。,泥んこ,1,Mud,,,
どろばんこ,ドロバンコ,ドロバンコは、ロバのような姿をしたじめんタイプのポケモン。,ドロバンコ ポケモン,3,Mudbray,,,
どろぼう,泥棒,泥棒は、他の人の物を許可なく盗む人。,泥棒,1,Thief,,,
どんからす,ドンカラス,ドンカラスは、群れを率いる鳥のポケモン。,ドンカラス ポケモン,3,Honchkrow,,,
どんぐり,どんぐり,どんぐりは、クヌギやカシなどの木になる実。,どんぐり,1,,,,
どんぐり,ドングリ,どんぐりは、クヌギやカシなどの木になる実。,ドングリ,1,Acorn,,,
どんな,どんな,どんなは、物の様子や性質をたずねるときに使う言葉。,質問,1,What kind of,assets/shiritori/complete-4062.png,asset,AI生成イラスト
どんふぁん,ドンファン,ドンファンは、ゾウのような姿をしたじめんタイプのポケモン。,ドンファン,3,Donphan,,,
どんぶり,丼,丼は、ご飯や麺などを入れる、深さのある器。,丼,1,Bowl,,,
どんめる,ドンメル,ドンメルは、背中にこぶがあるラクダのようなポケモン。,ドンメル ポケモン,3,Numel,,,
どーたくん,ドータクン,ドータクンは、銅鐸のような姿をしたはがね・エスパータイプのポケモン。,ドータクン ポケモン,3,Bronzong,,,
どーどりお,ドードリオ,ドードリオは、三つの頭を持つ鳥ポケモン。ドードーから進化する。,ドードリオ,3,Dodrio,,,
どーどー,ドードー,ドードーは、二つの頭を持つ鳥ポケモン。,ドードー,3,Doduo,,,
どーぶる,ドーブル,ドーブルは、しっぽの先から絵の具のような液を出して絵を描くポケモン。,ドーブル,3,Smeargle,,,
どーみらー,ドーミラー,ドーミラーは、鏡のような姿をしたはがね・エスパータイプのポケモン。,ドーミラー ポケモン,3,Bronzor,,,
な,菜,菜は、食べられる野菜や草のこと。,野菜,1,Greens,,,
ない,無い,無いは、そこに存在しないこと。,空っぽ,1,None,assets/shiritori/complete-4072.png,asset,アプリ作成図
ないかい,内海,内海は、陸や島に囲まれた海。,静かな海,2,Inland sea,,,
ないかく,内閣,内閣は、内閣総理大臣と国務大臣で構成され、国の行政を担う機関。,首相官邸,2,Cabinet,,,
ないかくそうりだいじん,内閣総理大臣,内閣総理大臣は、内閣の長として国の政治をまとめる役目の人。国会議員の中から国会が指名する。,内閣総理大臣官邸,2,Prime Minister of Japan,,,
ないしんしょ,内申書,中学校の先生が、生徒がどれくらい毎日お勉強や部活をがんばったかを詳しく書いた大切な書類,書類,3,School report,,,
ないじぇりあ,ナイジェリア,ナイジェリアは、西アフリカにある国。,ナイジェリア 国旗,2,Nigeria,,,
ないそう,内装,内装は、建物や部屋の内側の仕上げや飾り。,部屋の模様替え,2,Interior,,,
ないとう,内灯,夜に自動車のドアを開けたときに、車の中をパッと明るく照らしてくれる天井の小さな電気のこと,車内,3,,,,
ないふ,ナイフ,ナイフは、物を切るための刃物。,ナイフ,1,Knife,,,
ないりく,内陸,内陸は、海から離れた土地。,山に囲まれた町,2,Inland,,,
ないわ,内話,他の人には絶対に聞こえないように、お友達と二人きりで声をひそめてこっそり秘密のお話をすること,ひそひそ話,3,,assets/shiritori/ss-private-talk.png,asset,AI生成イラスト
なうる,ナウル,ナウルは、太平洋にある島国。,ナウル 国旗,3,Nauru,,,
なえ,苗,苗は、育てている植物の若いもの。,植物の苗,1,Seedling,,,
なおす,なおす,なおすは、悪くなった状態を元に戻すこと。,なおす,1,,assets/shiritori/complete-4085.png,asset,AI生成イラスト
なおす,直す,直すは、壊れた物を元の状態に戻したり、間違いを正したりすること。,直す,1,Repair,assets/shiritori/complete-4086.png,asset,AI生成イラスト
なおる,治る,治るは、病気やけががよくなること。,笑顔の子ども,1,Recover,assets/shiritori/complete-4087.png,asset,AI生成イラスト
なか,中,中は、物の内側や、外から囲まれた場所。,箱の中,1,Inside,,,
なかそねやすひろ,中曽根康弘,第71・72・73代内閣総理大臣。「戦後政治の総決算」を掲げ、国鉄の分割民営化などの行革を断行した,中曽根康弘 肖像,3,YasuhiroNakasone,,,
なかとみのかまたり,中臣鎌足,中臣鎌足は、飛鳥時代の政治家。中大兄皇子とともに大化の改新を進めた。,藤原鎌足 肖像,2,Fujiwara no Kamatari,,,
なかぬちゃん,ナカヌチャン,ナカヌチャンは、大きなハンマーを持つフェアリー・はがねタイプのポケモン。,ナカヌチャン ポケモン,3,Tinkatuff,,,
なかのおおえのおうじ,中大兄皇子,中大兄皇子は、中臣鎌足とともに大化の改新を進め、後に天智天皇となった皇族。,中大兄皇子 肖像,2,Emperor Tenji,,,
なかま,仲間,仲間は、同じ目的や活動をともにする人。,仲間,1,Companion,assets/shiritori/nakama.png,asset,AI生成イラスト
なかみ,中身,中身は、物の内側に入っているもの。,プレゼントの中身,1,Contents,,,
なかよし,仲良し,仲良しは、互いに親しく付き合っていること。,仲良し,1,Get along well,assets/shiritori/nakayoshi.png,asset,AI生成イラスト
ながい,長い,長いは、端から端までの距離が大きい様子。,長い,1,Long,assets/shiritori/complete-4096.png,asset,アプリ作成図
ながいき,長生き,長生きは、長い年月を生きること。,おじいちゃんおばあちゃん,1,Long life,assets/shiritori/complete-4097.png,asset,AI生成イラスト
ながぐつ,長靴,長靴は、雨やぬかるみから足を守る、丈の長い靴。,長靴,1,Rain boots,assets/shiritori/nagagutsu.png,asset,AI生成イラスト
ながさ,長さ,長さは、物の端から端までの距離。,長さ 概念,2,Length,assets/shiritori/complete-4099.png,asset,アプリ作成図
ながさき,長崎県,長崎県は、九州地方の西にある県。海に面し、多くの島がある。,長崎県,1,Nagasaki,,,
ながし,流し,流しは、台所や洗面所で水を使うための設備。,流し台,1,Sink,assets/shiritori/sink.png,asset,AI生成イラスト
ながしそうめん,流しそうめん,流しそうめんは、竹などに流した水とそうめんをすくって食べる行事。,流しそうめん,1,Flowing somen noodles,,,
ながす,流す,流すは、水などを低い方へ動かすこと。,流す,1,Flush,assets/shiritori/waterfall.png,asset,AI生成イラスト
ながねん,長年,長年は、長い年月。,時計,2,Many years,assets/shiritori/complete-4104.png,asset,AI生成イラスト
ながの,長野県,長野県は、日本の中部地方にある県。山に囲まれている。,長野県,1,Nagano,,,
ながめる,眺める,眺めるは、景色や物をしばらく見ること。,景色を見る,1,Gaze at,assets/shiritori/complete-4106.png,asset,AI生成イラスト
ながれ,流れ,流れは、水や空気が移動する様子。また、物事の進み方。,川の流れ,1,Flow,assets/shiritori/waterfall.png,asset,AI生成イラスト
ながれる,流れる,流れるは、水や空気などが移動すること。,流れる川,1,Flow,assets/shiritori/waterfall.png,asset,AI生成イラスト
なきごえ,鳴き声,鳴き声は、鳥や動物が出す声。,子犬,1,Animal cry,,,
なきむし,泣き虫,泣き虫は、よく泣く人を指す言葉。,泣き顔,1,Crybaby,assets/shiritori/kanashii.png,asset,AI生成イラスト
なぐさめる,慰める,慰めるは、悲しんでいる人に言葉をかけたりして、気持ちを落ち着かせること。,優しい気持ち,2,Comfort,assets/shiritori/nagusameru.png,asset,AI生成イラスト
なぐる,殴る,殴るは、握ったこぶしで相手を打つこと。,怒る,1,Hit,assets/shiritori/complete-4112.png,asset,AI生成イラスト
なげき,ナゲキ,ナゲキは、投げ技が得意なかくとうタイプのポケモン。,ナゲキ ポケモン,3,Throh,,,
なげく,嘆く,嘆くは、悲しみや残念な気持ちを深く表すこと。,悲しい,2,Lament,assets/shiritori/regret.png,asset,AI生成イラスト
なげつけさる,ナゲツケサル,ナゲツケサルは、木の実を投げるサルのようなポケモン。,ナゲツケサル ポケモン,3,Passimian,,,
なげる,投げる,投げるは、手に持った物を放して、空中に飛ばすこと。,投げる,1,Throw,assets/shiritori/pv-throw.png,asset,AI生成イラスト
なごみゆい,和実ゆい,和実ゆいは、アニメ「デリシャスパーティ♡プリキュア」の主人公。キュアプレシャスに変身する。,和実ゆい アニメ,3,,,,
なごやか,和やか,和やかは、その場にいる人たちが穏やかで親しみやすい様子。,笑顔の家族,2,Harmonious,assets/shiritori/odayaka.png,asset,AI生成イラスト
なさけ,情け,情けは、困っている人を思いやる気持ち。,優しい心,2,Compassion,assets/shiritori/aw-nasake.png,asset,AI生成イラスト
なさけなあい,情けない,「情けない」の少しずっこけた言い方、または約束を守れなくて自分がすごく格好悪く思えるようす,がっかり,3,,assets/shiritori/aw-nasakenai.png,asset,AI生成イラスト
なさけない,情けない,情けないは、自分の行動などを残念に思う様子。,がっかり,1,Miserable,assets/shiritori/aw-nasakenai.png,asset,AI生成イラスト
なし,梨,梨は、みずみずしく、歯ごたえのある実を食べる果物。,梨,1,,,,
なす,ナス,ナスは、紫色の実を食べる野菜。,ナス,1,Eggplant,,,
なすび,茄子,茄子は、ナスの別の書き方。,茄子,1,,,,
なぞ,謎,謎は、答えや理由が分からず、不思議に思うこと。,虫眼鏡,1,Mystery,assets/shiritori/fushigi.png,asset,AI生成イラスト
なぞなぞ,なぞなぞ,なぞなぞは、言葉の意味や特徴を考えて答えるクイズ。,考える子ども,1,Riddle,assets/shiritori/complete-3896.png,asset,AI生成イラスト
なぞのくさ,ナゾノクサ,ナゾノクサは、植物のような姿をしたくさ・どくタイプのポケモン。,ナゾノクサ,3,Oddish,,,
なた,鉈,なたは、枝や竹を切るときに使う、刃の長い刃物。,鉈,2,Cleaver,,,
なちゅらる,ナチュラル,アニメ「機動戦士ガンダムSEED」の用語。遺伝子操作を受けていない、自然のままに生まれた通常の人類のこと。,ナチュラル ガンダム,3,Natural,,,
なっくらー,ナックラー,巨大な顎を持つポケモン,ナックラー ポケモン,3,Trapinch,,,
なっしー,ナッシー,巨大なヤシの木のような姿,ナッシー,3,Exeggutor,,,
なっしーあろーらのすがた,ナッシー(アローラのすがた),首が非常に長いアローラ姿,ナッシー(アローラのすがた),3,Alolan Exeggutor,,,
なっとう,納豆,納豆は、大豆を発酵させて作る、ねばりのある食べ物。混ぜると糸を引く。,納豆,1,Natto,,,
なっとく,納得,納得は、説明などを聞いて、そうだと受け入れること。,ひらめき,1,Consent,assets/shiritori/nattoku.png,asset,AI生成イラスト
なっとれい,ナットレイ,鉄のツタを持つ草ポケモン,ナットレイ ポケモン,3,Ferrothorn,,,
なつ,夏,夏は、一年のうちで気温が高い季節。日本ではひまわりが咲き、セミが鳴くころでもある。,夏空,1,Summer,,,
なつうみまなつ,夏海まなつ,「トロピカル〜ジュ! プリキュア」の主人公。キュアサマーに変身する。南乃島から引っ越してきた中学1年生。「今、一番大事なこと」を追求する超ポジティブリーダー。,夏海まなつ アニメ,3,,,,
なつかしい,懐かしい,懐かしいは、昔のことを思い出して、なじみ深く感じる様子。,アルバム,1,Nostalgic,assets/shiritori/natsukashii.png,asset,AI生成イラスト
なつきりん,夏木りん,「Yes! プリキュア5」の登場人物。キュアルージュに変身する。サンクルミエール学園に通う運動神経抜群な少女。サッカー部所属で、しっかり者のお姉さん的存在。,夏木りん アニメ,3,,,,
なつめそうせき,夏目漱石,夏目漱石は、明治から大正時代に活躍した小説家。『吾輩は猫である』などを書いた。,夏目漱石 肖像,2,Natsume Soseki,,,
なつやすみ,夏休み,夏休みは、夏に学校が休みになる期間。学校や地域によって長さはちがう。,虫取り,1,Summer vacation,,,
なな,七,七は、六の次の数。,数字 7,1,Seven,,,
ななかまど,ナナカマド,ナナカマドは、赤い実をつける木。,ナナカマド,2,Rowan,,,
ななめ,斜め,斜めは、縦や横にまっすぐではなく、かたむいている向き。,滑り台,1,Slanted,assets/shiritori/complete-4144.png,asset,アプリ作成図
なに,何,何は、物や事が分からないときにたずねる言葉。,質問,1,What,assets/shiritori/complete-4145.png,asset,AI生成イラスト
なにわ,浪速,浪速（なにわ）は、大阪周辺の古い呼び名。,大阪城,2,Naniwa,,,
なのか,七日,七日は、月の七番目の日。また、「なのか」と読み、七日間を指すこともある。,カレンダー,1,Seventh day,assets/shiritori/complete-4147.png,asset,AI生成イラスト
なのはな,菜の花,菜の花は、アブラナなどに咲く、黄色い花。春に多く見られる。,菜の花,1,Rape blossom,,,
なのらみねーとあーまー,ナノラミネートアーマー,アニメ「機動戦士ガンダム 鉄血のオルフェンズ」の用語。MSの装甲に施された、ビーム兵器を完全に減衰させる特殊塗料装甲。,ナノラミネートアーマー,3,,,,
なふきん,ナフキン,ナフキンは、食事のときにひざに置いたり、口をふいたりする布や紙。,ナフキン,1,Napkin,,,
なふだ,名札,名札は、名前を書いて、服や持ち物につける札。,名札,1,Name tag,,,
なべ,鍋,鍋は、食べ物を煮たりゆでたりする調理器具。金属や陶器など、いろいろな材料で作られる。,鍋,1,,,,
なま,生,生は、食べ物などに火を通していない状態。,お刺身,1,Raw,assets/shiritori/complete-4153.png,asset,AI生成イラスト
なまえ,名前,名前は、人や物を呼び分けるためにつけた言葉。,ノート,1,Name,,,
なまける,怠ける,怠けるは、やるべきことをしないで、楽なほうを選ぶこと。,怠ける,1,Idle,assets/shiritori/aw-nonki.png,asset,AI生成イラスト
なまけろ,ナマケロ,一日中寝ているポケモン,ナマケロ ポケモン,3,Slakoth,,,
なまこ,ナマコ,ナマコは、海にすむ、細長くてやわらかい体をした動物。,ナマコ,2,Sea cucumber,,,
なまこぶし,ナマコブシ,内臓を触手にして出すポケモン,ナマコブシ ポケモン,3,Pyukumuku,,,
なまず,ナマズ,ナマズは、川や湖にすむ魚で、口のまわりにひげのようなものがある。,ナマズ,1,,,,
なまずん,ナマズン,地震を操るといわれるポケモン,ナマズン ポケモン,3,Whiscash,,,
なみ,波,波は、風や海底の動きなどで、水面が上下に動くこと。海岸に打ち寄せる波もある。,海の波,1,Wave,,,
なみだ,涙,涙は、目から出る液体。悲しいときだけでなく、笑ったり、あくびをしたりしたときにも出る。,涙,1,Tears,,,
なみびア,ナミビア,ナミビアは、アフリカ南西部にある国。ナミブ砂漠の一部が広がっている。,ナミビア 国旗,3,Namibia,,,
なめくじ,ナメクジ,ナメクジは、殻のない、やわらかい体をした陸にすむ貝の仲間。,ナメクジ,1,Slug,,,
なめらか,滑らか,滑らかは、表面にでこぼこが少なく、なめらかなさま。,氷,1,Smooth,assets/shiritori/complete-4165.png,asset,AI生成イラスト
なら,奈良県,奈良県は、日本の近畿地方にある県。奈良公園のシカや、古い寺社で知られる。,奈良県,1,Nara,,,
ならう,習う,習うは、人から教わって、知識や技術を身につけること。,習い事,1,Learn,assets/shiritori/oshieru.png,asset,AI生成イラスト
ならじだい,奈良時代,奈良時代は、奈良に都が置かれた日本の時代。,平城京 遺跡,2,Nara period,,,
ならてぃぶがんだむ,ナラティブガンダム,機動戦士ガンダムNTの主役機。装備を換装して運用される。,ナラティブガンダム,3,NarrativeGundam,,,
ならぶ,並ぶ,並ぶは、人や物が列を作ること。,一列に並ぶ,1,Line up,assets/shiritori/narabu.png,asset,AI生成イラスト
ならべる,並べる,並べるは、人や物を順番に置くこと。,並べる,1,Arrange,assets/shiritori/complete-4171.png,asset,AI生成イラスト
なると,ナルト,ナルトは、ラーメンなどに入れる、渦巻き模様のかまぼこ。,ラーメン,1,Naruto,,,
なるほど,なるほど,なるほどは、相手の説明を聞いて、よく分かったと納得したときに言う言葉。,ひらめき,1,I see,assets/shiritori/nattoku.png,asset,AI生成イラスト
なれそめ,馴れ初め,馴れ初めは、人と人が知り合い、親しくなるまでのいきさつ。,結婚式,2,Love story,assets/shiritori/complete-4174.png,asset,AI生成イラスト
なれる,慣れる,慣れるは、何度も経験して、初めてのことが平気になること。,自転車の練習,1,Get used to,assets/shiritori/complete-1910.png,asset,AI生成イラスト
なわ,縄,縄は、糸や繊維などをより合わせて作った、細長いひも。,縄,1,Rope,,,
なわとび,縄跳び,縄跳びは、回した縄を跳びこえる遊びや運動。,縄跳び,1,Jump rope,assets/shiritori/complete-4177.png,asset,AI生成イラスト
なん,何,「何」は、物事や数などが分からないときにたずねる言葉。,質問,1,How many,assets/shiritori/complete-4178.png,asset,AI生成イラスト
なんきょく,南極,南極は、地球の南の端にある地域と、その周りの大陸。とても寒く、ペンギンなどがすむ。,南極 ペンギン,1,South Pole,,,
なんきん,ナンキン,ナンキンは、カボチャの別名。,カボチャ,1,,,,
なんでも,何でも,何でもは、どれを選んでもよいことを表す言葉。,笑顔,1,Anything,assets/shiritori/complete-4181.png,asset,AI生成イラスト
なんとろくせい,南斗六星,南斗六星は、いて座の一部にある星の並び。,南斗六星,2,Southern Dipper,,,
なんばー,ナンバー,ナンバーは、番号や数字のこと。自動車の登録番号を示す標識も「ナンバー」と呼ぶ。,ナンバープレート,1,Number,,,
なんぷう,南風,南風は、南から吹いてくる風。,南国,2,South wind,,,
なんぼく,南北,南北は、南と北。また、南から北へ向かう方向。,方位磁針,2,North and south,,,
に,二,二は、一の次の数。,数字 2,1,Two,,,
にあう,似合う,似合うは、服や持ち物などが、その人によく調和して見えること。,笑顔の子ども,1,Suit,assets/shiritori/complete-4187.png,asset,AI生成イラスト
にいがた,新潟県,新潟県は、日本海に面した中部地方の県。米の産地として知られる。,新潟県,1,Niigata,,,
におい,匂い,匂いは、鼻で感じるもの。よい匂いにも、いやな匂いにも使う。,花の匂い,1,Smell,assets/shiritori/keno.png,asset,AI生成イラスト
にかい,二階,二階は、建物の下の階から階段などで上がった階。,階段,1,Second floor,,,
にからぐあ,ニカラグア,ニカラグアは、中央アメリカにある国。,ニカラグア 国旗,3,Nicaragua,,,
にがい,苦い,苦いは、コーヒーやゴーヤのような味。,薬,1,Bitter,assets/shiritori/complete-4192.png,asset,AI生成イラスト
にがうり,苦瓜,苦瓜は、表面にでこぼこがある、苦みの強い野菜。ゴーヤとも呼ぶ。,ゴーヤ,1,Bitter melon,,,
にがつ,二月,二月は、一年の二番目の月。,カレンダー,1,February,,,
にがて,苦手,苦手は、うまくできない、または好きではないこと。,困る,1,Weak at,assets/shiritori/komaru.png,asset,AI生成イラスト
にぎやか,賑やか,賑やかは、人や音が多く、活気がある様子。,お祭り,1,Lively,assets/shiritori/nigiyaka.png,asset,AI生成イラスト
にぎりずし,握り寿司,握り寿司は、すし飯を小さく握り、その上に魚などの具をのせたすし。,寿司,1,Sushi,,,
にぎる,握る,握るは、手のひらや指でしっかり持つこと。手で物をぎゅっと押さえることもいう。,手をつなぐ,1,Grip,assets/shiritori/pv-grip.png,asset,AI生成イラスト
にく,肉,肉は、動物の体を作る部分で、食べ物として使うもの。,お肉,1,Meat,,,
にさんかたんそ,二酸化炭素,二酸化炭素は、物が燃えるときや人が呼吸するときに出る気体。石灰水を白く濁らせる。,二酸化炭素 気体,2,Carbon dioxide,,,
にさんかたんそようけんちかん,二酸化炭素用(気体)検知管,二酸化炭素用検知管は、空気に含まれる二酸化炭素の量を調べる道具。,二酸化炭素検知管,2,CO2 detector tube,,,
にし,西,西は、東の反対の方角。太陽が沈む方角として表される。,夕日,1,West,,,
にしきごい,錦鯉,錦鯉は、色や模様を楽しむために飼われるコイ。,錦鯉,1,,,,
にしく,西区,西区は、いくつかの市などにある区の名前。どの市の区かは、名前だけでは特定できない。,地図,2,West ward,,,
にじ,虹,虹は、雨のあとなどに空に見える、色の帯。日本では七色と表すことが多い。,虹,1,Rainbow,assets/shiritori/rainbow.png,asset,AI生成イラスト
にじぇーる,ニジェール,ニジェールは、西アフリカにある内陸国。,ニジェール 国旗,3,Niger,,,
にじがおかましろ,虹ヶ丘ましろ,「ひろがるスカイ! プリキュア」の登場人物。キュアプリズムに変身する。ソラを受け入れた最初の友人。他者への深い共感能力と、優しい精神を持つ少女。,虹ヶ丘ましろ アニメ,3,,,,
にじゅう,二十,二十は、十が二つ分の数。,数字 20,1,Twenty,,,
にす,ニス,ニスは、木などの表面に塗って、保護したりつやを出したりする塗料。,工作,2,Varnish,,,
にせもの,偽物,偽物は、本物に似せて作られたものや、本物ではないもの。,虫眼鏡,1,Fake,assets/shiritori/complete-4210.png,asset,AI生成イラスト
にそう,二層,二層は、二つの層が重なっていること。,プリン,2,Two layers,assets/shiritori/complete-4211.png,asset,アプリ作成図
にだんぎる,ニダンギル,二刀流の剣ポケモン,ニダンギル ポケモン,3,Doublade,,,
にちじ,日時,日時は、日付と時刻。,時計とカレンダー,2,Date and time,,,
にちようび,日曜日,日曜日は、一週間の曜日の一つ。日本では多くの学校が休みの日。,カレンダー,1,Sunday,,,
にっか,日課,日課は、毎日、または決まった日にくり返し行うこと。,歯磨き,2,Daily routine,assets/shiritori/complete-4215.png,asset,AI生成イラスト
にっき,日記,日記は、その日の出来事や考えを書き記したもの。,日記帳,1,Diary,,,
にっこり,にっこり,にっこりは、うれしそうにほほえむようす。,笑顔の子ども,1,Smile,assets/shiritori/nikkori.png,asset,AI生成イラスト
にっしょう,日照,日照は、太陽の光が地面などに当たること。また、その時間や量。,お日様,3,Sunshine,assets/shiritori/complete-4218.png,asset,AI生成イラスト
にっしん,日進,日進は、日ごとに進歩すること。,ロケット,3,,assets/shiritori/complete-4219.png,asset,AI生成イラスト
にづくリ,荷造り,荷造りは、運んだり送ったりするために、荷物をまとめて包むこと。,リュックサック,1,Packing,assets/shiritori/complete-4220.png,asset,AI生成イラスト
にどきんぐ,ニドキング,怪力で相手を倒す姿,ニドキング,3,Nidoking,,,
にどくいん,ニドクイン,高い防御力を持つ重戦車のような姿,ニドクイン,3,Nidoqueen,,,
にどらんおす,ニドラン♂,大きな耳で音を聞き分けるポケモン,ニドラン♂,3,Nidoran♂,,,
にどらんめす,ニドラン♀,角から毒を出すおすめすの片割れ,ニドラン♀,3,Nidoran♀,,,
にどりーな,ニドリーナ,成長して毒の棘が発達した姿,ニドリーナ,3,Nidorina,,,
にどりーの,ニドリーノ,気性が荒く、角を突き出す姿,ニドリーノ,3,Nidorino,,,
になう,担う,担うは、役目や責任を引き受けて果たすこと。,お神輿,2,Bear,assets/shiritori/ss-leader.png,asset,AI生成イラスト
ににぎのみこと,瓊瓊杵尊,天界から地上におりてきた、天照大御神の孫。,瓊瓊杵尊,2,Ninigi,,,
にのうで,二の腕,二の腕は、肩からひじまでの腕の部分。,腕,1,Upper arm,,,
にはい,二杯,二杯は、「杯」で数えるものが二つあること。,コップ,1,Two cups,assets/shiritori/complete-4230.png,asset,アプリ作成図
にばい,二倍,二倍は、もとの量を二つ分にした大きさ。,お菓子,1,Double,,,
にびいろ,鈍色,鈍色は、にぶい灰色。,曇り空,2,Dark gray,,,
にぶい,鈍い,鈍いは、刃物の切れ味が悪い、動きが遅い、感じ方が弱いなどのようす。,ハサミ,2,Dull,assets/shiritori/complete-4233.png,asset,AI生成イラスト
にほん,日本,日本は、東アジアの島国。,日本地図,1,Japan,,,
にほんこくけんぽう,日本国憲法,日本国憲法は、日本の国の基本となる法律。国民主権、基本的人権の尊重、平和主義を柱とする。,日本国憲法 憲法,2,Constitution of Japan,,,
にまめ,煮豆,煮豆は、豆を煮て作った料理。,煮豆,1,Boiled beans,,,
にもつ,荷物,荷物は、運んだり持ち歩いたりする品物。,段ボール箱,1,Baggage,,,
にゃいきんぐ,ニャイキング,鋼の体を持つ猫ポケモン,ニャイキング ポケモン,3,Perrserker,,,
にゃおにくす,ニャオニクス,男女で姿が違う猫ポケモン,ニャオニクス ポケモン,3,Meowstic,,,
にゃおは,ニャオハ,気まぐれな猫の草ポケモン,ニャオハ ポケモン,3,Sprigatito,,,
にゃすぱー,ニャスパー,サイコパワーを隠す猫ポケモン,ニャスパー ポケモン,3,Espurr,,,
にゃひーと,ニャヒート,熱い首輪を持つ猫ポケモン,ニャヒート ポケモン,3,Torracat,,,
にゃびー,ニャビー,火を吐く猫ポケモン,ニャビー ポケモン,3,Litten,,,
にゃるまー,ニャルマー,気まぐれな猫ポケモン,ニャルマー ポケモン,3,Glameow,,,
にゃろーて,ニャローテ,手品が得意な草ポケモン,ニャローテ ポケモン,3,Floragato,,,
にゃーす,ニャース,小判が額についている猫ポケモン,ニャース,3,Meowth,,,
にゃーすあろーらのすがた,ニャース(アローラのすがた),気品のある性格のアローラ姿,ニャース(アローラのすがた),3,Alolan Meowth,,,
にゃーすがらるすがた,ニャース(ガラル・すがた),体が黒いガラル地方の姿,ニャース(ガラル・すがた),3,Galarian Meowth,,,
にやにや,にやにや,にやにやは、声を出さずに、口元をゆるめて笑うようす。得意げなときや、何かをたくらんでいるときにも使う。,笑顔,1,Grinning,assets/shiritori/aw-niyaniya.png,asset,AI生成イラスト
にゅういん,入院,入院は、治療を受けるために、病院に入って過ごすこと。,病院,1,Hospitalization,assets/shiritori/complete-4250.png,asset,AI生成イラスト
にゅうがく,入学,入学は、学校に入って学び始めること。,入学式,1,School admission,assets/shiritori/complete-4251.png,asset,AI生成イラスト
にゅうどうぐも,入道雲,入道雲は、夏によく見られる、空高く大きく盛り上がった雲。,入道雲,1,Cumulonimbus cloud,,,
にゅうはくしょく,乳白色,乳白色は、牛乳のような白色。,牛乳,2,Milky white,assets/shiritori/complete-4253.png,asset,アプリ作成図
にゅうばち,乳ばち,乳鉢は、物をすりつぶしたり、混ぜたりするための器。,乳鉢,2,Mortar,,,
にゅうぼう,乳棒,乳棒は、乳鉢の中で物をすりつぶしたり、混ぜたりする棒。,乳棒,2,Pestle,,,
にゅうよく,入浴,入浴は、湯船に入って体を温めること。,お風呂,1,Bathing,assets/shiritori/complete-0087.png,asset,AI生成イラスト
にゅうよくざい,入浴剤,入浴剤は、風呂のお湯に入れて使う薬剤や粉末。香りや色がつくものもある。,入浴剤,1,Bath salt,,,
にゅうりょく,入力,入力は、文字や数字などの情報を、機械や装置に入れること。,パソコン,1,Input,assets/shiritori/complete-4258.png,asset,AI生成イラスト
にゅーがんだむ,νガンダム,アニメ「機動戦士ガンダム 逆襲のシャア」の用語。アムロが設計し、サイコフレームを搭載した専用MS。,νガンダム,3,Nu Gundam,,,
にゅーじーらんど,ニュージーランド,ニュージーランドは、南太平洋にある島国。羊の飼育やマオリ文化でも知られる。,ニュージーランド 国旗,2,New Zealand,,,
にゅーす,ニュース,ニュースは、新しく起きた出来事や情報を伝えるもの。テレビ、新聞、インターネットなどで伝えられる。,ニュース,1,News,,,
にゅーたいぷ,ニュータイプ,アニメ「機動戦士ガンダム」の用語。宇宙に適応し、高い認識能力や感応能力を得た新人類のこと。,ニュータイプ ガンダム,3,,,,
にゅーよーく,ニューヨーク,ニューヨークは、アメリカ合衆国にある大都市。,ニューヨーク,1,New York,,,
にゅーら,ニューラ,鋭い爪を持つポケモン,ニューラ,3,Sneasel,,,
にゅーらひすいのすがた,ニューラ(ヒスイのすがた),毒を持つヒスイの姿,ニューラ(ヒスイのすがた),3,Hisuian Sneasel,,,
にょろぞ,ニョロゾ,水辺を歩く姿,ニョロゾ,3,Poliwhirl,,,
にょろとの,ニョロトノ,王者の風格を持つニョロトノ,ニョロトノ,3,Politoed,,,
にょろぼん,ニョロボン,強力な筋肉を持つ姿,ニョロボン,3,Poliwrath,,,
にょろも,ニョロモ,お腹の渦巻きが特徴的なポケモン,ニョロモ,3,Poliwag,,,
にら,ニラ,ニラは、細長い葉を食べる野菜。独特の香りがあり、料理に使う。,ニラ,1,Chive,,,
にわ,庭,庭は、家の敷地内にある、建物の外の場所。花を育てたり遊んだりすることもある。,お庭,1,Garden,,,
にわかあめ,にわか雨,にわか雨は、急に降り始め、しばらくするとやむ雨。,にわか雨,1,Rain shower,,,
にわとり,ニワトリ,ニワトリは、卵や肉をとるために飼われる鳥。雄は「コケコッコー」と鳴く。,ニワトリ,1,Chicken,,,
にんい,任意,任意は、するかどうかや、どれにするかを自分で選べること。,選ぶ,2,Optional,assets/shiritori/complete-4274.png,asset,AI生成イラスト
にんき,人気,人気は、多くの人に好かれたり、注目されたりしていること。,人気者,1,Popular,assets/shiritori/complete-4275.png,asset,AI生成イラスト
にんぎょ,人魚,人魚は、物語や伝説に登場する、人と魚の両方の特徴をもつ生きもの。,人魚,1,Mermaid,,,
にんぎょう,人形,人形は、人や動物などの姿に作ったもの。遊びや飾りに使う。,お人形,1,Doll,,,
にんじん,ニンジン,ニンジンは、根を食べる野菜。オレンジ色のものがよく知られる。,ニンジン,1,Carrot,,,
にんたい,忍耐,忍耐は、つらいことや苦しいことをがまんして、続けること。,がんばる,2,Endurance,assets/shiritori/nintai.png,asset,AI生成イラスト
にんち,認知,認知は、物事を見たり聞いたりして、それが何かを知ること。,ひらめき,2,Cognition,assets/shiritori/kioku.png,asset,AI生成イラスト
にんにく,ニンニク,ニンニクは、強い香りのある野菜。料理の香りづけや味つけに使う。,ニンニク,1,Garlic,,,
にんふぃあ,ニンフィア,リボンを操る妖精ポケモン,ニンフィア ポケモン,3,Sylveon,,,
にんぷ,妊婦,妊婦は、妊娠している人。,妊婦,2,Pregnant woman,,,
にんむ,任務,任務は、役目として任された仕事。,お仕事,2,Mission,assets/shiritori/ss-leader.png,asset,AI生成イラスト
にんめい,任命,任命は、人に役目や地位を与えて、その役につけること。,表彰,2,Appointment,assets/shiritori/complete-4285.png,asset,AI生成イラスト
にんよう,任用,任用は、人をある役目や職に就かせること。,握手,3,,assets/shiritori/complete-4286.png,asset,AI生成イラスト
ぬいぐるみ,ぬいぐるみ,ぬいぐるみは、布などで作り、中に綿などを詰めた人形。,ぬいぐるみ,1,Stuffed animal,assets/shiritori/plushie.png,asset,AI生成イラスト
ぬいこぐま,ヌイコグマ,抱きつくと危険なぬいぐるみポケモン,ヌイコグマ ポケモン,3,Stufful,,,
ぬいとり,縫い取り,縫い取りは、布に模様などを縫い込むこと。,刺繍,2,Embroidery,assets/shiritori/complete-3652.png,asset,AI生成イラスト
ぬいめ,縫い目,縫い目は、布などを縫い合わせたところにできる線。,裁縫,1,Seam,,,
ぬう,縫う,縫うは、針と糸を使って布などをつなぎ合わせること。,裁縫,1,Sew,assets/shiritori/button-repair.png,asset,AI生成イラスト
ぬおー,ヌオー,のんびりした水ポケモン,ヌオー,3,Quagsire,,,
ぬか,糠,糠は、玄米を精米するときに取り除かれる、外側の粉。ぬか漬けなどに使う。,米ぬか,2,Rice bran,,,
ぬかづけ,ぬか漬け,ぬか漬けは、野菜を米ぬかに漬けて作る漬物。,ぬか漬け,1,Rice bran pickles,,,
ぬかるみ,ぬかるみ,ぬかるみは、雨などで地面がぬかって、歩きにくくなった場所。,泥道,2,,,,
ぬきうち,抜き打ち,抜き打ちは、前もって知らせずに行うこと。抜き打ちのテストなどという。,テスト,2,Surprise,assets/shiritori/complete-4296.png,asset,AI生成イラスト
ぬきとる,抜き取る,抜き取るは、いくつかある中から一つを引き抜いて取り出すこと。,カード,1,Extract,assets/shiritori/complete-4297.png,asset,AI生成イラスト
ぬぐ,脱ぐ,脱ぐは、着ている服や履いている物を体から取り外すこと。,服を脱ぐ,1,Take off,assets/shiritori/complete-4298.png,asset,AI生成イラスト
ぬぐう,拭う,拭うは、布などでこすったり押さえたりして、汗や汚れなどを取り去ること。,汗を拭く,2,Wipe,assets/shiritori/complete-4299.png,asset,AI生成イラスト
ぬけあな,抜け穴,抜け穴は、外へ抜け出すために作られた隠れた通路。また、規則のすき間を指すこともある。,秘密のトンネル,2,Loophole,,,
ぬけがけ,抜け駆け,抜け駆けは、仲間に知らせずに先に行動し、自分だけ利益を得ようとすること。,かけっこ,2,Stealing a march,assets/shiritori/complete-4301.png,asset,AI生成イラスト
ぬけがら,抜け殻,抜け殻は、昆虫などが脱皮したあとに残る、古い皮。,セミの抜け殻,1,Cast-off skin,,,
ぬけにん,ヌケニン,抜け殻から生まれた不思議なポケモン,ヌケニン ポケモン,3,Shedinja,,,
ぬけみち,抜け道,抜け道は、混雑した道などを避けて通る別の道。また、逃げ道の意味もある。,近道,2,Bypass,,,
ぬける,抜ける,抜けるは、はまっていた物が外れる、通り抜けるなどの意味。,歯が抜ける,1,Come out,assets/shiritori/complete-4305.png,asset,AI生成イラスト
ぬし,主,主は、その家や物を所有する人。また、集団の中心となる人や動物を指すこともある。,持ち主,2,Master,,,
ぬしさま,主様,主様は、主人やその土地の主を敬って呼ぶ言葉。,もののけ,2,Master,,,
ぬすみぎき,盗み聞き,盗み聞きは、相手に知られないように、話を聞くこと。,聞き耳,2,Eavesdropping,assets/shiritori/complete-4308.png,asset,AI生成イラスト
ぬすみみる,盗み見る,盗み見るは、相手に知られないように、こっそり見ること。,覗き見,2,Peek,assets/shiritori/complete-4309.png,asset,AI生成イラスト
ぬすむ,盗む,盗むは、他人の物を、持ち主に無断で自分のものにすること。,泥棒,1,Steal,assets/shiritori/complete-3090.png,asset,AI生成イラスト
ぬの,ぬの,布は、糸を織ったり編んだりして作る、平らで柔らかい材料。,布 素材,2,Cloth,,,
ぬま,沼,沼は、水がたまり、泥や水草が多い場所。,沼,1,Swamp,,,
ぬまくろー,ヌマクロー,泥の中を歩くポケモン,ヌマクロー ポケモン,3,Marshtomp,,,
ぬまち,沼辺,泥の深い沼のすぐまわりの、湿っていて草がたくさん生えているペタペタした地面のこと,沼地,2,Swamp shore,,,
ぬめいる,ヌメイル,粘液に覆われたポケモン,ヌメイル ポケモン,3,Sliggoo,,,
ぬめぬめ,ぬめぬめ,ぬめぬめは、表面がぬるぬるして滑りやすいようす。,ウナギ,1,Slimy,assets/shiritori/complete-4316.png,asset,AI生成イラスト
ぬめら,ヌメラ,最も弱いといわれるドラゴンポケモン,ヌメラ ポケモン,3,Goomy,,,
ぬめり,ヌメリ,さわると、つるつるしたり、ねばねばしたりするかんじ。,ヌメリ,2,Slime,assets/shiritori/complete-4316.png,asset,AI生成イラスト
ぬめり,ぬめり,ぬめりは、表面がぬるぬるする感じや、そこにある粘り気のあるもの。,オクラ,1,Sliminess,assets/shiritori/complete-4316.png,asset,AI生成イラスト
ぬめるごん,ヌメルゴン,強力な竜ポケモン,ヌメルゴン ポケモン,3,Goodra,,,
ぬらりひょん,ぬらりひょん,日本の昔話に出てくる、頭が後ろに長くて、夕方にお家へ勝手に入ってきてお茶を飲む不思議な妖怪,妖怪,2,Nurarihyon,,,
ぬりえ,塗り絵,塗り絵は、線で描かれた絵の中を、色鉛筆などで塗る遊び。,塗り絵,1,Coloring book,,,
ぬりぐすり,塗り薬,塗り薬は、皮膚などに塗って使う薬。,軟膏,1,Ointment,,,
ぬりたて,塗りたて,塗りたては、塗ったばかりの状態。,ペンキ,1,Freshly painted,assets/shiritori/complete-4324.png,asset,AI生成イラスト
ぬりもの,塗り物,塗り物は、漆などを塗って仕上げた器や道具。,お椀,2,Lacquerware,,,
ぬる,塗る,塗るは、液体や粉などを表面に広げてつけること。,ジャムを塗る,1,Paint,assets/shiritori/complete-4326.png,asset,AI生成イラスト
ぬるい,温い,温いは、熱くも冷たくもなく、ほどよい温度。,コップ,1,Lukewarm,assets/shiritori/complete-4327.png,asset,AI生成イラスト
ぬるぬる,ぬるぬる,ぬるぬるは、水分や粘り気があって滑りやすいようす。,石鹸,1,Slimy,assets/shiritori/complete-4316.png,asset,AI生成イラスト
ぬるまゆ,ぬるま湯,ぬるま湯は、熱くも冷たくもない温度の湯。,お風呂,1,Lukewarm water,,,
ぬれぎぬ,濡れ衣,濡れ衣は、事実ではない罪を着せられること。,がっかり,2,False accusation,assets/shiritori/complete-4330.png,asset,AI生成イラスト
ぬれてにあわ,濡れ手に粟,濡れ手に粟は、苦労せずに多くの利益を得ることのたとえ。,濡れ手に粟,1,,assets/shiritori/complete-4331.png,asset,AI生成イラスト
ぬれる,濡れる,濡れるは、水や液体がついて、湿った状態になること。,雨に濡れる,1,Get wet,assets/shiritori/complete-2853.png,asset,AI生成イラスト
ぬんちゃく,ヌンチャク,ヌンチャクは、二本の棒をひもや鎖でつないだ武器。,武器,2,Nunchucks,,,
ね,根,根は、植物の地中などに伸びる部分。植物を支え、水や養分を吸収する。,植物の根,1,Root,,,
ねいてぃ,ネイティ,小さな鳥ポケモン,ネイティ,3,Natu,,,
ねいてぃお,ネイティオ,未来を見通すと言われるポケモン,ネイティオ,3,Xatu,,,
ねいびー,ネイビー,ネイビーは、濃い青色。紺色ともいう。,紺色,1,Navy blue,,,
ねいろ,音色,音色は、音の高さや大きさとは別の、その音らしい聞こえ方。,楽器,2,Tone color,assets/shiritori/neiro.png,asset,AI生成イラスト
ねおらんと,ネオラント,美しい尾びれを持つポケモン,ネオラント ポケモン,3,Lumineon,,,
ねがい,願い,願いは、こうなってほしいと思うこと。,お祈り,1,Wish,assets/shiritori/negai.png,asset,AI生成イラスト
ねがいごと,願い事,願い事は、こうなってほしいと望むこと。,七夕,1,Wish,assets/shiritori/negau.png,asset,AI生成イラスト
ねがう,願う,願うは、こうなってほしいと思うこと。相手に頼む意味でも使う。,お祈り,1,Wish,assets/shiritori/negau.png,asset,AI生成イラスト
ねがえり,寝返り,寝返りは、寝ている間に体の向きを変えること。,寝返り,1,Tossing and turning,assets/shiritori/complete-4343.png,asset,AI生成イラスト
ねがお,寝顔,寝顔は、眠っているときの顔。,寝顔,1,Sleeping face,assets/shiritori/negao.png,asset,AI生成イラスト
ねぎ,ネギ,ネギは、細長い葉や茎を食べる野菜。薬味や料理に使う。,ネギ,1,Green onion,,,
ねぎがないと,ネギガナイト,ネギを剣にする騎士ポケモン,ネギガナイト ポケモン,3,Sirfetch'd,,,
ねくたい,ネクタイ,ネクタイは、首に巻いて結ぶ細長い布。,ネクタイ,1,Necktie,,,
ねくろずま,ネクロズマ,光を奪う伝説ポケモン,ネクロズマ ポケモン,3,Necrozma,,,
ねぐせ,寝癖,寝癖は、寝ている間についた、まとまりにくい髪のくせ。,寝癖,1,Bedhead,,,
ねこ,猫,猫は、ネコ科の動物。人に飼われることも多い。,猫,1,,,,
ねこ,ネコ,ネコは、ネコ科の動物。人に飼われることも多い。,ネコ,1,Cat,,,
ねこぜ,猫背,猫背は、背中が丸く曲がった姿勢。,姿勢,2,Hunchback,,,
ねこやしきまゆ,猫屋敷まゆ,「わんだふるぷりきゅあ!」の登場人物。キュアリリアンに変身する。中学2年生。手芸に長け、繊細な手先と鋭い観察眼を持つ、少し引っ込み思案な女の子。,猫屋敷まゆ アニメ,3,,,,
ねこやしきゆき,猫屋敷ユキ,「わんだふるぷりきゅあ!」の登場人物。キュアニャミーに変身する。まゆに飼われている白猫。人間を凌駕する高い自尊心と、飼い主を守る強い防衛本能を持つ。,猫屋敷ユキ アニメ,3,,,,
ねじ,ネジ,ネジは、ねじ山のある部品。回して物を固定したり、動かしたりする。,ネジ,1,Screw,,,
ねじりはちまき,ねじり鉢巻き,ねじり鉢巻きは、鉢巻きをねじって頭に結ぶこと。また、その鉢巻き。,運動会,2,Twisted headband,assets/shiritori/complete-4356.png,asset,AI生成イラスト
ねじる,ねじる,ねじるは、細長い物の両端を反対方向に回すこと。,絞る,1,Twist,assets/shiritori/complete-4357.png,asset,AI生成イラスト
ねすと,ネスト,ネストは、鳥などの巣、または入れ子状に重なるものを指す英語由来の言葉。,マトリョーシカ,2,Nest,,,
ねずみ,ネズミ,ネズミは、前歯が伸び続ける小型の哺乳類。,ネズミ,1,Mouse,,,
ねずみいろ,ねずみ色,ねずみ色は、灰色。,グレー,1,Gray,,,
ねだる,ねだる,ねだるは、欲しい物などを、しつこく頼むこと。,おねだり,1,Pester,assets/shiritori/nedaru.png,asset,AI生成イラスト
ねだん,値段,値段は、物を買うときに払う金額。,値札,1,Price,,,
ねちねち,ねちねち,ねちねちは、しつこく言ったり、いつまでも恨み言を言ったりするようす。,怒る,2,,assets/shiritori/nechinechi.png,asset,AI生成イラスト
ねっこ,根っこ,根っこは、植物の根。,植物の根,1,Root,assets/shiritori/nekko.png,asset,AI生成イラスト
ねっこあら,ネッコアラ,常に寝ているコアラポケモン,ネッコアラ ポケモン,3,Komala,,,
ねったいぎょ,熱帯魚,熱帯魚は、熱帯や亜熱帯にすむ魚。水槽で飼われる色鮮やかな魚も多い。,熱帯魚,1,Tropical fish,,,
ねっと,ネット,ネットは、糸やひもを編んだ網。また、インターネットの略。,網,1,Net,,,
ねっとう,熱湯,熱湯は、沸かして熱くした湯。,沸騰したお湯,1,Boiling water,,,
ねつ,熱,熱は、物を温めるはたらき。また、体温がふだんより高くなること。,体温計,1,Fever,assets/shiritori/complete-4369.png,asset,AI生成イラスト
ねつい,熱意,熱意は、物事に熱心に取り組もうとする強い気持ち。,ががんばる,2,Enthusiasm,assets/shiritori/netsui.png,asset,AI生成イラスト
ねづよい,根強い,根強いは、考えや人気などが、長い間しっかり残っているようす。,人気,2,Deep-rooted,assets/shiritori/complete-4371.png,asset,AI生成イラスト
ねどこ,寝床,寝床は、寝るための場所や寝具。,お布団,1,Bed,,,
ねばねば,ねばねば,ねばねばは、粘り気があって糸を引くような感じ。,納豆,1,Sticky,assets/shiritori/complete-4316.png,asset,AI生成イラスト
ねばる,粘る,粘るは、ねばりつくこと。また、あきらめずに続けること。,がんばる,2,Persist,assets/shiritori/konki.png,asset,AI生成イラスト
ねぱーる,ネパール,ネパールは、南アジアにある国。ヒマラヤ山脈の一部が広がる。,ネパール 国旗,2,Nepal,,,
ねふだ,値札,値札は、品物の値段を書いてつけた札。,値札,1,Price tag,,,
ねぷたまつり,ねぷたまつり,あおもりけんのまつり,ねぷたまつり,2,Nebuta Festival,,,
ねぼう,寝坊,寝坊は、起きる予定の時刻より遅く起きること。,大慌て,1,Oversleeping,assets/shiritori/chikoku.png,asset,AI生成イラスト
ねぼける,寝ぼける,寝ぼけるは、目が覚めたばかりで、頭がはっきりしないようす。,眠い,1,Be half asleep,assets/shiritori/complete-4379.png,asset,AI生成イラスト
ねまき,寝巻き,寝巻きは、寝るときに着る服。,パジャマ,1,Nightwear,assets/shiritori/nemaki.png,asset,AI生成イラスト
ねましゅ,ネマシュ,夜に光るきのこポケモン,ネマシュ ポケモン,3,Morelull,,,
ねむい,眠い,眠いは、眠りたいと感じるようす。,眠い子どもの顔,1,Sleepy,assets/shiritori/nemuke.png,asset,AI生成イラスト
ねむけ,眠気,眠気は、眠くなる感じ。,あくび,2,Sleepiness,assets/shiritori/nemuke.png,asset,AI生成イラスト
ねむりきょうしろう,眠狂四郎,柴田錬三郎の剣豪小説シリーズ、その主人公の剣客,眠狂四郎,1,,,,
ねむる,眠る,眠るは、目を閉じて休み、意識や体の活動が低くなること。,眠る子ども,1,Sleep,assets/shiritori/nemuru.png,asset,AI生成イラスト
ねもと,根本,根本は、物事のもとになる大切な部分や原因。また、木などの根元。,木の根元,1,Base,,,
ねる,寝る,寝るは、横になって休むこと。また、眠ること。,寝る,1,Sleep,assets/shiritori/nemuru.png,asset,AI生成イラスト
ねんしょう,燃焼,燃焼は、物質が酸素と反応して、熱や光を出すこと。,燃焼 現象,2,Combustion,assets/shiritori/complete-4388.png,asset,AI生成イラスト
ねんど,粘土,粘土は、水を含むとねばり、形を作りやすい土。,粘土,1,Clay,,,
ねんど,ねんど,粘土は、水を含むとねばり、形を作りやすい土。,粘土 素材,2,Clay,,,
ねんね,ねんね,ねんねは、赤ちゃん言葉で「寝る」こと。,赤ちゃん 眠る,1,Sleep,assets/shiritori/nenne.png,asset,AI生成イラスト
ねんねこ,ねんねこ,ねんねこは、赤ちゃんをおんぶするときに上から着る、昔の防寒着。,おんぶ,3,,,,
ねんりょう,燃料,燃料は、燃やして熱を得たり、動力にしたりするためのもの。,ガソリンスタンド,2,Fuel,,,
ねんれい,年齢,年齢は、生まれてからの年数。,誕生日,1,Age,assets/shiritori/complete-4097.png,asset,AI生成イラスト
の,野,野は、草が生えた広い野原。,原っぱ,1,Field,,,
のいず,ノイズ,ノイズは、必要な音や情報のじゃまになる音や信号。,砂嵐,2,Noise,,,
のう,脳,脳は、頭の中にあり、考えたり体の動きを調整したりする器官。,考える,1,Brain,assets/shiritori/nou.png,asset,AI生成イラスト
のうえん,農園,農園は、作物を育てる農地や施設。果樹園を指すこともある。,農園,1,Farm,,,
のうか,農家,農家は、農業を仕事にしている人。また、その家。,農家,1,Farmer,,,
のうぎょう,農業,農業は、作物を育てたり家畜を飼ったりする仕事。,畑,1,Agriculture,,,
のうしゅく,濃縮,濃縮は、液体などから水分や溶媒を取り除き、成分の割合を高くすること。,ジュース,2,Concentration,assets/shiritori/complete-4401.png,asset,AI生成イラスト
のうじょう,農場,農場は、作物を育てたり家畜を飼ったりする場所。,農場,1,Farm,,,
のうぜい,納税,納税は、税金を国や自治体に納めること。,お札,2,Tax payment,assets/shiritori/complete-2101.png,asset,AI生成イラスト
のうそん,農村,農村は、農業を中心に人々が暮らす村や地域。,日本の田舎,2,Farming village,,,
のうてんき,能天気,能天気は、先のことをあまり心配せず、のんきなようす。,笑顔,2,Carefree,assets/shiritori/aw-noutenki.png,asset,AI生成イラスト
のうひん,納品,納品は、注文された品物を相手に納めること。,段ボール箱,2,Delivery,assets/shiritori/todokeru.png,asset,AI生成イラスト
のうりょく,能力,能力は、物事をする力や、何かを成し遂げる力。,ガッツポーズ,2,Ability,assets/shiritori/complete-4407.png,asset,AI生成イラスト
のき,軒,軒は、建物の壁より外側に出ている屋根の部分。,雨宿り,2,Eaves,,,
のくたす,ノクタス,夜行性のサボテンポケモン,ノクタス ポケモン,3,Cacturne,,,
のぐちひでよ,野口英世,アフリカなどで黄熱病の研究に一生を捧げた世界的な細菌学者,野口英世 肖像,2,Hideyo Noguchi,,,
のこぎり,のこぎり,のこぎりは、刃のぎざぎざを動かして木などを切る道具。,のこぎり,1,Saw,,,
のこす,残す,残すは、使ったり食べたりしたあとに余らせること。また、あとにとどめておくこと。,お皿,1,Leave,assets/shiritori/nokosu.png,asset,AI生成イラスト
のこっち,ノコッチ,土の中を掘り進むポケモン,ノコッチ,3,Dunsparce,,,
のこり,残り,残りは、使ったり取り除いたりしたあとに、まだあるもの。,お菓子,1,Remainder,assets/shiritori/complete-4414.png,asset,AI生成イラスト
のこる,残る,残るは、なくならずにそのままあること。,ノート,1,Remain,assets/shiritori/complete-4415.png,asset,AI生成イラスト
のずぱす,ノズパス,常に北を向くコンパスポケモン,ノズパス ポケモン,3,Nosepass,,,
のぞく,除く,除くは、あるものを取り去ること。また、仲間に入れないこと。,選ぶ,2,Exclude,assets/shiritori/complete-4417.png,asset,AI生成イラスト
のぞく,覗く,覗くは、すき間などからこっそり見ること。,覗く,1,Peek,assets/shiritori/complete-4309.png,asset,AI生成イラスト
のぞみ,望み,望みは、こうなってほしいと思うことや、その気持ち。,お祈り,1,Hope,assets/shiritori/nozomi.png,asset,AI生成イラスト
のぞむ,望む,望むは、こうなってほしいと願うこと。また、ある状態を求めること。,お祈り,1,Desire,assets/shiritori/nozomu.png,asset,AI生成イラスト
のち,のち,のちは、今よりあと。,天気予報,1,After,,,
のっく,ノック,ノックは、合図をするために、ドアなどを軽くたたくこと。,ドア,1,Knock,assets/shiritori/nock.png,asset,AI生成イラスト
のっとる,乗っ取る,乗っ取るは、他人の組織や乗り物などを力ずくで奪い、自分の支配下に置くこと。,お城,2,Hijack,assets/shiritori/complete-4423.png,asset,AI生成イラスト
のど,喉,喉は、口の奥から食道や気管につながる部分。,首,1,Throat,,,
のどか,のどか,のどかは、静かで落ち着いているようす。,原っぱ,1,Tranquil,assets/shiritori/nodoka.png,asset,AI生成イラスト
ののくらげ,ノノクラゲ,クラゲの姿のキノコポケモン,ノノクラゲ ポケモン,3,Toedscool,,,
ののしる,罵る,罵るは、相手をひどい言葉でののしること。,怒る,2,Abuse,assets/shiritori/complete-1932.png,asset,AI生成イラスト
ののはな,野乃はな,「HUGっと! プリキュア」の主人公。キュアエールに変身する。中学2年生。「イケてる大人なお姉さん」を目指し、新しいことに全力で挑む優しく元気な少女。,野乃はな アニメ,3,,,,
のばす,伸ばす,伸ばすは、長さを長くすること。また、体などをまっすぐ広げること。,ストレッチ,1,Stretch,assets/shiritori/pv-stretch.png,asset,AI生成イラスト
のびのび,のびのび,のびのびは、窮屈さや心配がなく、ゆったりしているようす。,笑顔の子ども,1,Carefree,assets/shiritori/nobinobi.png,asset,AI生成イラスト
のびる,伸びる,伸びるは、長さや背丈が大きくなること。,身長計,1,Grow,assets/shiritori/complete-4431.png,asset,AI生成イラスト
のぼり,上り,上りは、高い方へ進むこと。また、鉄道などで東京方面へ向かう路線。,階段,1,Inbound,assets/shiritori/complete-4432.png,asset,AI生成イラスト
のぼる,登る,登るは、山や高い場所へ向かって進むこと。,登山,1,Climb,assets/shiritori/pv-climb.png,asset,AI生成イラスト
のぼる,上る,上るは、低い所から高い所へ移ること。太陽や煙などが高くなることにもいう。,日の出,1,Rise,assets/shiritori/pv-climb.png,asset,AI生成イラスト
のみ,のみ,のみは、「それだけ」「ほかはない」という意味を表す言葉。,数字 1,1,Only,,,
のみもの,飲み物,飲み物は、飲むための液体。水やお茶、ジュースなど。,ジュース,1,Drink,,,
のむ,飲む,飲むは、液体を口に入れて、のどを通して体に取り入れること。,水を飲む,1,Drink,assets/shiritori/complete-4437.png,asset,AI生成イラスト
のらいぬ,野良犬,野良犬は、飼い主や決まった住みかがなく、屋外で暮らしている犬。,野良犬,1,stray dog,,,
のり,海苔,海苔は、食用にする海藻。また、それを薄く広げて乾かした食品。,おにぎり,1,Seaweed,,,
のり,糊,糊は、紙などを貼り合わせるために使うもの。,糊,1,Glue,,,
のりかえ,乗り換え,乗り換えは、乗っていた乗り物から別の乗り物に移ること。,駅のホーム,1,Transfer,assets/shiritori/complete-4441.png,asset,AI生成イラスト
のりもの,乗り物,乗り物は、人や物を乗せて運ぶもの。,乗り物,1,Vehicle,,,
のる,乗る,乗るは、乗り物などの上に身を置くこと。また、乗り物で移動すること。,自転車,1,Ride,assets/shiritori/complete-4441.png,asset,AI生成イラスト
のるうぇー,ノルウェー,ノルウェーは、北ヨーロッパにある国。フィヨルドで知られる。,ノルウェー 国旗,2,Norway,,,
のろい,呪い,呪いは、人に災いが起きるように願ったり、まじないをかけたりすること。,魔法使い,2,Curse,assets/shiritori/noroi.png,asset,AI生成イラスト
のろい,遅い,遅いは、進む速さが小さいこと。また、決まった時刻より後になること。,カメ,1,Slow,assets/shiritori/complete-4446.png,asset,AI生成イラスト
のんき,のんき,のんきは、細かいことを気にせず、ゆったりしているようす。,笑顔,1,Easygoing,assets/shiritori/aw-nonki.png,asset,AI生成イラスト
のーすりーぶ,ノースリーブ,ノースリーブは、袖のない服。,服,2,Sleeveless shirt,,,
のーと,ノート,ノートは、文字や絵を書き留めるための冊子。,ノート,1,Notebook,,,
のーべるしょう,ノーベル賞,ノーベル賞は、物理学・化学・医学などの分野で大きな功績をあげた人などに贈られる賞。,メダル,2,Nobel Prize,,,
のーまる,ノーマル,ノーマルは、特別ではなく、普通の状態。,普通,2,Normal,assets/shiritori/complete-4451.png,asset,AI生成イラスト
のーまるすーつ,ノーマルスーツ,アニメ「機動戦士ガンダム」の用語。宇宙空間や低圧環境下でパイロットが着用する、生命維持機能を備えた宇宙服。,ノーマルスーツ ガンダム,3,Normal Suit,,,
のーるっく,ノールック,ノールックは、見る方向を向かずにパスなどを出すこと。,バスケットボール,2,No-look pass,assets/shiritori/complete-4453.png,asset,AI生成イラスト
は,歯,歯は、食べ物をかみくだくために口の中にある、かたい部分。,歯,1,,,,
は,葉,葉は、植物の茎や枝につき、光を受ける部分。,葉,1,,,,
はい,灰,灰は、物が燃えたあとに残る粉。,灰,2,Ash,,,
はい,肺,肺は、呼吸をして空気中の酸素を体に取り入れる器官。,肺,2,Lung,,,
はいえきたんく,はい液タンク,廃液タンクは、使い終わった液体をためておく容器。,廃液タンク,2,Waste tank,,,
はいく,俳句,俳句は、五・七・五の音を基本とする日本の短い詩。,俳句,2,Haiku,,,
はいざら,灰皿,灰皿は、たばこの灰や吸い殻を入れる容器。,灰皿,2,Ashtray,,,
はいしゃ,歯医者,歯医者は、歯を診たり治療したりする医師。,歯科医師,1,Dentist,,,
はいしゃ,敗者,敗者は、勝負や競争に負けた人。,敗者 スポーツ,2,Defeat,,,
はいすいこう,排水口,排水口は、使った水などを流すための出口。,排水口,2,Drain,,,
はいすいぱいぷ,排水パイプ,排水パイプは、水を流して外へ出すための管。,排水管,2,Drain pipe,,,
はいち,ハイチ,ハイチは、カリブ海のイスパニョーラ島西部にある国。,ハイチ 国旗,3,Haiti,,,
はいばん,廃盤,廃盤は、商品や作品の製造・販売をやめること。また、その商品など。,レコード,3,Record,assets/shiritori/complete-4466.png,asset,AI生成イラスト
はいれつ,配列,配列は、物やデータを決まった順序に並べること。また、その並び。,配列 数学,2,Array,assets/shiritori/narabu.png,asset,AI生成イラスト
はえ,ハエ,ハエは、飛ぶための羽を持つ昆虫。,ハエ 昆虫,1,Fly insect,,,
はえたたき,ハエたたき,ハエたたきは、ハエなどの虫をたたいて退治する道具。,ハエたたき,2,Flyswatter,,,
はか,墓,墓は、亡くなった人の遺骨などを納めて、供養する場所。,墓,2,Grave,,,
はかせ,博士,博士は、大学院で研究して授与される学位。また、その学位を持つ人。物知りな人にも使う。,博士 学位,2,Doctorate,,,
はかどっぐ,ハカドッグ,墓の守り神の犬ポケモン,ハカドッグ ポケモン,3,Houndstone,,,
はかま,袴,袴は、着物の上からはく、ゆったりした伝統的な衣服。,袴,1,,,,
はかり,はかり,はかりは、物の重さなどを測る道具。,はかり 道具,2,Scale,,,
はかりかた,はかりかた,はかり方は、量や大きさなどを測る手順や方法。,測定 方法,2,Measurement,assets/shiritori/aw-genmitsu.png,asset,AI生成イラスト
はかりとりかた,はかりとりかた,はかり取り方は、必要な量を測って取り分ける方法。,計量 方法,2,Measurement,assets/shiritori/complete-4476.png,asset,AI生成イラスト
はかるもの,はかるもの,はかるものは、重さや温度などを測る道具。,計量器 道具,2,Measuring instrument,assets/shiritori/complete-4477.png,asset,AI生成イラスト
はがき,はがき,はがきは、短い通信を書いて送るための郵便物。,葉書,1,Postcard,,,
はがた,歯形,歯形は、かんだときなどに残る歯の形の跡。,歯型,2,Dental impression,,,
はがね,鋼,鋼は、鉄に炭素などを加えて作る合金。,鋼,2,Steel,,,
はがねーる,ハガネール,巨大な鋼の体を持つヘビポケモン,ハガネール,3,Steelix,,,
はきもの,履物,履物は、靴やぞうりなど、足にはくもの。,履物,1,Footwear,,,
はぎぎしり,ハギギシリ,歯ぎしりをする魚ポケモン,ハギギシリ ポケモン,3,Bruxish,,,
はくさい,ハクサイ,ハクサイは、葉が重なって球状になる野菜。鍋料理などに使う。,ハクサイ,1,,,,
はくし,白紙,白紙は、まだ何も書かれていない紙。,白紙,1,Blank paper,,,
はくしゅ,拍手,拍手は、両手を打ち合わせて音を出すこと。ほめたり喜んだりするときにする。,拍手,1,Applause,assets/shiritori/hakushu.png,asset,AI生成イラスト
はくしょくせろふぁん,白色セロファン,白っぽく光を遮る性質があるセロファン紙,セロファン 白色,2,White cellophane,assets/shiritori/complete-4487.png,asset,AI生成イラスト
はくじょう,白状,白状は、隠していたことや自分のしたことを正直に話すこと。,告白,2,Confession,assets/shiritori/complete-4488.png,asset,AI生成イラスト
はくちょう,白鳥,白鳥は、首が長く、全身が白い水鳥。冬に日本へ渡ってくるものもいる。,白鳥,1,,,,
はくぶつかん,博物館,博物館は、歴史や自然などの資料を集めて、保管・展示する施設。,博物館,1,Museum,,,
はくりゅー,ハクリュー,神々しい姿のドラゴンポケモン,ハクリュー,3,Dragonair,,,
はぐるま,歯車,歯車は、縁の歯をかみ合わせて、回転や動きを伝える車輪。,歯車,2,Gear,,,
はけ,刷毛,刷毛は、絵の具やのりなどを塗る道具。,刷毛,1,Brush,,,
はげみ,励み,励みは、がんばろうという気持ちを起こさせるもの。,励まし,2,Encouragement,assets/shiritori/complete-4494.png,asset,AI生成イラスト
はこ,箱,箱は、物を入れるための入れ物。,箱,1,,,,
はこにわ,箱庭,箱庭は、箱などの中に土や植物を置いて作る小さな庭。,箱庭,2,Miniature garden,,,
はこぶね,箱舟,箱舟は、旧約聖書の物語で、ノアが大洪水から生き物を救うために作った舟。,箱舟,2,Ark,,,
はごいた,羽子板,羽根つきで羽根を打つための板。,羽子板,1,Hagoita,,,
はごろもらら,羽衣ララ,「スター☆トゥインクルプリキュア」の登場人物。キュアミルキーに変身する。惑星サマーン出身の宇宙人であり、データ重視だが徐々に自立的な思考を学ぶ。,羽衣ララ アニメ,3,,,,
はさうぇいのあ,ハサウェイ・ノア,アニメ「機動戦士ガンダム 閃光のハサウェイ」の主人公。マフティーとして反地球連邦政府運動を率いる。,ハサウェイ・ノア,3,Hathaway Noa,,,
はさみ,鋏,鋏は、二枚の刃を交差させて、紙や布などを切る道具。,鋏 工具,1,,,,
はさみうち,挟み撃ち,挟み撃ちは、相手を両側から挟むようにして攻めること。,挟撃,3,Pincer movement,assets/shiritori/complete-4502.png,asset,AI生成イラスト
はし,箸,箸は、食べ物をはさんで口に運ぶ、二本一組の道具。,箸,1,,,,
はし,橋,橋は、川や谷などを越えて渡るためにかける構造物。,橋,1,,assets/shiritori/hashi.png,asset,AI生成イラスト
はしご,はしご,はしごは、高い所へ上がるために、段に足をかけて登る道具。,梯子,1,Ladder,,,
はしっこ,端っこ,端っこは、物や場所のいちばん外側の部分。,端,1,Edge,,,
はしばこ,箸箱,箸箱は、箸を入れて持ち運ぶための箱。,箸箱,1,Chopsticks case,,,
はしぶくろ,箸袋,箸袋は、箸を入れる細長い袋。,箸袋,1,Chopsticks sleeve,,,
はしゅまる,ハシュマル,アニメ「機動戦士ガンダム 鉄血のオルフェンズ」の用語。かつて人類を大量殺戮し、現代に目覚めた自律型の無人兵器MA。,ハシュマル ガンダム,3,Hashmal,,,
はしら,柱,柱は、建物などを支えるために立てる材木や金属などの部材。,柱 建築,1,Column,,,
はす,ハス,ハスは、池などに生え、丸い葉や花をつける水生植物。,ハス 植物,2,Nelumbo nucifera,,,
はすぶれろ,ハスブレロ,踊るのが大好きな水ポケモン,ハスブレロ ポケモン,3,Lombre,,,
はすぼー,ハスボー,葉っぱを被った水ポケモン,ハスボー ポケモン,3,Lotad,,,
はた,旗,旗は、目印や合図として掲げる布など。,旗,1,Flag,,,
はたおり,機織り,機織りは、縦糸と横糸を組み合わせて布を作ること。,機織り,2,Weaving,assets/shiritori/complete-0996.png,asset,AI生成イラスト
はたけ,畑,畑は、野菜や穀物などを育てる土地。,畑,1,Field agriculture,,,
はたらき,働き,働きは、人や物がする役目や作用。,働き 役割,2,Function,assets/shiritori/complete-0851.png,asset,AI生成イラスト
はち,ハチ,ハチは、ハチ目の昆虫。花の蜜を集めるものや、針を持つものがいる。,ハチ 昆虫,1,,,,
はち,鉢,鉢は、植物を育てたり、料理を盛ったりするための、口が広い入れ物。,植木鉢,1,Flowerpot,,,
はちうえ,鉢植え,鉢植えは、鉢に植物を植えて育てること。また、その植物。,鉢植え,1,Potted plant,assets/shiritori/complete-4520.png,asset,AI生成イラスト
はちまき,鉢巻き,鉢巻きは、頭に巻く細長い布。気持ちを引きしめたり、汗をぬぐったりするために使う。,鉢巻,1,Hachimaki,assets/shiritori/complete-4521.png,asset,AI生成イラスト
はちみつ,蜂蜜,蜂蜜は、ミツバチが花の蜜を集めて作る甘い食品。,蜂蜜,1,,,,
はちゅうるい,爬虫類,爬虫類は、ヘビやトカゲ、カメなどを含む動物のグループ。,爬虫類,2,Reptile,,,
はっか,ハッカ,ハッカは、さわやかな香りのある植物。ハッカ味の菓子もいう。,ハッカ,1,,,,
はっけん,発見,発見は、それまで知られていなかった物や事実を見つけること。,発見,1,Discovery,assets/shiritori/hakken.png,asset,AI生成イラスト
はっさむ,ハッサム,鋼のハサミを持つ虫ポケモン,ハッサム,3,Scizor,,,
はっぱ,葉っぱ,葉っぱは、草や木の茎や枝につく葉。,葉っぱ,1,,,,
はっぴ,法被,法被は、祭りなどで着る、丈の短い上着。,法被,1,Happi,,,
はっぴょう,発表,発表は、調べたことや考えたことを人に伝えること。,発表 学校,1,Presentation,assets/shiritori/ss-presentation.png,asset,AI生成イラスト
はっぽうすちろーる,発泡スチロール,発泡スチロールは、小さな泡を含ませて軽くしたポリスチレン。,発泡スチロール,2,Expanded polystyrene,,,
はっぽうぽりえちれん,発泡ポリエチレン,発泡ポリエチレンは、泡を含ませて軽くしたポリエチレン。,発泡ポリエチレン,2,Expanded polyethylene,,,
はっぽうぽりすちれん,はっぽうポリスチレン,発泡ポリスチレンは、泡を含ませて軽くしたポリスチレン。発泡スチロールとも呼ばれる。,発泡スチロール,2,Polystyrene foam,,,
はつかいちし,廿日市市,廿日市市は、広島県の市。世界遺産の厳島神社がある宮島を含む。,廿日市市,1,Hatsukaichi,,,
はつが,発芽,発芽は、種から芽が出ること。,発芽,2,Germination,assets/shiritori/complete-4534.png,asset,AI生成イラスト
はつこい,初恋,初恋は、初めて人を恋しいと思うこと。,初恋,2,First love,assets/shiritori/complete-4535.png,asset,AI生成イラスト
はつひので,初日の出,初日の出は、その年に初めて昇る太陽。,初日の出,1,First sunrise,,,
はつめい,発明,発明は、新しい道具や仕組みを考え出して作ること。また、そのもの。,発明,2,Invention,assets/shiritori/hatsumei.png,asset,AI生成イラスト
はづき,はづき,アニメ「おジャ魔女どれみ」の登場人物である「藤原はづき」のこと。どれみの幼馴染でおっとりしたお嬢様。,藤原はづき,3,Hazuki Fujiwara,,,
はと,ハト,ハトは、町や公園などでも見られる鳥。,ハト,1,Pigeon,,,
はとどけい,鳩時計,鳩時計は、決まった時刻に鳥の人形が出て鳴く時計。,鳩時計,1,Cuckoo clock,,,
はとやまいちろう,鳩山一郎,第52・53・54代内閣総理大臣。保守合同を実現して自由民主党を創設し、日ソ国交回復を果たした,鳩山一郎 肖像,3,IchiroHatoyama,,,
はとーぼー,ハトーボー,空を飛ぶ鳩ポケモン,ハトーボー ポケモン,3,Tranquill,,,
はどろさうるす,ハドロサウルス,ハドロサウルスは、アヒルのくちばしのような口を持つ草食恐竜。,ハドロサウルス,2,Hadrosaurus,,,
はな,花,花は、植物に咲く部分。種を作るはたらきをするものが多い。,花,1,,,,
はな,鼻,鼻は、顔の中央にあり、呼吸やにおいを感じるために使う部分。,鼻,1,,,,
はなうた,鼻歌,鼻歌は、口を閉じたり小さな声で歌ったりすること。,鼻歌,1,Humming,assets/shiritori/complete-4546.png,asset,AI生成イラスト
はなさきつぼみ,花咲つぼみ,「ハートキャッチプリキュア!」の主人公。キュアブロッサムに変身する。内気で人見知りだが強い芯を持つ、チェンジを目指すガーデニング好きの努力家。,花咲つぼみ アニメ,3,,,,
はなたば,花束,花束は、いくつかの花を束ねたもの。,花束,1,Bouquet,,,
はなちゃん,ハナちゃん,アニメ「おジャ魔女どれみ」の登場人物である赤ちゃん。どれみたちが育てることになる魔女界の次期女王。,ハナちゃん おジャ魔女,3,Hana Makihatayama,,,
はなぢ,鼻血,鼻血は、鼻の中から出る血。,鼻血,1,Nosebleed,,,
はなでらのどか,花寺のどか,「ヒーリングっど♥プリキュア」の主人公。キュアグレースに変身する。幼い頃に病弱だった過去を持ち、おっとりしているが誰よりも生命の尊さを理解する少女。,花寺のどか アニメ,3,,,,
はなび,花火,花火は、火薬などを使って、光や音を出すもの。夜空に打ち上げるものもある。,花火,1,,,,
はなびら,花びら,花びらは、花を形作る一枚一枚の薄い部分。,花弁,1,Petal,,,
はなみ,花見,花見は、桜などの花を見て楽しむこと。,花見,1,Hanami,assets/shiritori/complete-4554.png,asset,AI生成イラスト
はなみことは,花海ことは,「魔法つかいプリキュア!」の登場人物。キュアフェリーチェに変身する。妖精ハッちゃんが大きく成長した姿であり、優しく無邪気な心を持つ少女。,花海ことは アニメ,3,,,,
はなみらん,華満らん,「デリシャスパーティ♡プリキュア」の登場人物。キュアヤムヤムに変身する。実家はラーメン屋。食への情熱が極限に達した、キュアスタでのグルメ情報の伝道師。,華満らん アニメ,3,,,,
はなむけ,餞,餞は、旅立つ人などに贈る言葉や品物。,餞別,2,Farewell gift,,,
はなや,花屋,花屋は、切り花や鉢植えなどを売る店。,花屋,1,Florist,,,
はね,羽,羽は、鳥の体をおおう毛。また、鳥などの翼を指すこともある。,羽毛,1,Feather,,,
はね,羽根,羽根つきは、羽根のついた玉を羽子板で打ち合う遊び。,羽根つき 羽根,1,Hanetsuki,,,
はねっこ,ハネッコ,風に吹かれて飛ぶ綿毛ポケモン,ハネッコ,3,Hoppip,,,
はねつき,羽根つき,羽根つきは、羽子板で羽根を打ち合う遊び。,羽根つき,1,Hanetsuki,,,
はは,母,母は、自分の母親。,母親,1,,,,
ははこもり,ハハコモリ,葉っぱで服を作るポケモン,ハハコモリ ポケモン,3,Leavanny,,,
はば,幅,幅は、物の横方向の長さ。,幅,1,Width,,,
はばたくかみ,ハバタクカミ,古代の幽霊ポケモン,ハバタクカミ ポケモン,3,Flutter Mane,,,
はぴなす,ハピナス,幸せを分け与えるポケモン,ハピナス,3,Blissey,,,
はぶねーく,ハブネーク,牙に毒を持つ蛇ポケモン,ハブネーク ポケモン,3,Seviper,,,
はま,浜,浜は、海や湖の岸辺にある砂地や石の多い場所。,浜,1,Beach,,,
はまぐり,ハマグリ,ハマグリは、二枚の殻を持つ、食用にもされる貝。,ハマグリ,1,Clam,,,
はまべ,浜辺,浜辺は、海や湖に接する岸。砂浜を指すことも多い。,浜辺,1,,,,
はまーんかーん,ハマーン・カーン,アニメ「機動戦士Ζガンダム」などの登場人物。ネオ・ジオン（アクシズ）を率いた冷徹で気高い女性指導者。,ハマーン・カーン,3,Haman Karn,,,
はむ,ハム,ハムは、豚肉を塩漬けなどにして加工した食品。,ハム 食品,1,Ham,,,
はむすたー,ハムスター,ハムスターは、頬の袋に食べ物をためる小型のげっ歯類。,ハムスター,1,,,,
はもの,刃物,刃物は、刃がついていて、物を切る道具。,刃物,2,Blade,,,
はやおき,早起き,早起きは、朝早い時刻に起きること。,早起き,1,Waking up early,assets/shiritori/complete-4576.png,asset,AI生成イラスト
はやくちことば,早口言葉,早口言葉は、言いにくい言葉を続けて速く言う遊び。,早口言葉,1,Tongue twister,assets/shiritori/complete-4577.png,asset,AI生成イラスト
はやし,林,林は、木がまとまって生えている場所。,林,1,Woodland,,,
はやね,早寝,早寝は、夜早い時刻に寝ること。,早寝,1,Early bedtime,assets/shiritori/hayane.png,fallback,AI生成イラスト
はら,腹,腹は、胴体の前側にある部分。おなか。,腹部,1,Abdomen,,,
はらたかし,原敬,第19代内閣総理大臣。「平民宰相」と呼ばれ、日本初の本格的な政党内閣を組織して民意を政治に反映させた,原敬 肖像,3,TakashiHara,,,
はらばりー,ハラバリー,伸縮する電気蛙ポケモン,ハラバリー ポケモン,3,Bellibolt,,,
はらまき,腹巻き,腹巻きは、腹に巻いて温める衣類。,腹巻,1,Haramaki,,,
はり,針,針は、細く先がとがった道具。縫い物などに使う。,針,1,Needle,,,
はりがね,はりがね,針金は、金属を細長くのばした線状の材料。,針金,2,Wire,,,
はりてやま,ハリテヤマ,トラックを止める怪力の持ち主,ハリテヤマ ポケモン,3,Hariyama,,,
はりねずみ,ハリネズミ,ハリネズミは、背中に針のような毛を持つ小型の哺乳類。,ハリネズミ,1,Hedgehog,,,
はりぼーぐ,ハリボーグ,トゲトゲした草ポケモン,ハリボーグ ポケモン,3,Quilladin,,,
はりまろん,ハリマロン,硬い皮を持つ草ポケモン,ハリマロン ポケモン,3,Chespin,,,
はりゅう,派流,川の本流から分かれて流れる川。,分流,3,Distributary,,,
はりーせん,ハリーセン,毒の針を飛ばすフグポケモン,ハリーセン,3,Qwilfish,,,
はりーせんひすいのすがた,ハリーセン(ヒスイのすがた),禍々しい雰囲気のヒスイの姿,ハリーセン(ヒスイのすがた),3,Hisuian Qwilfish,,,
はる,春,春は、冬のあとに来る、気温が上がり草木が芽吹く季節。,春,1,,,,
はるかぜ,春風,春風は、春に吹く風。,春風,1,Spring breeze,,,
はるかぜどれみ,春風どれみ,アニメ「おジャ魔女どれみ」の主人公の本名。ステーキが大好きな魔女見習いの女の子。,春風どれみ,3,Doremi Harukaze,,,
はるかぜぽっぷ,春風ぽっぷ,アニメ「おジャ魔女どれみ」の登場人物の本名。主人公・春風どれみのしっかり者の妹。,春風ぽっぷ,3,Pop Harukaze,,,
はるくじら,ハルクジラ,巨大な氷の鯨ポケモン,ハルクジラ ポケモン,3,Cetitan,,,
はるさめ,春雨,春雨は、豆やいもなどのでんぷんから作る、細い透明な食品。,春雨 食品,1,Cellophane noodles,,,
はるさめ,春雨,春雨は、春に降る雨。,春 雨,2,Spring rain,,,
はるのはるか,春野はるか,「Go! プリンセスプリキュア」の主人公。キュアフローラに変身する。ノーブル学園に通い、幼い頃からの「プリンセスになる」夢を追求し続ける高い向上心を持つ。,春野はるか アニメ,3,,,,
はるまき,春巻き,春巻きは、具を薄い皮で包み、揚げたり焼いたりした料理。,春巻き,1,,,,
はれ,晴れ,晴れは、雲が少なく、日差しがある天気。,晴天,1,Clear sky,,,
はんかち,ハンカチ,ハンカチは、手や顔を拭くために持ち歩く小さな布。,ハンカチ,1,Handkerchief,,,
はんが,版画,版画は、板などに彫ったり描いたりした絵を紙に写した作品。,版画,2,Printmaking,,,
はんがりー,ハンガリー,ハンガリーは、中央ヨーロッパにある国。,ハンガリー 国旗,2,Hungary,,,
はんがー,ハンガー,ハンガーは、服を掛けておく道具。,ハンガー,1,Clothes hanger,,,
はんこ,はんこ,はんこは、紙などに印を押すための道具。,印章,1,Seal stamp,,,
はんせい,反省,反省は、自分の行いを振り返り、よくなかった点などを考えること。,反省,1,Reflection,assets/shiritori/hansei.png,asset,AI生成イラスト
はんそで,半袖,半袖は、袖がひじより短い服。,半袖,1,Short sleeve,,,
はんたい,反対,反対は、向きや意見などが逆であること。,反対 方向,1,Opposite,assets/shiritori/hantai.png,asset,AI生成イラスト
はんちょう,班長,班長は、班の人たちをまとめる役の人。,班長,1,Group leader,assets/shiritori/ss-leader.png,asset,AI生成イラスト
はんどぼーる,ハンドボール,ハンドボールは、手でボールを投げ、相手のゴールに入れる球技。,ハンドボール,2,Handball,,,
はんのう,反応,反応は、ある働きかけを受けて起こる変化や応答。,化学反応 現象,2,Reaction,assets/shiritori/complete-1426.png,asset,AI生成イラスト
はんばーがー,ハンバーガー,ハンバーガーは、丸いパンに肉などの具をはさんだ食べ物。,ハンバーガー,1,Hamburger,,,
はんばーぐ,ハンバーグ,ハンバーグは、ひき肉などを混ぜて形を作り、焼いた料理。,ハンバーグ,1,Hamburg steak,,,
はんぶん,半分,半分は、全体を二つに等しく分けたうちの一つ。,半分,1,Half,assets/shiritori/complete-4616.png,asset,アプリ作成図
はんぺん,はんぺん,はんぺんは、魚のすり身などから作る、白くて柔らかい食品。,はんぺん,1,Hanpen,,,
はーでりあ,ハーデリア,忠実な牧羊犬ポケモン,ハーデリア ポケモン,3,Herdier,,,
はーと,ハート,ハートは、心や気持ちを表すときに使われる形。,ハート 記号,1,Heart symbol,assets/shiritori/complete-4619.png,asset,AI生成イラスト
はーぷ,ハープ,たくさんの弦を指ではじいて音を出す楽器。,ハープ,2,Harp,,,
ばいうーるー,バイウールー,角を持つ羊ポケモン,バイウールー ポケモン,3,Dubwool,,,
ばいおせんさー,バイオセンサー,アニメ「機動戦士Ζガンダム」などの用語。パイロットの脳波を簡易的にMSの管制システムに同調させるサイコミュシステム。,バイオセンサー ガンダム,3,Bio-Sensor,,,
ばいおりん,バイオリン,バイオリンは、弓で弦をこすって音を出す楽器。,バイオリン,1,Violin,,,
ばいく,バイク,バイクは、エンジンで走る二輪車。,オートバイ,1,,,,
ばいたい,媒体,媒体は、情報などを伝えるために使うもの。,媒体,2,Media,,,
ばいばにら,バイバニラ,双子の頭を持つアイスポケモン,バイバニラ ポケモン,3,Vanilluxe,,,
ばうっつぇる,バウッツェル,焼き上げたパンのような犬ポケモン,バウッツェル ポケモン,3,Dachsbun,,,
ばおっきー,バオッキー,炎の熱気を持つ火猿ポケモン,バオッキー ポケモン,3,Simisear,,,
ばおっぷ,バオップ,火を吹く火猿ポケモン,バオップ ポケモン,3,Pansear,,,
ばくおんぐ,バクオング,振動を起こすほど叫ぶポケモン,バクオング ポケモン,3,Exploud,,,
ばくがめす,バクガメス,爆発する甲羅を持つ亀ポケモン,バクガメス ポケモン,3,Turtonator,,,
ばくちゅう,バク宙,バク宙は、手をつかずに空中で後ろ向きに回転する技。,バク宙,1,Backflip,assets/shiritori/complete-4632.png,asset,AI生成イラスト
ばくてん,バク転,バク転は、後ろ向きに跳び、両手をついて回転する技。,バク転,1,Back handspring,assets/shiritori/complete-4633.png,asset,AI生成イラスト
ばくふーん,バクフーン,爆発的な炎を操る姿,バクフーン,3,Typhlosion,,,
ばくふーんひすいのすがた,バクフーン(ヒスイのすがた),炎の渦を操るヒスイの姿,バクフーン(ヒスイのすがた),3,Hisuian Typhlosion,,,
ばくーだ,バクーダ,背中で火山が噴火するポケモン,バクーダ ポケモン,3,Camerupt,,,
ばけっちゃ,バケッチャ,かぼちゃの幽霊ポケモン,バケッチャ ポケモン,3,Pumpkaboo,,,
ばけつ,バケツ,バケツは、水や砂などを入れて運ぶ、取っ手のついた容器。,バケツ,1,,,,
ばけもの,化け物,化け物は、物語などに出てくる、人間ではない不思議なもの。また、非常に大きな力を持つ人や物にもいう。,化け物,2,Monster,,,
ばしゃーも,バシャーモ,炎を纏って戦う格闘ポケモン,バシャーモ ポケモン,3,Blaziken,,,
ばしょ,場所,場所は、人や物があるところ。,場所,1,Location,,,
ばじりすく,バジリスク,めをみるとしんでしまう、きょうりゅうみたいなへび。,バジリスク,2,Basilisk,,,
ばす,バス,バスは、多くの人を乗せて道路を走る自動車。,バス,1,Bus,,,
ばすけっと,バスケット,バスケットは、物を入れるかご。,バスケット,1,Basket,,,
ばすけっとぼーる,バスケットボール,バスケットボールは、ボールを相手のゴールに投げ入れて得点を競う球技。,バスケットボール,2,Basketball,,,
ばすてい,バス停,バス停は、バスが止まり、乗り降りする場所。,バス停,1,Bus stop,,,
ばすらお,バスラオ,怒りっぽい魚ポケモン,バスラオ ポケモン,3,Basculin,,,
ばたふりー,バタフリー,美しい羽を持つ蝶のようなポケモン,バタフリー,3,Butterfree,,,
ばち,撥,撥は、太鼓などを打つための棒。,撥,1,Drumstick,,,
ばちゅる,バチュル,電気を吸う蜘蛛ポケモン,バチュル ポケモン,3,Joltik,,,
ばちんうに,バチンウニ,電気を放つウニポケモン,バチンウニ ポケモン,3,Pincurchin,,,
ばちんきー,バチンキー,二本の棒を操る草ポケモン,バチンキー ポケモン,3,Thwackey,,,
ばっぐ,バッグ,バッグは、物を入れて持ち歩く袋。,バッグ,1,Bag,,,
ばった,バッタ,バッタは、後ろ足で跳ねる昆虫。,バッタ,1,,,,
ばっと,バット,バットは、野球でボールを打つための棒。,バット,1,,,,
ばっふろん,バッフロン,突進が得意な牛ポケモン,バッフロン ポケモン,3,Bouffalant,,,
ばどれっくす,バドレックス,豊穣を司る伝説ポケモン,バドレックス ポケモン,3,Calyrex,,,
ばなな,バナナ,バナナは、黄色い皮をむいて食べる、細長い果物。,バナナ,1,,,,
ばなーじりんくす,バナージ・リンクス,アニメ「機動戦士ガンダムUC」の主人公。可能性の獣と呼ばれるユニコーンガンダムを駆る。,バナージ・リンクス,3,Banagher Links,,,
ばにぷっち,バニプッチ,つららのようなポケモン,バニプッチ ポケモン,3,Vanillite,,,
ばにりっち,バニリッチ,雪の結晶を持つポケモン,バニリッチ ポケモン,3,Vanillish,,,
ばぬあつ,バヌアツ,バヌアツは、南太平洋にある島国。,バヌアツ 国旗,3,Vanuatu,,,
ばねぶー,バネブー,飛び跳ねて心臓を動かすポケモン,バネブー ポケモン,3,Spoink,,,
ばはま,バハマ,バハマは、カリブ海にある多くの島々からなる国。,バハマ 国旗,3,The Bahamas,,,
ばら,バラ,バラは、トゲのあるものが多い茎に、花を咲かせる植物。,バラ,1,,,,
ばらにく,ばら肉,ばら肉は、豚などの腹のあたりの肉。,ばら肉,2,Pork belly,,,
ばらばら,バラバラ,バラバラは、まとまりなく、いくつかに分かれて散らばっているようす。,バラバラ,1,,assets/shiritori/complete-2771.png,asset,AI生成イラスト
ばらんす,バランス,バランスは、二つ以上のもののつり合い。,バランス,1,Balance,assets/shiritori/complete-4668.png,asset,AI生成イラスト
ばりこおる,バリコオル,タップダンスが得意なポケモン,バリコオル ポケモン,3,Mr. Rime,,,
ばりやーど,バリヤード,壁を作るパントマイムポケモン,バリヤード,3,Mr. Mime,,,
ばりやーどがらるのすがた,バリヤード(ガラルのすがた),氷の壁を作るガラル姿,バリヤード(ガラルのすがた),3,Galarian Mr. Mime,,,
ばるきー,バルキー,格闘ポケモンに進化するポケモン,バルキー,3,Tyrogue,,,
ばるじーな,バルジーナ,骨を身に纏う vultureポケモン,バルジーナ ポケモン,3,Mandibuzz,,,
ばるちゃい,バルチャイ,骨を身に纏う雛ポケモン,バルチャイ ポケモン,3,Vullaby,,,
ばるばどす,バルバドス,バルバドスは、カリブ海にある島国。,バルバドス 国旗,3,Barbados,,,
ばるびーと,バルビート,光る尻尾で仲間を呼ぶ虫ポケモン,バルビート ポケモン,3,Volbeat,,,
ばん,番,番は、順番や役目の順序。番号を表すこともある。,番,1,Turn order,assets/shiritori/complete-4677.png,asset,アプリ作成図
ばんぎらす,バンギラス,山を崩す怪力を持つポケモン,バンギラス ポケモン,3,Tyranitar,,,
ばんぐみ,番組,番組は、テレビやラジオなどで放送する内容のまとまり。,番組,1,Television program,,,
ばんぐらでしゅ,バングラデシュ,バングラデシュは、南アジアにある国。,バングラデシュ 国旗,2,Bangladesh,,,
ばんごう,番号,番号は、人や物を区別するために付けた数字や符号。,番号,1,Number,,,
ばんごはん,晩ご飯,晩ご飯は、夕方から夜に食べる食事。,夕食,1,,,,
ばんそうこう,ばんそうこう,ばんそうこうは、小さな傷をおおうために貼るもの。,ばんそうこう,1,Adhesive bandage,,,
ばんばどろ,バンバドロ,強靭な脚力を持つ馬ポケモン,バンバドロ ポケモン,3,Mudsdale,,,
ばーなー,バーナー,バーナーは、ガスなどを燃やして熱を出す装置。,バーナー,2,Burner,,,
ばーべきゅー,バーベキュー,バーベキューは、肉や野菜などを焼いて食べる料理。また、その料理を楽しむ集まり。,バーベキュー,1,Barbecue,,,
ばーれーん,バーレーン,バーレーンは、ペルシャ湾にある島国。,バーレーン 国旗,3,Bahrain,,,
ぱい,パイ,パイは、生地で具を包んだり、上にのせたりして焼く料理。,パイ,1,Pie,,,
ぱいなっぷる,パイナップル,パイナップルは、硬い皮と葉の冠があり、甘酸っぱい果物。,パイナップル,1,Pineapple,,,
ぱいぷ,パイプ,パイプは、水や空気などを通す管。,パイプ,1,Pipe,,,
ぱうわう,パウワウ,氷山で暮らすアシカポケモン,パウワウ,3,Seel,,,
ぱえりあ,パエリア,パエリアは、米を魚介や肉などと一緒に炊いたスペイン料理。,パエリア,2,Paella,,,
ぱおじあん,パオジアン,剣の災いのポケモン,パオジアン ポケモン,3,Chien-Pao,,,
ぱきけふぁろさうるす,パキケファロサウルス,パキケファロサウルスは、頭の骨が厚く丸い、草食恐竜。,パキケファロサウルス,2,Pachycephalosaurus,,,
ぱきすたん,パキスタン,パキスタンは、南アジアにある国。,ぱきすたん 国旗,2,Pakistan,,,
ぱじゃま,パジャマ,パジャマは、寝るときに着る服。,パジャマ,1,,,,
ぱす,パス,パスは、球技などで味方にボールを渡すこと。,パス,1,Pass sports,assets/shiritori/complete-4697.png,asset,AI生成イラスト
ぱすた,パスタ,パスタは、小麦粉などから作るイタリアの麺類や、その料理。,パスタ,1,Pasta,,,
ぱせり,パセリ,パセリは、香りのある葉を料理に使う野菜。,パセリ,1,,,,
ぱそこん,パソコン,パソコンは、文書や画像などの情報を扱うコンピューター。,パソコン,1,Personal computer,,,
ぱっく,パック,パックは、品物を包む容器や包装。また、物をひとまとめにしたもの。,パック,1,Food package,,,
ぱっちーる,パッチール,模様が全て違うポケモン,パッチール ポケモン,3,Spinda,,,
ぱとかー,パトカー,パトカーは、警察が見回りや緊急出動に使う車。,パトカー,1,Police car,,,
ぱとろーる,パトロール,パトロールは、異常や危険がないか、見回って調べること。,パトロール,1,Patrol,assets/shiritori/complete-4704.png,asset,AI生成イラスト
ぱなま,パナマ,パナマは、中央アメリカにある国。太平洋とカリブ海を結ぶパナマ運河がある。,パナマ 国旗,2,Panama,,,
ぱねる,パネル,パネルは、展示や仕切りなどに使う平らな板。,パネル,2,Panel,,,
ぱぱ,パパ,パパは、お父さんを親しんで呼ぶ言葉。,パパ,1,Father,,,
ぱぴもっち,パピモッチ,生地のような体を持つ犬ポケモン,パピモッチ ポケモン,3,Fidough,,,
ぱふゅーとん,パフュートン,香りを纏う豚ポケモン,パフュートン ポケモン,3,Oinkologne,,,
ぱぷあにゅーぎにあ,パプアニューギニア,パプアニューギニアは、オセアニアにある島国。多くの言語が話されている。,パプアニューギニア 国旗,3,Papua New Guinea,,,
ぱぷてますしろっこ,パプテマス・シロッコ,アニメ「機動戦士Ζガンダム」の登場人物。木星帰りの天才で、ティターンズの全権を握ろうとした男。,パプテマス・シロッコ,3,Paptimus Scirocco,,,
ぱぷりか,パプリカ,パプリカは、赤や黄色などの実を食べる、ピーマンの仲間の野菜。,パプリカ,1,Bell pepper,,,
ぱも,パモ,電気を溜めるネズミポケモン,パモ ポケモン,3,Pawmi,,,
ぱもっと,パモット,格闘も得意な電気ネズミ,パモット ポケモン,3,Pawmo,,,
ぱらお,パラオ,パラオは、西太平洋にある島国。,パラオ 国旗,3,Palau,,,
ぱらぐあい,パラグアイ,パラグアイは、南アメリカにある内陸国。,パラグアイ 国旗,3,Paraguay,,,
ぱらさうろろふす,パラサウロロフス,パラサウロロフスは、頭に長いとさかを持つ草食恐竜。,パラサウロロフス,2,Parasaurolophus,,,
ぱらしゅーと,パラシュート,パラシュートは、空気を受けて落下を遅くする道具。,パラシュート,2,Parachute,,,
ぱらす,パラス,背中にキノコが乗っている虫ポケモン,パラス,3,Paras,,,
ぱらせくと,パラセクト,キノコに支配された姿,パラセクト,3,Parasect,,,
ぱらそる,パラソル,パラソルは、日差しをさえぎるための傘。,パラソル,1,Parasol,,,
ぱるきあ,パルキア,空間を操る伝説のポケモン,パルキア ポケモン,3,Palkia,,,
ぱるしぇん,パルシェン,トゲのついた硬い殻を持つ姿,パルシェン,3,Cloyster,,,
ぱるすわん,パルスワン,高速で走る電気犬ポケモン,パルスワン ポケモン,3,Boltund,,,
ぱるふぇ,パルフェ,パルフェは、パフェのこと。アイスや果物などを盛り合わせたデザート。,パフェ,1,,,,
ぱん,パン,パンは、小麦粉などをこねて発酵させ、焼いた食品。,パン,1,,,,
ぱんく,パンク,パンクは、タイヤなどに穴が開いて空気が抜けること。,パンク,2,Flat tire,assets/shiritori/complete-4727.png,asset,AI生成イラスト
ぱんだ,パンダ,パンダは、白と黒の模様があるクマの仲間。主に竹を食べる。,ジャイアントパンダ,1,,,,
ぱんつ,パンツ,パンツは、腰から下にはく衣服。下着を指すこともある。,パンツ,1,Underpants,,,
ぱんぷじん,パンプジン,闇夜に彷徨うポケモン,パンプジン ポケモン,3,Gourgeist,,,
ぱんや,パン屋,パン屋は、パンを作ったり売ったりする店。,パン屋,1,Bakery,,,
ぱーく,パーク,パークは、公園や遊園地などを指す言葉。,パーク,1,Park,,,
ぱーせんと,%,%（パーセント）は、全体を100としたときの割合を表す単位。,パーセント 単位,2,Percent,,,
ぱーてぃー,パーティー,パーティーは、人が集まって楽しむ会。,パーティー,1,Party,,,
ぱーめっと,パーメット,アニメ「機動戦士ガンダム 水星の魔女」の用語。太陽系内に存在する鉱物から発見された、個体間で情報を共有できる新元素。,パーメット,3,,,,
ぱーもっと,パーモット,電気拳の使い手,パーモット ポケモン,3,Pawmot,,,
ひ,火,火は、物が燃えるときに出る炎や、燃焼によって生じる光や熱。,火 現象,2,Fire,,,
ひいらぎ,ヒイラギ,ヒイラギは、葉のふちにとげがある常緑の木。,ヒイラギ,1,Holly,,,
ひいろゆい,ヒイロ・ユイ,アニメ「新機動戦記ガンダムW」の主人公。任務を最優先する寡黙な少年兵。,ヒイロ・ユイ,3,Heero Yuy,,,
ひえ,ヒエ,ヒエは、実を食べる穀物の一つ。,ヒエ,2,Japanese millet,,,
ひかくさんげんそく,非核三原則,核兵器を「もたない、つくらない、もちこませない」という日本の基本方針,非核三原則 概念,2,,,,
ひかげ,日陰,日陰は、日光が直接当たらない場所。,日陰,1,Shade,,,
ひかり,光,光は、目に見える形で物を明るくするもの。太陽や電灯などから出る。,光,1,Light,,,
ひかわいおな,氷川いおな,「ハピネスチャージプリキュア!」の登場人物。キュアフォーチュンに変身する。氷川流空手道場の娘として鍛錬を積み、高い正義感を持つストイックな少女。,氷川いおな アニメ,3,,,,
ひがさ,日傘,日傘は、日差しをさえぎるために使う傘。,日傘,1,Parasol,,,
ひがし,東,東は、北を向いたとき右にあたる方角。太陽が昇る方角でもある。,東,1,,,,
ひがしせつな,東せつな,フレッシュプリキュアの登場人物でキュアパッションへんしんする,東せつな アニメ,3,,,,
ひがしひろしまし,東広島市,東広島市は、広島県の市。酒造りや大学で知られる。,東広島市,1,Higashihiroshima,,,
ひきうす,ひき臼,ひき臼は、穀物などを挽いて粉にする道具。,ひき臼,2,Millstone,,,
ひきだし,引き出し,引き出しは、机やたんすなどに取り付けられ、引き出して使う収納箱。,引き出し,1,,assets/shiritori/drawer.png,asset,AI生成イラスト
ひきにく,ひき肉,ひき肉は、細かくひいた肉。,ひき肉,1,Ground meat,,,
ひきわけ,引き分け,引き分けは、勝負が決まらず、どちらも勝ちにも負けにもならないこと。,引き分け,1,Draw game,assets/shiritori/complete-4752.png,asset,AI生成イラスト
ひぐちいちよう,樋口一葉,明治時代の女性小説家。『たけくらべ』などの名作をわずかな期間で残した,樋口一葉 肖像,2,Ichiyo Higuchi,,,
ひげ,ひげ,ひげは、人や動物の口のまわりやあごなどに生える毛。,ひげ,1,Beard,,,
ひこうき,飛行機,飛行機は、翼で揚力を得て空を飛ぶ乗り物。,飛行機,1,,,,
ひこうせん,飛行船,飛行船は、ガスを入れた大きな袋で浮かび、動力で進む航空機。,飛行船,1,,,,
ひざ,膝,膝は、脚の途中にあり、曲げ伸ばしする関節の部分。,膝,1,Knee,,,
ひざかけ,膝掛け,膝掛けは、膝や脚に掛けて温める布。,膝掛け,1,Lap blanket,,,
ひしかわりっか,菱川六花,「ドキドキ! プリキュア」の登場人物。キュアダイヤモンドに変身する。大貝第一中学校の生徒会書記であり、医者の娘。論理的かつ冷静な思考を持つ秀才。,菱川六花 アニメ,3,,,,
ひじ,肘,肘は、腕の途中にある、曲げ伸ばしする関節の部分。,肘,1,Elbow,,,
ひじき,ヒジキ,ヒジキは、食用にする海藻。乾燥させて保存することが多い。,ヒジキ,1,Hijiki,,,
ひじりあげは,聖あげは,「ひろがるスカイ! プリキュア」の登場人物。キュアバタフライに変身する。最強の保育士を目指す専門学生であり、他者を包み込む高い愛と行動力を持つ。,聖あげは アニメ,3,,,,
ひせいふそしき,非政府組織,非政府組織は、政府から独立して活動する民間の団体。NGOともいう。,NGO 活動,2,Non-governmental organization,assets/shiritori/complete-0680.png,asset,AI生成イラスト
ひだり,左,左は、北を向いたとき西にあたる側。右の反対。,左,1,Left direction,,,
ひつぎ,棺,棺は、亡くなった人の遺体を納める箱。,棺,2,Coffin,,,
ひつじ,ヒツジ,ヒツジは、毛や肉などを利用する家畜。,ヒツジ,1,,,,
ひつじぐも,羊雲,羊雲は、小さな雲が羊の群れのように集まって見える雲。,羊雲,2,Altocumulus,,,
ひつじゅひん,必需品,必需品は、生活や活動に欠かせない品物。,必需品,2,Necessity,,,
ひづめ,ひづめ,ひづめは、馬や牛などの足先をおおう硬い部分。,ひづめ,2,Hoof,,,
ひと,人,人は、言葉を使い、考えたり暮らしたりする動物。,人,1,Human,assets/shiritori/complete-4770.png,asset,AI生成イラスト
ひとかげ,ヒトカゲ,ほのおタイプで、尻尾の炎が命のポケモン,ヒトカゲ,3,Charmander,,,
ひとつき,ヒトツキ,剣に魂が宿ったポケモン,ヒトツキ ポケモン,3,Honedge,,,
ひとで,ヒトデ,ヒトデは、星のような形をした海の動物。,ヒトデ,1,Starfish,,,
ひとでまん,ヒトデマン,中央のコアが光る星のポケモン,ヒトデマン,3,Staryu,,,
ひとみ,瞳,瞳は、目の中央にある黒い部分。,瞳孔,1,Pupil eye,,,
ひともし,ヒトモシ,魂を灯す蝋燭ポケモン,ヒトモシ ポケモン,3,Litwick,,,
ひどいで,ヒドイデ,毒の棘を持つ棘ヒトデ,ヒドイデ ポケモン,3,Mareanie,,,
ひな,ひな,ひなは、卵からかえって間もない鳥の子。,ひな,1,Chick,,,
ひなた,日なた,日なたは、日光が直接当たる場所。,日なた,1,Sunlight,,,
ひなにんぎょう,ひな人形,ひな人形は、ひな祭りに飾る人形。,ひな人形,1,Hina dolls,,,
ひなまつり,ひな祭り,ひな祭りは、3月3日に行う、女の子の健やかな成長を願う行事。,ひな祭り,1,,assets/shiritori/complete-4781.png,asset,AI生成イラスト
ひなん,避難,避難は、危険な場所から安全な場所へ移ること。,避難,1,Evacuation,assets/shiritori/complete-4782.png,asset,AI生成イラスト
ひのあかね,日野あかね,「スマイルプリキュア!」の登場人物。キュアサニーに変身する。七色ヶ丘中学校に通う。実家は大阪風のお好み焼き屋であり、元気な関西弁のムードメーカー。,日野あかね アニメ,3,,,,
ひのあらし,ヒノアラシ,背中の炎が特徴の火ポケモン,ヒノアラシ,3,Cyndaquil,,,
ひのかぐつち,火之迦具土神,火をあやつる神様。,火之迦具土神,2,Kagutsuchi,,,
ひのき,ヒノキ,ヒノキは、建築材などに使われる常緑の木。,ヒノキ,2,Hinoki cypress,,,
ひのまる,日の丸,日の丸は、白地に赤い円を描いた日本の国旗。,日の丸,1,Flag of Japan,,,
ひのやこま,ヒノヤコマ,炎を纏う鳥ポケモン,ヒノヤコマ ポケモン,3,Fletchinder,,,
ひばな,火花,火花は、火や金属などから飛び散る小さな火の粉や光。,火花,1,Spark,,,
ひばにー,ヒバニー,炎の足を持つウサギポケモン,ヒバニー ポケモン,3,Scorbunny,,,
ひひだるま,ヒヒダルマ,炎が燃え上がるポケモン,ヒヒダルマ ポケモン,3,Darmanitan,,,
ひひだるまがらるのすがた,ヒヒダルマ(ガラルのすがた),雪だるまのような氷ポケモン,ヒヒダルマ(ガラルのすがた) ポケモン,3,Galarian Darmanitan,,,
ひび,ひび,ひびは、物の表面などにできる細い割れ目。,ひび,1,Crack,,,
ひぽぽたす,ヒポポタス,カバの姿をした砂のポケモン,ひぽぽたす ポケモン,3,Hippopotas,,,
ひまなっつ,ヒマナッツ,太陽を求めて育つ種ポケモン,ヒマナッツ,3,Sunkern,,,
ひまわり,ヒマワリ,ヒマワリは、大きな黄色い花を咲かせる植物。,ヒマワリ,1,,,,
ひみこ,卑弥呼,邪馬台国の女王で、中国の魏から「親魏倭王」の称号を贈られた人物,卑弥呼 肖像,2,Himiko,,,
ひみつ,秘密,秘密は、ほかの人に知られないように隠していること。,秘密,1,Secret,assets/shiritori/himitsu.png,asset,AI生成イラスト
ひめんか,ヒメンカ,花びらを持つ草ポケモン,ヒメンカ ポケモン,3,Gossifleur,,,
ひも,紐,紐は、物をしばったり結んだりする細長いもの。,紐,1,,,,
ひもの,干物,干物は、魚などを干して作った保存食。,干物,1,Dried fish,,,
ひもむすび,ひも結び,ひも結びは、ひもを結んで形を作ったり、物を留めたりすること。,ひも結び,1,Knot,assets/shiritori/complete-4802.png,asset,AI生成イラスト
ひゃくしき,百式,元々はデルタガンダムとして設計された金色の試作機。,百式,3,HyakuShiki,,,
ひゃっかじてん,百科事典,百科事典は、いろいろな分野の事柄を集めて説明した本。,百科事典,2,Encyclopedia,,,
ひやっきー,ヒヤッキー,水を噴射する水猿ポケモン,ヒヤッキー ポケモン,3,Simipour,,,
ひやっぷ,ヒヤップ,水を操る水猿ポケモン,ヒヤップ ポケモン,3,Panpour,,,
ひゅうがさき,日向咲,「ふたりはプリキュア Splash☆Star」の主人公。キュアブルームに変身する。夕凪中学校のソフトボール部所属で、実家は人気のパン屋「PANPAKAパン」。元気で明るい女の子。,日向咲 アニメ,3,,,,
ひょう,ヒョウ,ヒョウは、体に黒い斑点模様があるネコ科の動物。,ヒョウ 動物,1,Leopard,,,
ひょう,雹,雹は、氷の粒が空から降ってくる気象現象。,雹,2,Hail,,,
ひょうご,兵庫県,兵庫県は、日本の近畿地方にある県。神戸市や姫路城がある。,兵庫県,1,Hyogo,,,
ひょうし,表紙,表紙は、本のいちばん外側をおおう部分。,表紙,1,Book cover,,,
ひょうしき,標識,標識は、道案内や注意などを文字や絵で示すもの。,標識,1,Road sign,,,
ひょうたん,ヒョウタン,ヒョウタンは、実の中を空にして容器などに使う植物。,ヒョウタン,2,Calabash,,,
ひょうはく,ひょう白,漂白は、薬品などを使って、物の色を白くしたり抜いたりすること。,漂白 現象,2,Bleaching,assets/shiritori/complete-4814.png,asset,AI生成イラスト
ひょうはくざい,ひょう白ざい,漂白剤は、物の色を白くしたり、しみを落としたりするための薬品。,漂白剤 薬品,2,Bleach,,,
ひよこ,ヒヨコ,ヒヨコは、ニワトリの子。,ヒヨコ,1,,,,
ひらひな,ヒラヒナ,宙に浮く鳥ポケモン,ヒラヒナ ポケモン,3,Flittle,,,
ひらみつひなた,平光ひなた,「ヒーリングっど♥プリキュア」の登場人物。キュアスパークルに変身する。流行やおしゃれが大好きな感覚鋭敏な少女であり、明るく社交性が高い。,平光ひなた アニメ,3,,,,
ひらめ,ヒラメ,ヒラメは、海底にすむ、体が平たい魚。,ヒラメ,1,Flounder,,,
ひる,昼,昼は、日の出から日没までの明るい時間。また、正午ごろ。,昼,1,,assets/shiritori/complete-4820.png,asset,AI生成イラスト
ひるごはん,昼ご飯,昼ご飯は、昼の時間に食べる食事。,昼ご飯,1,Lunch,,,
ひるね,昼寝,昼寝は、昼間に眠ること。,昼寝,1,Nap,assets/shiritori/complete-0950.png,asset,AI生成イラスト
ひろしま,広島県,広島県は、日本の中国地方にある県。,広島県,1,Hiroshima,,,
ひろしまし,広島市,広島市は、広島県の県庁所在地。,広島市,1,Hiroshima,,,
ひろば,広場,広場は、人が集まったり遊んだりするための、広く開けた場所。,広場,1,Plaza,,,
ひガしせつな,東せつな,「フレッシュプリキュア!」の登場人物。キュアパッションに変身する。ラビリンスの元幹部「イース」という過去を持ち、現在はラブの親友として生活している。,東せつな アニメ,3,,,,
ひーどらん,ヒードラン,火口に住む伝説のポケモン,ヒードラン ポケモン,3,Heatran,,,
びぎなぎな,ビギナ・ギナ,アニメ「機動戦士ガンダムF91」の用語。クロスボーン・バンガードの貴族主義の象徴として開発された指揮官用MS。,ビギナ・ギナ,3,Vigna Ghina,,,
びくてぃに,ビクティニ,勝利をもたらすといわれる幻のポケモン,ビクティニ ポケモン,3,Victini,,,
びくとりーがんだむ,Vガンダム,アニメ「機動戦士Vガンダム」の用語。レジスタンス組織「リガ・ミリティア」が開発した分離・合体可能な量産型ガンダム。,Vガンダム,3,Victory Gundam,,,
びすけっと,ビスケット,ビスケットは、小麦粉などを使って焼いた菓子。,ビスケット,1,Biscuit,,,
びたみん,ビタミン,ビタミンは、体の働きを保つために必要な栄養素のグループ。,ビタミン,2,Vitamin,,,
びっと,ビット,アニメ「機動戦士ガンダム」の用語。エルメスに搭載された、ジェネレーターを内蔵し単独でビームを発射できる有線・無線式遠隔誘導兵器。,ビット ガンダム,3,Bit,,,
びでお,ビデオ,ビデオは、映像を記録したもの。また、その映像を記録・再生する機器。,ビデオデッキ,1,,,,
びにるぶくろ,ビニルぶくろ,ビニル袋は、薄いプラスチックで作った袋。,ビニール袋,2,Plastic bag,,,
びにーる,ビニール,ビニールは、プラスチックの一種や、それを使った薄い膜などを指す言葉。,ビニール 素材,2,Viny,,,
びにーるしーと,ビニールシート,ビニールシートは、薄いプラスチック製のシート。,ビニールシート,2,Plastic sheet,,,
びにーるつきはりがね,ビニールつきはりがね,ビニール付き針金は、表面をプラスチックでおおった針金。,ビニールタイ,2,Plastic coated wire,,,
びにーるてーぷ,ビニールテープ,ビニールテープは、プラスチック製の粘着テープ。電気コードの補修などに使う。,ビニールテープ,2,Vinyl tape,,,
びにーるぶくろ,ビニール袋,ビニール袋は、薄いプラスチックで作った袋。,ビニール袋,1,Plastic bag,,,
びねつ,微熱,微熱は、平熱より少し高い体温。,微熱,2,Low grade fever,,,
びびよん,ビビヨン,模様が多様な蝶ポケモン,ビビヨン ポケモン,3,Vivillon,,,
びぶす,ビブス,ビブスは、チーム分けなどの目印として服の上に着る衣服。,ビブス,2,Sport bib,,,
びぶらーば,ビブラーバ,音で獲物を捕らえるポケモン,ビブラーバ ポケモン,3,Vibrava,,,
びょういん,病院,病院は、病気やけがの診察・治療をする施設。,病院,1,,,,
びょうし,拍子,拍子は、音楽のリズムを一定のまとまりに分けたもの。,拍子 音楽,2,Musical meter,assets/shiritori/complete-4846.png,asset,AI生成イラスト
びょうどう,平等,平等は、差をつけず、公平に扱うこと。,平等,2,Equality,assets/shiritori/aw-kousei.png,asset,AI生成イラスト
びようし,美容師,美容師は、髪を切ったり整えたりして、髪型を作る人。,美容師,1,Hairdresser,,,
びりじおん,ビリジオン,草原の心を持つ伝説ポケモン,ビリジオン ポケモン,3,Virizion,,,
びりりだま,ビリリダマ,モンスターボールに似た電気ポケモン,ビリリダマ,3,Voltorb,,,
びりりだまひすいのすがた,ビリリダマ(ヒスイのすがた),木のような質感のヒスイ姿,ビリリダマ(ヒスイのすがた),3,Hisuian Voltorb,,,
びわ,ビワ,ビワは、初夏に実る、オレンジ色の果物。,ビワ,1,,,,
びん,瓶,瓶は、液体や食べ物などを入れる、口の狭い容器。ガラス製のものが多い。,ガラス瓶,1,,,,
びんご,ビンゴ,ビンゴは、数字などをそろえるゲーム。また、一列そろったときに言う言葉。,ビンゴゲーム,1,,,,
びーかー,ビーカー,ビーカーは、液体を入れたり混ぜたり、加熱したりする実験用の容器。,ビーカー,2,Beaker,,,
びーず,ビーズ,ビーズは、糸などを通して飾りにする小さな玉。,ビーズ,1,Beads,,,
びーだま,ビー玉,ビー玉は、ガラスでできた小さな玉。遊びに使う。,ビー玉,1,,,,
びーどる,ビードル,毒針を持つ小さな虫ポケモン,ビードル,3,Weedle,,,
ぴあの,ピアノ,ピアノは、鍵盤を押して音を出す楽器。,ピアノ,1,,,,
ぴぃ,ピィ,夜空に現れるとされる妖精ポケモン,ピィ,3,Cleffa,,,
ぴえろ,ピエロ,ピエロは、派手な化粧や衣装で人を笑わせる役。また、その人。,ピエロ,1,Clown,,,
ぴかちゅう,ピカチュウ,電気袋で電気を溜めるねずみポケモン,ピカチュウ,1,Pikachu,,,
ぴくしー,ピクシー,非常に臆病な妖精ポケモン,ピクシー,3,Clefable,,,
ぴくにっく,ピクニック,ピクニックは、屋外に出かけて食事や遊びを楽しむこと。,ピクニック,1,,assets/shiritori/complete-4864.png,asset,AI生成イラスト
ぴざ,ピザ,ピザは、平たい生地に具やチーズをのせて焼いた料理。,ピザ,1,Pizza,,,
ぴじょっと,ピジョット,音速を超える速さで飛べる姿,ピジョット,3,Pidgeot,,,
ぴじょん,ピジョン,少し気が強く、縄張り意識がある,ピジョン,3,Pidgeotto,,,
ぴすたちお,ピスタチオ,ピスタチオは、殻の中の種を食べる木の実。,ピスタチオ,2,Pistachio,,,
ぴすとる,ピストル,ピストルは、片手で持って撃つ小型の銃。,おもちゃの鉄砲,1,,,,
ぴすとん,ピストン,ピストンは、筒の中を往復して、力や動きを伝える機械部品。,ピストン,2,Piston,,,
ぴちゅー,ピチュー,電気をうまく扱えない幼いピカチュウ,ピチュー,3,Pichu,,,
ぴっころ,ピッコロ,ピッコロは、フルートより小さく、高い音が出る木管楽器。,ピッコロ,2,Piccolo,,,
ぴっちゃー,ピッチャー,ピッチャーは、野球で打者に向かってボールを投げる選手。,投手,1,Pitcher baseball,,,
ぴっちゃー,ピッチャー,ピッチャーは、水などを入れて注ぐ、取っ手と口のある容器。,水差し,2,Pitcher jug,,,
ぴっぴ,ピッピ,妖精のような伝説があるポケモン,ピッピ,3,Clefairy,,,
ぴぺっと,ピペット,ピペットは、液体を少量ずつ測り取ったり移したりする道具。,ピペット,2,Pipette,,,
ぴんく,ピンク,ピンクは、赤に白を混ぜたような色。,ピンク色,1,,,,
ぴんせっと,ピンセット,ピンセットは、小さな物をつまんで扱う道具。,ピンセット,2,Tweezers,,,
ぴんちこっく,ピンチコック,ピンチコックは、ゴム管などをはさんで、液体や気体の流れを止める器具。,ピンチコック,2,Pinchcock,,,
ぴんぷく,ピンプク,卵を大切に運ぶポケモン,ピンプク ポケモン,3,Happiny,,,
ぴんぽん,ピンポン,ピンポンは、卓球の別名。,ピンポン,1,Table tennis,,,
ぴーす,ピース,ピースは、パズルなどを作る一つ一つの部品。,ピース,1,Puzzle piece,,,
ぴーなっつ,ピーナッツ,ピーナッツは、落花生の種。,ピーナッツ,1,Peanut,,,
ぴーまん,ピーマン,ピーマンは、緑色などの実を食べる野菜。,ピーマン,1,,,,
ふぁいあろー,ファイアロー,高速飛行する炎の鳥,ファイアロー ポケモン,3,Talonflame,,,
ふぁいやー,ファイヤー,炎を纏う伝説の鳥ポケモン,ファイヤー,3,Moltres,,,
ふぁいる,ファイル,ファイルは、書類などをまとめてとじておく道具。,ファイル,1,File folder,,,
ふぁんねる,ファンネル,アニメ「機動戦士ガンダム」シリーズの用語。ニュータイプの脳波（サイコミュ）で遠隔操作する無線式オールレンジ攻撃兵器。,ファンネル ガンダム,3,,,,
ふぃおね,フィオネ,海を漂う不思議なポケモン,フィオネ ポケモン,3,Phione,,,
ふぃじー,フィジー,フィジーは、南太平洋にある島国。,フィジー 国旗,3,Fiji,,,
ふぃりぴん,フィリピン,フィリピンは、東南アジアにある、多くの島からなる国。,フィリピン 国旗,2,Philippines,,,
ふぃんらんど,フィンランド,フィンランドは、北ヨーロッパにある国。,フィンランド 国旗,2,Finland,,,
ふうけい,風景,風景は、目に見える山や町などのようす。,風景,1,Landscape,assets/shiritori/complete-4893.png,asset,AI生成イラスト
ふうしゃ,風車,風車は、風の力で羽根を回す装置。,風車,1,Windmill,,,
ふうせん,風船,風船は、空気やガスを入れてふくらませる袋状のもの。,風船,1,,,,
ふうりん,風鈴,風鈴は、風で揺れて音が鳴る飾り。,風鈴,1,Wind chime,assets/shiritori/fuurin.png,asset,AI生成イラスト
ふうりんあすみ,風鈴アスミ,「ヒーリングっど♥プリキュア」の登場人物。キュアアースに変身する。精霊ラテの想いから地球の守護のために誕生した風の精霊。少し世間知らずな一面もある。,風鈴アスミ アニメ,3,,,,
ふぇろーちぇ,フェローチェ,華麗な速さを持つウルトラビースト,フェローチェ ポケモン,3,Pheromosa,,,
ふえ,笛,笛は、息を吹き込むなどして音を出す楽器。,笛,1,Flute,,,
ふぉくすらい,フォクスライ,尾を振り回す狐ポケモン,フォクスライ ポケモン,3,Thievul,,,
ふぉっこ,フォッコ,枝を食べる炎ポケモン,フォッコ ポケモン,3,Fennekin,,,
ふぉれとす,フォレトス,硬い殻を持つポケモン,フォレトス,3,Forretress,,,
ふぉーむぽりすちれん,フォームポリスチレン,フォームポリスチレンは、発泡ポリスチレンの別名。,発泡スチロール,2,Polystyrene foam,,,
ふか,フカ,フカは、サメの別名。,サメ,2,Shark,,,
ふかさ,深さ,深さは、水面や入口などから底までの距離。,深さ,1,Depth,assets/shiritori/complete-4905.png,asset,アプリ作成図
ふかまる,フカマル,陸に住む鮫ポケモン,フカマル ポケモン,3,Gible,,,
ふき,フキ,フキは、葉柄を食べる植物。,フキ,1,Butterbur,,,
ふきのとう,ふきのとう,ふきのとうは、春先に地面から出るフキの花のつぼみ。,ふきのとう,2,Butterbur sprout,,,
ふきん,布巾,布巾は、食器や台などを拭く布。,布巾,1,Dishcloth,,,
ふく,服,服は、体に着るもの。,衣服,1,,,,
ふく,福,福は、幸せやめでたいこと。,幸福,2,Good fortune,assets/shiritori/complete-4911.png,asset,AI生成イラスト
ふくい,福井県,福井県は、日本海に面した中部地方の県。恐竜の化石や博物館で知られる。,福井県,1,Fukui,,,
ふくおか,福岡県,福岡県は、九州地方の北部にある県。,福岡県,1,Fukuoka,,,
ふくざわゆきち,福沢諭吉,『学問のすすめ』を書き、慶應義塾を創設して新しい思想を広めた,福沢諭吉 肖像,2,Fukuzawa Yukichi,,,
ふくしま,福島県,福島県は、日本の東北地方の南部にある県。,福島県,1,Fukushima,,,
ふくしゅう,復習,復習は、一度習ったことを、もう一度学ぶこと。,復習,1,Review studying,assets/shiritori/osarai.png,asset,AI生成イラスト
ふくすろー,フクスロー,お洒落な梟ポケモン,フクスロー ポケモン,3,Dartrix,,,
ふくやまし,福山市,福山市は、広島県にある市。,福山市,1,Fukuyama,,,
ふくろ,袋,袋は、物を入れたり包んだりするもの。,袋,1,Bag,,,
ふくろう,フクロウ,フクロウは、夜に活動する種類が多い鳥。,フクロウ,1,,,,
ふくろとじ,袋とじ,袋とじは、紙を折って端を閉じ、袋のようにすること。また、その部分。,袋とじ,2,Bookbinding,assets/shiritori/complete-4921.png,asset,AI生成イラスト
ふくわじゅつ,腹話術,腹話術は、人形などが話しているように見せる芸。,腹話術,2,Ventriloquism,,,
ふくわらい,福笑い,福笑いは、目隠しをして、顔の絵に目や鼻などの部品を置く正月遊び。,福笑い,1,Fukuwarai,,,
ふさ,房,房は、実や糸などがまとまって垂れ下がったもの。,房,2,Cluster,,,
ふし,節,節は、竹や茎などにある区切り。また、その部分。,節,2,Bamboo node,,,
ふしぎ,不思議,不思議は、理由が分からず、珍しく感じること。,不思議,1,Wonder,assets/shiritori/fushigi.png,asset,AI生成イラスト
ふしぎそう,フシギソウ,背中のつぼみが大きく育った姿,フシギソウ,3,Ivysaur,,,
ふしぎだね,フシギダネ,くさタイプで、背中に植物の種があるポケモン,フシギダネ,3,Bulbasaur,,,
ふしぎばな,フシギバナ,背中に大きな花が咲いた姿,フシギバナ,3,Venusaur,,,
ふしで,フシデ,丸まると転がる虫ポケモン,フシデ ポケモン,3,Venipede,,,
ふじ,フジ,フジは、つるを伸ばし、紫色などの花を房状に垂らして咲かせる植物。,フジ 植物,2,Wisteria,,,
ふじさん,富士山,富士山は、日本で最も高い山。,富士山,1,,,,
ふじわらのみちなが,藤原道長,娘を天皇の妃にして権力を握り、藤原氏の全盛期を築いた貴族,藤原道長 肖像,2,Fujiwara no Michinaga,,,
ふじわらのよりみち,藤原頼通,藤原道長の子。宇治に平等院鳳凰堂を建て、華やかな貴族文化を象徴した,平等院鳳凰堂,2,Fujiwara no Yorimichi,,,
ふじわらはづき,藤原はづき,アニメ「おジャ魔女どれみ」の主要登場人物の本名。おっとりしていてバイオリンが得意なお嬢様。,藤原はづき,3,Hazuki Fujiwara,,,
ふすま,襖,襖は、木の枠に紙などを張った、部屋を仕切る引き戸。,襖,2,Fusuma,,,
ふた,蓋,蓋は、容器の口をおおい、中身が出ないようにするもの。,蓋,1,,,,
ふたご,双子,双子は、同じ妊娠で生まれた二人の子ども。,双子,1,Twins,,,
ふたちまる,フタチマル,二刀流の剣客ポケモン,フタチマル ポケモン,3,Dewott,,,
ふだ,札,札は、文字や印を書いて、目印などにする紙や板。,札,1,Tag,,,
ふだんぎ,普段着,普段着は、ふだんの生活で着る服。,普段着,1,Everyday clothes,,,
ふち,縁,縁は、物のまわりや端の部分。また、人とのつながり。,縁,1,Edge,assets/shiritori/complete-4942.png,asset,AI生成イラスト
ふちゅうし,府中市,府中市は、日本の複数の自治体にある市の名前。,府中市,1,Fuchu,,,
ふちゅうちょう,府中町,府中町は、広島県にある町。広島市に隣接する。,安芸郡府中町,1,Fuchu-cho,,,
ふっとう,ふっとう,沸騰は、液体の中で泡が生じ、全体が激しく気体になる現象。,沸騰 現象,2,Boiling,assets/shiritori/complete-4945.png,asset,AI生成イラスト
ふっとうせき,ふっとう石,沸騰石は、加熱する液体が急に吹き上がるのを防ぐために入れる小さな石。,沸騰石 道具,2,Boiling stone,,,
ふつう,普通,普通は、特別ではなく、よくあるようす。,普通,1,Ordinary,assets/shiritori/complete-4451.png,asset,AI生成イラスト
ふで,筆,筆は、毛などを束ね、墨や絵の具をつけて書いたり描いたりする道具。,筆,1,,,,
ふでばこ,筆箱,筆箱は、鉛筆や消しゴムなどを入れる箱。,筆箱,1,Pencil case,assets/shiritori/pen-case.png,asset,AI生成イラスト
ふでぺん,筆ペン,筆ペンは、筆のような先で文字を書くペン。,筆ペン,2,Brush pen,,,
ふとまき,太巻き,太巻きは、具を巻いて太く作った巻きずし。,太巻き,1,Futomaki,,,
ふとん,布団,布団は、寝るときに体の下に敷いたり上に掛けたりする寝具。,布団,1,,assets/shiritori/futon.png,asset,AI生成イラスト
ふな,フナ,フナは、池や川などにすむ淡水魚。,フナ 魚,1,Crucian carp,,,
ふなむし,フナムシ,フナムシは、海辺にすむ小さな甲殻類。,フナムシ,2,Sea slater,,,
ふね,船,船は、人や物を乗せて水上を進む乗り物。,船,1,,,,
ふみきり,踏切,踏切は、道路と線路が同じ高さで交わる場所。,踏切,1,Level crossing,,,
ふもと,麓,麓は、山のすそにあたる土地。,麓,2,Foothill,,,
ふゆ,冬,冬は、一年のうちで最も寒い季節。地域によっては雪や氷が見られる。,冬,1,,,,
ふゆやすみ,冬休み,冬休みは、冬に学校などが休みになる期間。,冬休み,1,Winter holiday,,,
ふらい,フライ,フライは、肉や魚などに衣をつけて油で揚げた料理。,フライ,1,Fried food,,,
ふらいごん,フライゴン,砂嵐を呼ぶ竜ポケモン,フライゴン ポケモン,3,Flygon,,,
ふらいぱん,フライパン,フライパンは、焼いたり炒めたりするための浅い鍋。,フライパン,1,Frying pan,,,
ふらえって,フラエッテ,花を捧げる妖精ポケモン,フラエッテ ポケモン,3,Floette,,,
ふらすこ,フラスコ,フラスコは、液体を入れて混ぜたり加熱したりする実験用の容器。,フラスコ,2,Flask,,,
ふらふーぷ,フラフープ,フラフープは、体のまわりで回して遊ぶ輪。,フラフープ,1,Hula hoop,,,
ふらべべ,フラベベ,花を愛する妖精ポケモン,フラベベ ポケモン,3,Flabébé,,,
ふらんしすこざびえる,フランシスコ・ザビエル,1549年に日本に初めてキリスト教を伝えたスペインの宣教師,フランシスコ・ザビエル 肖像,2,Francis Xavier,,,
ふらんす,フランス,フランスは、西ヨーロッパにある国。,フランス 国旗,1,France,,,
ふらーじぇす,フラージェス,花園を守る妖精ポケモン,フラージェス ポケモン,3,Florges,,,
ふりかけ,ふりかけ,ふりかけは、ご飯にかけて食べる、細かくした食品。,ふりかけ,1,Furikake,,,
ふりこ,振り子,振り子は、ひもなどでつるした重りが、左右に揺れるもの。,振り子,2,Pendulum,,,
ふりそで,振袖,振袖は、袖が長い着物。,振袖,2,Furisode,,,
ふりーざー,フリーザー,氷を操る伝説の鳥ポケモン,フリーザー,3,Articuno,,,
ふりーじお,フリージオ,雪の結晶のようなポケモン,フリージオ ポケモン,3,Cryogonal,,,
ふりーだむがんだむ,フリーダムガンダム,アニメ「機動戦士ガンダムSEED」の用語。ニュートロンジャマーキャンセラーを搭載し無限に近い稼働時間を持つMS。,フリーダムガンダム,3,Freedom Gundam,,,
ふるい,ふるい,ふるいは、粉などを網に通して、粒の大きさごとに分ける道具。,ふるい,2,Sieve,,,
ふるさと,故郷,故郷は、生まれ育った場所。また、ふるさとのように親しみを感じる土地。,故郷,1,Hometown,,,
ふるーつ,フルーツ,フルーツは、果物のこと。,フルーツ,1,Fruit,,,
ふれふわん,フレフワン,香りで戦うポケモン,フレフワン ポケモン,3,Aromatisse,,,
ふろ,風呂,風呂は、体を洗ったり、湯につかったりする設備や場所。,風呂,1,Bath,,,
ふろしき,風呂敷,風呂敷は、物を包んで運ぶための四角い布。,風呂敷,1,Furoshiki,,,
ふろんと,フロント,アニメ「機動戦士ガンダム」シリーズの用語。宇宙植民都市（スペースコロニー）の開口部や各居住区ブロックの総称。,フロント ガンダム,3,,,,
ふわここね,芙羽ここね,「デリシャスパーティ♡プリキュア」の登場人物。キュアスパイシーに変身する。高級レストランの令嬢。お嬢様としての品格と、内に秘めた高い情熱を持つ少し内気な少女。,芙羽ここね アニメ,3,,,,
ふわらいど,フワライド,魂を運ぶといわれる気球ポケモン,フワライド ポケモン,3,Drifblim,,,
ふわんて,フワンテ,子供を連れ去ると噂される風船ポケモン,フワンテ ポケモン,3,Drifloon,,,
ふんどう,ふんどう,ふんどうは、はかりで物の重さを測るときに使う、おもり。,分銅,2,Weight,,,
ふーでぃん,フーディン,非常に高い知能を持つポケモン,フーディン,3,Alakazam,,,
ふーぱ,フーパ,空間を歪める幻のポケモン,フーパ ポケモン,3,Hoopa,,,
ぶい,ブイ,ブイは、水に浮かべて位置などを示す目印。,ブイ,2,Buoy,,,
ぶかつ,部活,部活は、学校で行うスポーツや文化活動の集まり。,部活,2,School club,assets/shiritori/complete-0620.png,asset,AI生成イラスト
ぶき,武器,武器は、戦いや身を守るために使う道具。,武器,2,Weapon,,,
ぶしどう,武士道,武士道は、武士が大切にした考え方や行動の規範。,武士道,2,Samurai,assets/shiritori/complete-4992.png,asset,AI生成イラスト
ぶた,豚,豚は、家畜として飼われる哺乳類。,豚,1,,,,
ぶたい,舞台,舞台は、劇や踊りなどを演じる場所。また、その演技を見せる場。,舞台,1,Stage,,,
ぶたにく,豚肉,豚肉は、食用にする豚の肉。,豚肉,1,Pork,,,
ぶたまん,豚まん,豚まんは、豚肉などの具を小麦粉の生地で包んで蒸した食品。,豚まん,1,Pork bun,,,
ぶっくえんど,ブックエンド,ブックエンドは、本が倒れないように両側から支える道具。,ブックエンド,1,Bookend,,,
ぶっくかばー,ブックカバー,ブックカバーは、本の表紙を汚れや傷から守るためにかけるもの。,ブックカバー,1,Book cover,,,
ぶっしつ,物質,物質は、物を作っている材料や、そこにあるもの。,物質 科学,2,Matter,,,
ぶどう,ブドウ,ブドウは、つるに房状の実がなる果物。,ブドウ,1,,,,
ぶにゃっと,ブニャット,ブニャットは、体が大きく太った猫のようなポケモン。,ブニャット ポケモン,3,Purugly,,,
ぶびぃ,ブビィ,ブビィは、炎を吐く、ほのおタイプのポケモン。,ブビィ,3,Magby,,,
ぶらいとのあ,ブライト・ノア,ブライト・ノアは、「機動戦士ガンダム」シリーズに登場する軍人。艦長として複数の艦を指揮した。,ブライト・ノア,3,Bright Noa,,,
ぶらきおさうるす,ブラキオサウルス,ブラキオサウルスは、首と前足が長い草食恐竜。,ブラキオサウルス,1,Brachiosaurus,,,
ぶらし,ブラシ,ブラシは、毛などを束ねて作り、物をこすったり整えたりする道具。,ブラシ,1,,,,
ぶらじる,ブラジル,ブラジルは、南アメリカにある国。,ブラジル 国旗,1,Brazil,,,
ぶらっきー,ブラッキー,ブラッキーは、イーブイから進化する、あくタイプのポケモン。体の輪の模様が光る。,ブラッキー,3,Umbreon,,,
ぶらんこ,ブランコ,ブランコは、つるした座板に乗り、前後に揺らして遊ぶ遊具。,ブランコ,1,,,,
ぶり,ブリ,ブリは、成長にともなって呼び名が変わることがある海の魚。,ブリ,1,Yellowtail fish,,,
ぶりがろん,ブリガロン,鎧のような姿の草ポケモン,ブリガロン ポケモン,3,Chesnaught,,,
ぶりざぽす,ブリザポス,氷の馬ポケモン,ブリザポス ポケモン,3,Glastrier,,,
ぶりじゅらす,ブリジュラス,鋼の塔ポケモン,ブリジュラス ポケモン,3,Archaludon,,,
ぶりむおん,ブリムオン,森の魔女と呼ばれるポケモン,ブリムオン ポケモン,3,Hatterene,,,
ぶるがりあ,ブルガリア,ブルガリアは、東ヨーロッパにある国。,ブルガリア 国旗,2,Bulgaria,,,
ぶるきなふぁそ,ブルキナファソ,ブルキナファソは、西アフリカにある内陸国。,ブルキナファソ 国旗,3,Burkina Faso,,,
ぶるねい,ブルネイ,ブルネイは、ボルネオ島にある東南アジアの国。,ブルネイ 国旗,3,Brunei,,,
ぶるんげる,ブルンゲル,深海に住む幽霊ポケモン,ブルンゲル ポケモン,3,Jellicent,,,
ぶるんじ,ブルンジ,ブルンジは、東アフリカにある内陸国。,ブルンジ 国旗,3,Burundi,,,
ぶるー,ブルー,見た目と性格にギャップがあるポケモン,ブルー,3,Snubbull,,,
ぶろすたー,ブロスター,巨大なハサミを持つポケモン,ブロスター ポケモン,3,Clawitzer,,,
ぶろろろーむ,ブロロローム,変形するエンジンポケモン,ブロロローム ポケモン,3,Revavroom,,,
ぶろろん,ブロロン,エンジンから生まれたポケモン,ブロロン ポケモン,3,Varoom,,,
ぶん,文,文は、言葉をつなぎ、まとまった意味を表すもの。,文,1,Sentence,,,
ぶんか,文化,文化は、人々の暮らしの中で作られ、受け継がれてきた習慣や芸術など。,文化,2,Culture,assets/shiritori/complete-5024.png,asset,AI生成イラスト
ぶんかい,分解,分解は、物をいくつかの部分に分けること。また、化学物質が別の物質に分かれる反応。,化学分解 現象,2,Decomposition,assets/shiritori/complete-5025.png,asset,AI生成イラスト
ぶんぐ,文具,文具は、書いたり学んだりするために使う道具。,文具,1,Stationery,,,
ぶんすう,分数,分数は、全体を等しく分けたうちのいくつ分かを表す数。,分数,2,Fraction,assets/shiritori/complete-5027.png,asset,アプリ作成図
ぶんちょう,ブンチョウ,ブンチョウは、小さな鳥の一種。くちばしの赤いものがよく知られる。,ブンチョウ,1,Java sparrow,,,
ぶんぼうぐ,文房具,文房具は、鉛筆や消しゴム、ノートなど、書いたり学んだりする道具。,文房具,1,,,,
ぶーすたー,ブースター,炎を操るイーブイ進化系,ブースター,3,Flareon,,,
ぶーたん,ブータン,ブータンは、ヒマラヤ山脈にある南アジアの国。,ブータン 国旗,3,Bhutan,,,
ぶーばー,ブーバー,炎を吐く火吹きポケモン,ブーバー,3,Magmar,,,
ぶーばーん,ブーバーン,炎を放つ砲台ポケモン,ブーバーン ポケモン,3,Magmortar,,,
ぶーぴっぐ,ブーピッグ,真珠の力を使うポケモン,ブーピッグ ポケモン,3,Grumpig,,,
ぷくりん,プクリン,体が伸縮自在なポケモン,プクリン,3,Wigglytuff,,,
ぷてら,プテラ,空を飛ぶ古代の翼竜ポケモン,プテラ,3,Aerodactyl,,,
ぷてらのどん,プテラノドン,そらを飛ぶ、きょうりゅうの仲間のつばさをもつ生き物。,プテラノドン,1,Pteranodon,,,
ぷぷりん,ププリン,美しい歌声を持つ風船ポケモン,ププリン,3,Igglybuff,,,
ぷらじる,ブラジル,ブラジルは、南アメリカにある国。,ブラジル,1,,,,
ぷらす,プラス,プラスは、足し算や、正の数を表す記号。,プラス,1,Plus sign,assets/shiritori/complete-5040.png,asset,アプリ作成図
ぷらすちっく,プラスチック,プラスチックは、形を変えて加工しやすい合成材料。,プラスチック,2,Plastic,,,
ぷらすちっくかん,プラスチック管,プラスチック管は、プラスチックで作られた管。,プラスチック管,2,Plastic pipe,,,
ぷらすちっくだんぼーる,プラスチックだんボール,プラスチック段ボールは、段ボールのような構造を持つプラスチック製の板。,プラダン,2,Plastic corrugated board,,,
ぷらすちっくばん,プラスチック板,プラスチック板は、プラスチックで作られた平らな板。,プラスチック板,2,Plastic plate,,,
ぷらする,プラスル,応援で相手を励ます電気ポケモン,プラスル ポケモン,3,Plusle,,,
ぷらもでる,プラモデル,プラモデルは、プラスチックなどの部品を組み立てて作る模型。,プラモデル,1,Plastic model,,,
ぷりん,プリン,プリンは、卵や牛乳などで作る、柔らかい甘いお菓子。,プリン,1,,,,
ぷりんあらもーど,プリンアラモード,プリンアラモードは、プリンに果物やクリームなどを添えたデザート。,プリンアラモード,1,,,,
ぷりんせすえる,プリンセス・エル,「ひろがるスカイ! プリキュア」の登場人物。キュアマジェスティに変身する。スカイランドの幼い王女であり、運命に立ち向かう高い潜在能力を持つ。,プリンセス・エル アニメ,3,,,,
ぷりんと,プリント,プリントは、印刷すること。また、印刷した紙。,プリント,1,Printed paper,assets/shiritori/complete-0475.png,asset,AI生成イラスト
ぷるこぎ,プルコギ,プルコギは、薄切り肉を甘辛い味付けで焼いた韓国料理。,プルコギ,1,,,,
ぷるりる,プルリル,クラゲのようなポケモン,プルリル ポケモン,3,Frillish,,,
ぷれしおさうるす,プレシオサウルス,ながいくびで、うみを泳ぐきょうりゅうの仲間の生き物。,プレシオサウルス,1,Plesiosaurus,,,
ぷれぜんと,プレゼント,プレゼントは、人に贈る品物。誕生日や祝いのときに贈ることも多い。,プレゼント,1,,,,
ぷろぐらむ,プログラム,プログラムは、催しの内容や順番を書いたもの。また、コンピューターへの指示。,プログラム,2,Program,assets/shiritori/complete-5055.png,asset,AI生成イラスト
ぷろとけらとぷす,プロトケラトプス,プロトケラトプスは、くちばしを持つ草食恐竜。,プロトケラトプス,2,Protoceratops,,,
ぷろぺら,プロペラ,プロペラは、回転して空気や水を押し、機械を進ませる羽根。,プロペラ,1,,,,
ぷーどる,プードル,プードルは、犬の品種の一つ。大きさの違う種類がある。,プードル,1,Poodle,,,
ぷーる,プール,プールは、水をためて泳ぐための設備。,プール,1,,,,
へあごむ,ヘアゴム,ヘアゴムは、髪を束ねるための輪になったゴム。,ヘアゴム,1,Hair tie,,,
へあぴん,ヘアピン,ヘアピンは、髪を留める小さな道具。,ヘアピン,1,Hairpin,,,
へあぶらし,ヘアブラシ,ヘアブラシは、髪をとかして整える道具。,ヘアブラシ,1,Hairbrush,,,
へい,塀,塀は、家や土地のまわりを囲む仕切り。,塀,1,Fence,,,
へいあんじだい,平安時代,平安時代は、平安京に都が置かれた時代。貴族を中心とする文化が栄えた。,平安時代 文化,2,Heian period,,,
へいかい,閉会,閉会は、集まりや会議などを終えること。,閉会,2,Closing ceremony,assets/shiritori/complete-5065.png,asset,AI生成イラスト
へいがに,ヘイガニ,驚異の生命力を持つザリガニポケモン,ヘイガニ ポケモン,3,Corphish,,,
へいじつ,平日,平日は、日曜日や祝日などの休日ではない日。,平日,2,Weekday,assets/shiritori/complete-5067.png,asset,AI生成イラスト
へいてん,閉店,閉店は、店をその日の営業後に閉めること。また、営業をやめること。,閉店,2,Closing shop,assets/shiritori/complete-5068.png,asset,AI生成イラスト
へいや,平野,平野は、広くて平らな土地。,平野,2,Plain,,,
へいらっしゃ,ヘイラッシャ,巨大な魚ポケモン,ヘイラッシャ ポケモン,3,Dondozo,,,
へいわ,平和,平和は、争いや戦争がなく、穏やかに暮らせること。,平和,1,Peace,assets/shiritori/heiwa.png,asset,AI生成イラスト
へいわしゅぎ,平和主義,戦争をせず、平和をまもろうとする日本国憲法の基本原則の一つ,平和主義 概念,2,Pacifism,assets/shiritori/heiwa.png,asset,AI生成イラスト
へそ,へそ,へそは、おなかの中央にある小さなくぼみ。,へそ,1,Navel,,,
へそくり,へそくり,へそくりは、家族などに知られないよう、少しずつためたお金。,へそくり,2,Savings,assets/shiritori/setsuyaku.png,asset,AI生成イラスト
へた,へた,へたは、果物や野菜に付いている、茎や葉の付け根の部分。,へた,1,Calyx fruit,,,
へちま,ヘチマ,ヘチマは、長い実をつける、つる性の植物。,ヘチマ,1,Luffa,,,
へっどほん,ヘッドホン,ヘッドホンは、耳に当てて音を聞くための装置。,ヘッドホン,1,Headphones,,,
へっどらいと,ヘッドライト,ヘッドライトは、車などの前方を照らす灯り。,ヘッドライト,1,Headlamp,,,
へっどれすと,ヘッドレスト,ヘッドレストは、座席で頭を支える部分。,ヘッドレスト,2,Head restraint,,,
へび,ヘビ,ヘビは、足がなく、細長い体で地面をはう爬虫類。,ヘビ,1,,,,
へや,部屋,部屋は、建物の中を壁などで区切った空間。,部屋,1,,,,
へやぎ,部屋着,部屋着は、家の中でくつろぐときに着る服。,部屋着,1,Homewear,,,
へら,へら,へらは、混ぜたり塗ったりする平たい道具。,へら,1,Spatula,,,
へらくろす,ヘラクロス,角で敵を投げる虫ポケモン,ヘラクロス,3,Heracross,,,
へりこぷたー,ヘリコプター,ヘリコプターは、回転する羽根で揚力を得て飛ぶ乗り物。,ヘリコプター,1,,,,
へるがー,ヘルガー,炎を操る悪ポケモン,ヘルガー,3,Houndoom,,,
へるめっと,ヘルメット,ヘルメットは、頭を守るためにかぶる丈夫な帽子。,ヘルメット,1,Helmet,,,
へんか,変化,変化は、形や様子などが変わること。また、その変わった状態。,変化,2,Change,assets/shiritori/complete-5088.png,asset,AI生成イラスト
へんしゅう,編集,編集は、文章や写真などを選んだり並べたりして、一つにまとめること。,編集,2,Editing,assets/shiritori/complete-0606.png,asset,AI生成イラスト
へんしょく,偏食,偏食は、好きなものにかたよって食べ、食べる食品の種類が限られること。,偏食,2,Picky eating,assets/shiritori/complete-5090.png,asset,AI生成イラスト
へんしん,変身,変身は、姿や形を別のものに変えること。,変身,1,Transformation,assets/shiritori/complete-5091.png,asset,AI生成イラスト
へんしん,返信,返信は、手紙やメールなどを受け取った人が、返事を送ること。,返信,2,Reply message,assets/shiritori/ss-reply.png,asset,AI生成イラスト
へんじ,返事,返事は、呼びかけや質問に答えること。また、その答え。,返事,1,Reply,assets/shiritori/henji.png,asset,AI生成イラスト
へんそう,変装,変装は、服装や顔つきを変えて、別の人のように見せること。,変装,2,Disguise,assets/shiritori/complete-5094.png,asset,AI生成イラスト
べいりーふ,ベイリーフ,首回りの葉が成長した姿,ベイリーフ,3,Bayleef,,,
べっど,ベッド,ベッドは、横になって眠るための家具。,ベッド,1,,,,
べつ,別,別は、同じではなく、ほかのものであること。,別,1,Difference,assets/shiritori/complete-5097.png,asset,アプリ作成図
べとなむ,ベトナム,ベトナムは、東南アジアにある国。,ベトナム 国旗,2,Vietnam,,,
べとべたー,ベトベター,ヘドロから生まれたポケモン,ベトベター,3,Grimer,,,
べとべたーあろーらのすがた,ベトベター(アローラのすがた),カラフルなヘドロの姿,ベトベター(アローラのすがた),3,Alolan Grimer,,,
べとべとん,ベトベトン,猛毒を撒き散らす姿,ベトベトン,3,Muk,,,
べとべとんあろーらのすがた,ベトベトン(アローラのすがた),さらに強力な毒を持つアローラ姿,ベトベトン(アローラのすがた),3,Alolan Muk,,,
べなん,ベナン,ベナンは、西アフリカにある国。,ベナン 国旗,3,Benin,,,
べに,紅,紅は、鮮やかな赤色。また、その色をつける顔料。,紅,2,Crimson,,,
べにいろ,紅色,紅色は、鮮やかな赤色。,紅色,2,Crimson,,,
べにしょうが,紅しょうが,紅しょうがは、しょうがを赤く色づけして漬けた食品。,紅しょうが,1,Beni shoga,,,
べにばな,ベニバナ,ベニバナは、黄色や赤の染料などに使われる花を咲かせる植物。,ベニバナ,2,Safflower,,,
べねずえら,ベネズエラ,ベネズエラは、南アメリカ北部にある国。,ベネズエラ 国旗,3,Venezuela,,,
べべのむ,ベベノム,毒針を持つウルトラビースト,ベベノム ポケモン,3,Poipole,,,
べら,ベラ,ベラは、色や形がさまざまな魚のグループ。,ベラ,2,Wrasse,,,
べらかす,ベラカス,毒で絵を描くポケモン,ベラカス ポケモン,3,Grafaiai,,,
べらるーし,ベラルーシ,ベラルーシは、東ヨーロッパにある内陸国。,ベラルーシ 国旗,3,Belarus,,,
べらんだ,ベランダ,ベランダは、建物の外側に張り出した場所。屋根があるものも多い。,ベランダ,1,Veranda,,,
べりーず,ベリーズ,ベリーズは、中央アメリカにある国。,ベリーズ 国旗,3,Belize,,,
べる,ベル,ベルは、音を鳴らして合図する道具。,ベル,1,Bell,,,
べるぎー,ベルギー,ベルギーは、西ヨーロッパにある国。,ベルギー 国旗,2,Belgium,,,
べると,ベルト,ベルトは、腰などに巻いて締める細長い帯。ズボンを留めるためにも使う。,ベルト,1,,,,
べろきらぷとる,ヴェロキラプトル,からだはちいさいけれど、とてもあたまがいいにくしょくきょうりゅう。,ヴェロキラプトル,2,Velociraptor,,,
べろばー,ベロバー,悪戯好きな悪魔ポケモン,ベロバー ポケモン,3,Impidimp,,,
べろべると,ベロベルト,長い舌を持つポケモン,ベロベルト ポケモン,3,Lickilicky,,,
べろりんが,ベロリンガ,長い舌を持つポケモン,ベロリンガ,3,Lickitung,,,
べんきょう,勉強,勉強は、知らないことを学んだり、習ったことを練習したりすること。,勉強,1,Study,assets/shiritori/benkyou.png,asset,AI生成イラスト
べんじょ,便所,便所は、大小便をするための場所。トイレともいう。,トイレ,1,,,,
べんち,ベンチ,ベンチは、何人かが並んで座れる長い椅子。,ベンチ,1,Bench,,,
べんとう,弁当,弁当は、容器に詰めて持ち運べるようにした食事。,弁当,1,,assets/shiritori/bento.png,asset,AI生成イラスト
べんとうばこ,弁当箱,弁当箱は、弁当を入れて持ち運ぶ容器。,弁当箱,1,Lunch box,,,
ぺあ,ペア,ペアは、二人または二つが一組になったもの。,ペア,1,Pair,assets/shiritori/complete-5127.png,asset,AI生成イラスト
ぺだる,ペダル,ペダルは、自転車などで足を乗せ、踏んで動かす部分。,ペダル,1,Pedal,,,
ぺっと,ペット,ペットは、かわいがったり一緒に暮らしたりするために飼う動物。,ペット,1,,,,
ぺっとぼとる,ペットボトル,ペットボトルは、飲み物などを入れる、PET樹脂でできた容器。,ペットボトル,1,PET bottle,,,
ぺとりざら,ペトリ皿,ペトリ皿は、微生物を培養したり、小さなものを観察したりする平たい皿。,シャーレ,2,Petri dish,,,
ぺらっぷ,ペラップ,人の言葉を覚える鳥ポケモン,ペラップ ポケモン,3,Chatot,,,
ぺりっぱー,ペリッパー,口に獲物を入れる鳥ポケモン,ペリッパー ポケモン,3,Pelipper,,,
ぺるしあん,ペルシアン,優雅な姿の猫ポケモン,ペルシアン,3,Persian,,,
ぺるしあんあろーらのすがた,ペルシアン(アローラのすがた),丸い顔が特徴のアローラ姿,ペルシアン(アローラのすがた),3,Alolan Persian,,,
ぺるー,ペルー,ペルーは、南アメリカ西部にある国。古代インカ文明の遺跡マチュピチュがある。,ペルー 国旗,2,Peru,,,
ぺろっぱふ,ペロッパフ,綿菓子のようなポケモン,ペロッパフ ポケモン,3,Swirlix,,,
ぺろりーむ,ペロリーム,ケーキのような姿のポケモン,ペロリーム ポケモン,3,Slurpuff,,,
ぺん,ペン,ペンは、インクなどで文字や絵を書く道具。,ペン,1,,,,
ぺんき,ペンキ,ペンキは、物の表面に色をつけたり保護したりする塗料。,ペンキ,1,Paint,,,
ぺんぎん,ペンギン,ペンギンは、南半球にすむ、泳ぎが得意な鳥。,ペンギン,1,,,,
ぺんさき,ペン先,ペン先は、ペンの文字を書く部分。,ペン先,2,Pen nib,,,
ぺんだて,ペン立て,ペン立ては、ペンなどを立てて入れる容器。,ペン立て,1,Pen holder,,,
ぺんだんと,ペンダント,ペンダントは、首飾りとして首から下げる飾り。,ペンダント,1,Pendant,,,
ぺんどらー,ペンドラー,巨大なムカデポケモン,ペンドラー ポケモン,3,Scolipede,,,
ぺーじ,ページ,ページは、本やノートの紙の片面。また、その番号。,ページ,1,Page,,,
ぺーねろぺー,ペーネロペー,アニメ「機動戦士ガンダム 閃光のハサウェイ」の用語。地球連邦軍が投入した、Ξガンダムと双璧をなす最新鋭の音速飛行MS。,ペーネロペー ガンダム,3,Penelope,,,
ぺーぱー,ペーパー,ペーパーは、紙のこと。,紙,1,,,,
ほいくし,保育士,保育士は、保育所などで子どもの世話や成長を支える仕事をする人。,保育士,1,Childcare worker,,,
ほいーが,ホイーガ,高速で回転する虫ポケモン,ホイーガ ポケモン,3,Whirlipede,,,
ほうおう,ホウオウ,虹色の羽を持つ伝説のポケモン,ホウオウ ポケモン,3,Ho-Oh,,,
ほうがく,方角,方角は、東西南北などで表す向き。,方角,1,Direction,assets/shiritori/complete-5152.png,asset,AI生成イラスト
ほうき,ほうき,ほうきは、床などを掃いてごみを集める道具。,ほうき,1,,,,
ほうさん,ホウ酸,白い粉末の物質。水溶液は弱い酸性を示し、目の洗浄などに使われることもある,ホウ酸 薬品,2,Boric acid,,,
ほうさんすい,ホウ酸水,ホウ酸を水に溶かした水溶液。温度によって溶ける量が変わる,ホウ酸水 水溶液,2,Boric acid solution,,,
ほうじょうときむね,北条時宗,鎌倉幕府の執権として、モンゴル帝国の襲来（元寇）を退けた人物,北条時宗 肖像,2,Hojo Tokimune,,,
ほうじょうひびき,北条響,「スイートプリキュア♪」の主人公。キュアメロディに変身する。スポーツ万能で正義感が強く、音楽をこよなく愛する情熱的で真っ直ぐな少女。,北条響 アニメ,3,,,,
ほうせき,宝石,宝石は、美しく希少な石。磨いて装飾品などに使う。,宝石,1,Gemstone,,,
ほうそう,包装,包装は、品物を紙や袋などで包むこと。また、包んだもの。,包装,1,Gift wrapping,assets/shiritori/complete-3677.png,asset,AI生成イラスト
ほうそう,放送,放送は、テレビやラジオなどで音や映像を多くの人に伝えること。,放送,1,Broadcasting,assets/shiritori/complete-5160.png,asset,AI生成イラスト
ほうたい,包帯,包帯は、けがをした部分などに巻く細長い布。,包帯,1,Bandage,,,
ほうちょう,包丁,包丁は、料理で食べ物を切るための刃物。,包丁,1,Kitchen knife,,,
ほうれんそう,ホウレンソウ,ホウレンソウは、緑色の葉を食べる野菜。,ホウレンソウ,1,Spinach,,,
ほえるおー,ホエルオー,巨大な海を泳ぐクジラポケモン,ホエルオー ポケモン,3,Wailord,,,
ほえるこ,ホエルコ,ボールのような姿のクジラポケモン,ホエルコ ポケモン,3,Wailmer,,,
ほお,頬,頬は、顔の左右で、目の下にあたる部分。,頬,1,Cheek,,,
ほおずき,ホオズキ,ホオズキは、実が袋のような形の赤い部分に包まれる植物。,ホオズキ,2,Chinese lantern plant,,,
ほかん,保管,保管は、物をなくしたり傷めたりしないようにしまっておくこと。,保管,2,Storage,assets/shiritori/tidy.png,asset,AI生成イラスト
ほくとしちせい,北斗七星,北斗七星は、北の空に見える七つの星の並び。,北斗七星,2,Big Dipper,,,
ほくろ,ほくろ,ほくろは、皮膚にできる小さな黒や茶色の点。,ほくろ,1,Mole skin,,,
ほけんしつ,保健室,保健室は、学校でけがの手当てや休養をする部屋。,保健室,1,School infirmary,,,
ほげーた,ホゲータ,のんびりした炎ポケモン,ホゲータ ポケモン,3,Fuecoco,,,
ほこり,ほこり,ほこりは、細かなごみなどが集まったもの。,ほこり,1,Dust,,,
ほこり,誇り,誇りは、自分や仲間を立派だと思う気持ち。,誇り,2,Pride,assets/shiritori/hokori.png,asset,AI生成イラスト
ほし,星,星は、太陽のように自ら光る天体。また、夜空に見える天体。,星空,1,,,,
ほしがりす,ホシガリス,食いしん坊なリスポケモン,ホシガリス ポケモン,3,Skwovet,,,
ほしぞら,星空,星空は、星が見えている夜の空。,星空,1,Starry sky,,,
ほしぞらみゆき,星空みゆき,「スマイルプリキュア!」の主人公。キュアハッピーに変身する。七色ヶ丘中学校に通う、おとぎ話と絵本が大好きな笑顔あふれるポジティブな少女。,星空みゆき アニメ,3,,,,
ほしなひかる,星奈ひかる,「スター☆トゥインクルプリキュア」の主人公。キュアスターに変身する。宇宙や星座が大好きで、未知のものへの探求心と高い受容性を持つ想像力豊かな少女。,星奈ひかる アニメ,3,,,,
ほしもの,干し物,干し物は、乾かすために干してある洗濯物や食べ物。,干し物,1,Drying clothes,,,
ほそかわもりひろ,細川護熙,第79代内閣総理大臣。非自民・非共産連立政権の首班として、38年ぶりの政権交代を実現した,細川護熙 肖像,3,MorihiroHosokawa,,,
ほたて,ホタテ,ホタテは、扇形の二枚の殻を持つ食用の貝。,ホタテ,1,Scallop,,,
ほたる,ホタル,ホタルは、腹の先を光らせる種類がいる昆虫。夏の夜に見られる。,ホタル,1,,assets/shiritori/hotaru.png,asset,AI生成イラスト
ほたるいか,ホタルイカ,ホタルイカは、体を青白く光らせる小型のイカ。,ホタルイカ,2,Firefly squid,,,
ほっかいどう,北海道,北海道は、日本の北にある都道府県で、日本で最も面積が広い。,北海道,1,Hokkaido,,,
ほっきょくぐま,北極熊,北極熊は、北極圏にすむ大型のクマ。,ホッキョクグマ,1,,,,
ほっとけーき,ホットケーキ,ホットケーキは、小麦粉や卵、牛乳などを混ぜて丸く焼いた菓子。,ホットケーキ,1,,,,
ほっぺ,ほっぺ,ほっぺは、頬を親しんで呼ぶ言葉。,ほっぺ,1,Cheek,,,
ほてる,ホテル,ホテルは、料金を払って泊まる施設。,ホテル,1,Hotel,,,
ほととぎす,ホトトギス,ホトトギスは、初夏に鳴き声が聞かれる鳥。,ホトトギス,2,Lesser cuckoo,,,
ほどう,歩道,歩道は、歩行者が通るために設けられた道。,歩道,1,Sidewalk,,,
ほね,骨,骨は、体の中で体を支えたり、内臓を守ったりする硬い部分。,骨,1,,,,
ほねほねろっく,ホネホネロック,NHKのみんなのうたで、昔うたわれていた曲。,ホネホネロック,1,,,,
ほのお,ほのお,炎は、物が燃えるときに見える、熱や光を出す部分。,炎 現象,2,Flame,,,
ほらあな,洞穴,洞穴は、岩や山などにできた、奥へ続く穴。,洞穴,1,Cave,assets/shiritori/cave.png,asset,AI生成イラスト
ほり,堀,堀は、城などを囲むために掘った溝。,堀,2,Moat,,,
ほりごたつ,掘りごたつ,掘りごたつは、床を掘り下げ、足を入れて座るこたつ。,掘りごたつ,2,Horigotatsu,,,
ほるびー,ホルビー,耳で土を掘るポケモン,ホルビー ポケモン,3,Bunnelby,,,
ほるーど,ホルード,耳で岩を砕くポケモン,ホルード ポケモン,3,Diggersby,,,
ほろ,幌,幌は、車などの上をおおう布や屋根。,幌,2,Canopy,,,
ほわいとべーす,ホワイトベース,アニメ「機動戦士ガンダム」の用語。アムロたちが乗り込む地球連邦軍の新型宇宙戦艦（ペガサス級）。,ホワイトベース ガンダム,3,White Base,,,
ほん,本,本は、文字や絵などを紙に印刷し、綴じたもの。,本,1,,,,
ほんじゅらす,ホンジュラス,ホンジュラスは、中央アメリカにある国。,ホンジュラス 国旗,3,Honduras,,,
ほんだな,本棚,本棚は、本を並べて収納する棚。,本棚,1,Bookshelf,,,
ほんぶ,本部,本部は、団体などの活動をまとめる中心となる場所や組織。,本部,2,Headquarters,assets/shiritori/honbu.png,asset,AI生成イラスト
ほんや,本屋,本屋は、本を売る店。書店ともいう。,本屋,1,,,,
ほーす,ホース,ホースは、水や空気などを通す柔らかい管。,ホース,1,Hose,,,
ほーほー,ホーホー,ホーホーは、同じ間隔で鳴くフクロウのポケモン。,ホーホー,3,Hoothoot,,,
ほーる,ホール,ホールは、集まりや催しなどに使う大きな部屋や建物。,ホール,2,Hall,,,
ぼう,棒,棒は、細長くまっすぐなもの。,棒,1,Stick,,,
ぼうえんきょう,望遠鏡,望遠鏡は、遠くの物を大きく見たり、天体を観察したりする道具。,望遠鏡,1,Telescope,,,
ぼうおんどけい,ぼう温度計,棒温度計は、細長いガラス管の中の液体の変化で温度を測る温度計。,棒温度計,2,Glass thermometer,,,
ぼうし,帽子,帽子は、頭にかぶるもの。日差しや寒さを防ぐためにも使う。,帽子,1,,,,
ぼうふう,暴風,暴風は、非常に強い風。,暴風,2,Gale,,,
ぼうる,ボウル,ボウルは、料理を混ぜたり、食べ物を盛ったりする深い器。,ボウル,1,Bowl,,,
ぼくじょう,牧場,牧場は、牛や羊などの家畜を飼育する場所。,牧場,1,,,,
ぼくれー,ボクレー,切り株に宿る幽霊ポケモン,ボクレー ポケモン,3,Phantump,,,
ぼすごどら,ボスゴドラ,山を縄張りとする鉄の鎧のポケモン,ボスゴドラ ポケモン,3,Aggron,,,
ぼすにあへるつぇごびな,ボスニア・ヘルツェゴビナ,ボスニア・ヘルツェゴビナは、バルカン半島にある国。,ボスニア・ヘルツェゴビナ 国旗,3,Bosnia and Herzegovina,,,
ぼたもち,ぼた餅,ぼた餅は、もち米などを丸め、あんこなどで包んだ菓子。,ぼた餅,1,Botamochi,,,
ぼたん,ボタン,ボタンは、服を留める小さな部品。また、機械を動かすために押す部分。,ボタン 服,1,,assets/shiritori/botan.png,asset,AI生成イラスト
ぼち,ボチ,墓場に住む子犬ポケモン,ボチ ポケモン,3,Greavard,,,
ぼつわな,ボツワナ,ボツワナは、アフリカ南部にある内陸国。,ボツワナ 国旗,3,Botswana,,,
ぼりびあ,ボリビア,ボリビアは、南アメリカにある内陸国。ウユニ塩湖がある。,ボリビア 国旗,3,Bolivia,,,
ぼるけにおん,ボルケニオン,蒸気を操る幻のポケモン,ボルケニオン ポケモン,3,Volcanion,,,
ぼるとろす,ボルトロス,雷を放つ伝説ポケモン,ボルトロス ポケモン,3,Thundurus,,,
ぼんど,ボンド,ボンドは、物を貼り合わせる接着剤。商品名としても使われる。,接着剤,2,Adhesive,,,
ぼーと,ボート,ボートは、水上を進む小型の船。,ボート,1,,,,
ぼーりんぐ,ボウリング,ボウリングは、球を転がして並んだピンを倒す競技。,ボウリング,1,Bowling,,,
ぼーる,ボール,ボールは、投げたり蹴ったりして遊ぶ、丸い用具。,ボール,1,,,,
ぼーるぺん,ボールペン,ボールペンは、先端の小さな球を回転させ、インクで書く筆記具。,ボールペン,1,Ballpoint pen,,,
ぽいんと,ポイント,ポイントは、物事の大事な点。また、点数や得点。,ポイント,1,Point,assets/shiritori/complete-5232.png,asset,AI生成イラスト
ぽかぶ,ポカブ,鼻から炎を出すブタポケモン,ポカブ ポケモン,3,Tepig,,,
ぽけっと,ポケット,ポケットは、服などについている、物を入れるための袋状の部分。,ポケット,1,,,,
ぽすたー,ポスター,ポスターは、知らせや広告などを伝えるために、壁などに貼る大きな紙。,ポスター,1,Poster,,,
ぽすと,ポスト,ポストは、郵便物を投函する箱。,郵便ポスト,1,,,,
ぽたーじゅ,ポタージュ,ポタージュは、野菜などを煮て作る、とろみのあるスープ。,ポタージュ,1,Potage,,,
ぽちえな,ポチエナ,鋭い牙を持つ子犬ポケモン,ポチエナ ポケモン,3,Poochyena,,,
ぽっと,ポット,ポットは、湯やお茶などを入れる容器。,ポット,1,Pot,,,
ぽっとです,ポットデス,ティーポットの幽霊ポケモン,ポットデス ポケモン,3,Polteageist,,,
ぽっぷ,ぽっぷ,アニメ「おジャ魔女どれみ」の登場人物である「春風ぽっぷ」のこと。どれみのしっかり者の妹。,春風ぽっぷ,3,Pop Harukaze,,,
ぽっぷこーん,ポップコーン,ポップコーンは、トウモロコシの粒を加熱してはじかせた菓子。,ポップコーン,1,Popcorn,,,
ぽっぽ,ポッポ,おとなしい性格の鳥ポケモン,ポッポ,3,Pidgey,,,
ぽてと,ポテト,ポテトは、じゃがいものこと。また、細く切って油で揚げた料理を指すこともある。,フライドポテト,1,,,,
ぽにーた,ポニータ,炎の鬣を持つ馬ポケモン,ポニータ,3,Ponyta,,,
ぽにーたがらるすがた,ポニータ(ガラル・すがた),パステルカラーの美しい姿,ポニータ(ガラル・すがた),3,Galarian Ponyta,,,
ぽぷら,ポプラ,ポプラは、成長が速く高くなる落葉樹。,ポプラ,2,Poplar,,,
ぽぽっこ,ポポッコ,花が咲いた綿毛ポケモン,ポポッコ,3,Skiploom,,,
ぽりえちれん,ポリエチレン,ポリエチレンは、袋や容器などに使われるプラスチックの一種。,ポリエチレン 樹脂,2,Polyethylene,,,
ぽりえちれんかん,ポリエチレン管,ポリエチレン管は、ポリエチレンで作られた管。,ポリエチレン管,2,Polyethylene pipe,,,
ぽりえちれんぶくろ,ポリエチレン袋,ポリエチレン袋は、ポリエチレンで作られた袋。,ポリエチレン袋 道具,2,Plastic bag,,,
ぽりごん,ポリゴン,プログラムで構成された人工ポケモン,ポリゴン,3,Porygon,,,
ぽりごんZ,ポリゴンZ,未完成の人工ポケモン,ポリゴンZ ポケモン,3,Porygon-Z,,,
ぽりごんつー,ポリゴン2,進化した人工ポケモン,ポリゴン2,3,Porygon2,,,
ぽるっくす,ポルックス,ポルックスは、ふたご座で最も明るい星。,ポルックス,2,Pollux,,,
ぽるとがる,ポルトガル,ポルトガルは、ヨーロッパの西端にある国。,ポルトガル 国旗,2,Portugal,,,
ぽろん,ポロン,アニメ「おジャ魔女どれみ」の用語。魔女見習いが魔法を使うときに使用する魔法の楽器。,ポロン 魔法 おジャ魔女,3,,,,
ぽんず,ポン酢,ポン酢は、柑橘類の果汁などを使った酸味のある調味料。ポン酢しょうゆを指すことも多い。,ポン酢,1,Ponzu,,,
ぽんど,ポンド,ポンドは、イギリスなどで使われる通貨の単位。,ポンド,2,Pound,,,
ぽんぷ,ポンプ,ポンプは、液体や気体を吸い上げたり、押し出したりする機械。,ポンプ,1,,,,
ぽーらんど,ポーランド,ポーランドは、中央ヨーロッパにある国。,ポーランド 国旗,2,Poland,,,
まいあさうら,マイアサウラ,こどもをだいじにそだてる、くさをたべるきょうりゅう。,マイアサウラ,2,Maiasaura,,,
まいく,マイク,マイクは、声や音を電気信号に変える装置。,マイク,1,Microphone,,,
まいご,迷子,迷子は、道が分からなくなったり、一緒にいた人とはぐれたりした人。,迷子,1,Lost child,assets/shiritori/complete-5264.png,asset,AI生成イラスト
まいたけ,舞茸,舞茸は、食用にするキノコ。,舞茸,1,mushroom,,,
まいなかーど,マイナカード,マイナンバーカードのこと,マイナカード,1,my number card,,,
まいなん,マイナン,応援で自分を弱くして相手をサポート,マイナン ポケモン,3,Minun,,,
まいにち,毎日,毎日は、一日一日続く日々。また、日ごとに。,毎日,1,Everyday,assets/shiritori/complete-5268.png,asset,AI生成イラスト
まえ,前,前は、自分の顔が向いている側。また、順番で先の方。,前,1,Front,assets/shiritori/complete-5269.png,asset,AI生成イラスト
まえかけ,前掛け,前掛けは、服が汚れないように体の前に着ける布。,前掛け,1,Apron,,,
まえがみ,前髪,前髪は、額に垂れる髪。,前髪,1,Bangs hair,,,
まえば,前歯,前歯は、口の前の方に並ぶ歯。,前歯,1,Incisor,,,
まかろに,マカロニ,マカロニは、短い筒形などをしたパスタ。,マカロニ,1,Macaroni,,,
まき,薪,薪は、燃料にするために切った木。,薪,1,Firewood,,,
まきじゃく,巻き尺,巻き尺は、長さを測るための、巻き取れる帯状の道具。,巻き尺,1,Tape measure,,,
まきずし,巻きずし,巻きずしは、ご飯や具をのりなどで巻いたすし。,巻きずし,1,Sushi roll,,,
まきはたやまはな,巻機山花,アニメ「おジャ魔女どれみ」の主要登場人物「ハナちゃん」が人間界の学校に通うときの本名。,ハナちゃん おジャ魔女,3,Hana Makihatayama,,,
まきびし,まきびし,まきびしは、踏むと痛い、とげのある道具。昔は敵の足止めにも使われた。,まきびし,1,thorn,,,
まきもの,巻物,巻物は、長い紙や布に書いたものを巻いて保存するもの。,巻物,2,Scroll,,,
まぎあな,マギアナ,人造の幻のポケモン,マギアナ ポケモン,3,Magearna,,,
まく,幕,幕は、場所を仕切ったり隠したりするために張る布。,幕,2,Curtain,,,
まくのした,マクノシタ,稽古熱心な力士ポケモン,マクノシタ ポケモン,3,Makuhita,,,
まくべ,マクベ,アニメ「機動戦士ガンダム」の登場人物。骨董品の壺を愛好するジオン公国軍の冷徹な指揮官。,マクベ ジオン,3,M'Quve,,,
まくら,枕,枕は、寝るときに頭の下に置く寝具。,枕,1,,assets/shiritori/pillow.png,asset,AI生成イラスト
まくわうり,甜瓜,甜瓜は、甘い実を食べるウリの仲間。マクワウリなどがある。,まくわうり,2,Rolling,,,
まぐかるご,マグカルゴ,溶岩の殻を持つポケモン,マグカルゴ,3,Magcargo,,,
まぐねっと,マグネット,マグネットは、磁石のこと。鉄などを引きつける性質がある。,マグネット,1,Magnet,,,
まぐねっとこーてぃんぐ,マグネット・コーティング,アニメ「機動戦士ガンダム」の用語。関節部に磁気被膜を施すことで摩擦を激減させ、MSの反応速度を飛躍的に高める技術。,マグネット・コーティング,3,,,,
まぐまっぐ,マグマッグ,マグマの体を持つポケモン,マグマッグ,3,Slugma,,,
まぐまらし,マグマラシ,炎が二段階で噴出する姿,マグマラシ,3,Quilava,,,
まぐろ,マグロ,マグロは、海を速く泳ぐ大型の魚。,マグロ,1,,,,
まけ,負け,負けは、勝負で相手に勝てなかったこと。,負け,1,Defeat,assets/shiritori/make.png,asset,AI生成イラスト
まけんかに,マケンカニ,喧嘩っ早い蟹ポケモン,マケンカニ ポケモン,3,Crabrawler,,,
まげ,まげ,まげは、髪を結い上げてまとめた昔の髪型。,まげ,2,Topknot,,,
まご,孫,孫は、自分の子どもの子ども。,孫,1,,,,
まごころ,真心,真心は、うそやごまかしのない、相手を大切に思う気持ち。,真心,2,Sincerity,assets/shiritori/magokoro.png,asset,AI生成イラスト
まさつ,摩擦,摩擦は、触れ合う物どうしがこすれ合うこと。また、そのときに動きを妨げる力。,摩擦,2,Friction,assets/shiritori/complete-5297.png,asset,AI生成イラスト
ましぇーど,マシェード,胞子を放つきのこポケモン,マシェード ポケモン,3,Shiinotic,,,
ましましら,マシマシラ,キタカミの英雄,マシマシラ ポケモン,3,Munkidori,,,
ましゅーぺりー,マシュー・ペリー,黒船を率いて来航し、江戸幕府に開国を迫ったアメリカの軍人,マシュー・ペリー 肖像,2,Matthew C. Perry,,,
まじょ,魔女,魔女は、物語などで魔法を使う女性。,魔女,1,Witch,,,
まじょかい,魔女界,アニメ「おジャ魔女どれみ」の用語。魔女たちが暮らしている人間界とは別の世界のこと。,魔女界 おジャ魔女,3,,,,
まじょみならい,魔女見習い,アニメ「おジャ魔女どれみ」の用語。魔女になるための修行をしている途中の女の子たちのこと。,魔女見習い おジャ魔女,3,,,,
まじょりか,マジョリカ,アニメ「おジャ魔女どれみ」の登場人物。どれみに正体を見破られて魔女ガエルになった魔法堂の主。,マジョリカ おジャ魔女,3,Majo Rika,,,
ます,マス,マスは、サケに近い仲間の魚の呼び名。,マス 魚,2,Trout,,,
ます,枡,枡は、米や酒などの量を測るために使う、四角い容器。,枡,2,Masu,,,
ますかーにゃ,マスカーニャ,手品を操る草の支配者,マスカーニャ ポケモン,3,Meowscarada,,,
ますきっぱ,マスキッパ,獲物を誘い込む食虫植物ポケモン,マスキッパ ポケモン,3,Carnivine,,,
ますく,マスク,マスクは、口や鼻をおおう布や道具。,マスク,1,Face mask,,,
まぜごはん,混ぜご飯,混ぜご飯は、炊いたご飯に具などを混ぜた料理。,混ぜご飯,1,Mixed rice,,,
また,股,股は、胴体と両脚のつなぎ目のあたり。,股,1,Groin,,,
またたび,マタタビ,マタタビは、ネコが好む香りを出すつる性の植物。,マタタビ,2,Silver vine,,,
またどがす,マタドガス,2つの頭を持つ毒ガスポケモン,マタドガス,3,Weezing,,,
まだがすかる,マダガスカル,マダガスカルは、アフリカ東岸の沖にある島国。,マダガスカル 国旗,3,Madagascar,,,
まだつぼみ,マダツボミ,つるのような細い体を持つ草ポケモン,マダツボミ,3,Bellsprout,,,
まだら,斑,斑は、色や模様が一様ではなく、まだらに入り交じっているようす。,まだら模様,1,Spotted,,,
まち,町,町は、人の住む家や店などが集まった場所。,町並み,1,,,,
まちあわせ,待ち合わせ,待ち合わせは、時間や場所を決めて人と会うこと。,待ち合わせ,1,Meeting appointment,assets/shiritori/complete-5318.png,asset,AI生成イラスト
まちがい,間違い,間違いは、正しくないこと。また、取り違えること。,間違い,1,Mistake,assets/shiritori/chigau.png,asset,AI生成イラスト
まっぎょ,マッギョ,罠を仕掛けるポケモン,マッギョ ポケモン,3,Stunfisk,,,
まっぎょがらるのすがた,マッギョ(ガラルのすがた),トラバサミのような姿,マッギョ(ガラルのすがた) ポケモン,3,Galarian Stunfisk,,,
まっしぶーん,マッシブーン,筋肉隆々のウルトラビースト,マッシブーン ポケモン,3,Buzzwole,,,
まっしゅ,マッシュ,アニメ「機動戦士ガンダム」の登場人物。「黒い三連星」の一員。隻眼のパイロットであり、突撃の起点や連携を支える。,マッシュ ガンダム,3,Mash,,,
まっすぐま,マッスグマ,時速100キロで走るポケモン,マッスグマ ポケモン,3,Linoone,,,
まっすぐまがらるのすがた,マッスグマ(ガラルのすがた),攻撃的なガラル姿,マッスグマ(ガラルのすがた) ポケモン,3,Galarian Linoone,,,
まっち,マッチ,マッチは、軸の先をこすって火をつける道具。,マッチ 道具,2,Match,,,
まつ,松,松は、細長い葉を一年中つける常緑樹。,松,1,,,,
まつかたまさよし,松方正義,第4・6代内閣総理大臣。日本銀行を設立し、松方財政と呼ばれるデフレ政策で紙幣整理を断行した,松方正義 肖像,3,MasayoshiMatsukata,,,
まつげ,まつげ,まつげは、まぶたのふちに生える毛。,まつげ,1,Eyelash,,,
まつたけ,マツタケ,マツタケは、香りがよく、食用にされるキノコ。,マツタケ,1,Matsutake,,,
まつぼっくり,松ぼっくり,松ぼっくりは、松の種が入った球果。,松ぼっくり,1,,,,
まつり,祭り,祭りは、神社や地域などで人々が集まって行う行事。,祭り,1,,assets/shiritori/complete-5332.png,asset,AI生成イラスト
まつりばやし,祭りばやし,祭りばやしは、祭りで演奏する笛や太鼓などの音楽。,祭りばやし,2,Festival music,,,
まと,的,的は、矢やボールなどを当てる目印。,的,1,Target,,,
まど,窓,窓は、外の光や風を取り入れたり、外を見たりするために建物の壁などに作る開口部。,窓,1,,,,
まないた,まな板,まな板は、食べ物を切るときに下に置く板。,まな板,1,Cutting board,,,
まなつ,真夏,真夏は、夏の中でも特に暑い時期。,真夏,1,Midsummer,,,
まなび,学び,学びは、知識や技術を身につけること。,学び,2,Learning,assets/shiritori/oshieru.png,asset,AI生成イラスト
まなふぃ,マナフィ,海の王子と呼ばれる幻のポケモン,マナフィ ポケモン,3,Manaphy,,,
まにゅーら,マニューラ,鋭い爪を持つ忍者ポケモン,マニューラ ポケモン,3,Weavile,,,
まね,まね,まねは、人や物の動きや形を似せること。,まね,1,Imitation,assets/shiritori/complete-5341.png,asset,AI生成イラスト
まねね,マネネ,相手の真似をするポケモン,マネネ ポケモン,3,Mime Jr.,,,
まふぉくしー,マフォクシー,魔法使いのような炎ポケモン,マフォクシー ポケモン,3,Delphox,,,
まふてぃー,マフティー,アニメ「機動戦士ガンダム 閃光のハサウェイ」の用語。地球の汚染を防ぐため、特権階級の粛清を行う反地球連邦政府組織。,マフティー,3,Mafty,,,
まふてぃーなびーゆえりん,マフティー・ナビーユ・エリン,アニメ「機動戦士ガンダム 閃光のハサウェイ」の用語。反地球連邦政府組織を率いるリーダーの偽名。,マフティー・ナビーユ・エリン,3,Mafty Navue Erin,,,
まぶた,まぶた,まぶたは、目を開け閉めするときに動く皮膚。,まぶた,1,Eyelid,,,
まほいっぷ,マホイップ,ケーキの姿のポケモン,マホイップ ポケモン,3,Alcremie,,,
まほう,魔法,魔法は、物語などで、ふしぎな力によって普通では起こらないことを起こすこと。,魔法,1,,assets/shiritori/noroi.png,asset,AI生成イラスト
まほうだま,魔法玉,アニメ「おジャ魔女どれみ」の用語。魔法を使うときに必要となるカラフルな玉。,魔法玉 おジャ魔女,3,,,,
まほうつかい,魔法使い,魔法使いは、物語などで魔法を使う人。,魔法使い,1,Wizard,,,
まほうどう,MAHO堂,アニメ「おジャ魔女どれみ」の用語。どれみたちが働くことになった魔法グッズやお菓子を売るお店。,MAHO堂,3,,,,
まほみる,マホミル,生クリームから生まれたポケモン,マホミル ポケモン,3,Milcery,,,
まま,ママ,ママは、お母さんを親しんで呼ぶ言葉。,ママ,1,,,,
ままんぼう,ママンボウ,癒しの心を持つ魚ポケモン,ママンボウ ポケモン,3,Alomomola,,,
まめ,豆,豆は、さやの中にできる植物の種。食べ物にするものが多い。,豆,1,,,,
まめばった,マメバッタ,跳躍が得意なバッタポケモン,マメバッタ ポケモン,3,Nymble,,,
まめぱと,マメパト,物覚えが悪い鳩ポケモン,マメパト ポケモン,3,Pidove,,,
まめまき,豆まき,豆まきは、節分に豆をまき、災いを追い払って福を願う行事。,豆まき,1,Bean throwing,assets/shiritori/complete-5358.png,asset,AI生成イラスト
まもり,守り,守りは、大切な人や物を危険から守ること。また、そのための備え。,守り,2,Protection,assets/shiritori/mamori.png,asset,AI生成イラスト
まもりがみ,守り神,守り神は、人や場所を守るとされる神。,守り神,2,Guardian deity,,,
まゆ,眉,眉は、目の上に生えている毛。,眉毛,1,Eyebrow,,,
まゆ,繭,繭は、カイコなどが糸を吐いて作る、さなぎを包むもの。,繭,2,Cocoon,,,
まゆるど,マユルド,毒々しい殻を持つ蛹ポケモン,マユルド ポケモン,3,Cascoon,,,
まらうい,マラウイ,アフリカ東部の細長い内陸国で、国土の多くを占める美しいマラウイ湖には多くの固有の魚がいる国,マラウイ 国旗,3,Malawi,,,
まり,マリ,西アフリカの内陸国で、かつて黄金貿易で栄えた古代都市トンブクトゥや、独特の泥のモスクがある国,マリ 国旗,3,Mali,,,
まり,毬,毬は、遊びなどに使う丸い玉。,毬,1,Ball,,,
まりお,マリオ,ふぁみこんでおなじなのかんこく,マリオ,1,Mario,,,
まりくに,マリクニ,マラカスを振るサボテンポケモン,マリクニ ポケモン,3,Maractus,,,
まりる,マリル,水辺で遊ぶ泡ポケモン,マリル,3,Marill,,,
まりるり,マリルリ,水中を泳ぐ力強いポケモン,マリルリ,3,Azumarill,,,
まる,丸,丸は、円や球のような形。,丸,1,Circle,,,
まるぞこふらすこ,丸そこフラスコ,丸底フラスコは、底が丸い実験用の容器。液体を均一に加熱するときなどに使う。,丸底フラスコ,2,Round-bottom flask,,,
まるた,マルタ,マルタは、地中海にある島国。首都はバレッタ。,マルタ 国旗,3,Malta,,,
まるのーむ,マルノーム,毒を吐き出すポケモン,マルノーム ポケモン,3,Swalot,,,
まるまいん,マルマイン,電気を溜め込んで爆発する姿,マルマイン,3,Electrode,,,
まるまいんひすいのすがた,マルマイン(ヒスイのすがた),ヒスイ地方の爆発ポケモン,マルマイン(ヒスイのすがた),3,Hisuian Electrode,,,
まるやくで,マルヤクデ,巨大な火炎ムカデポケモン,マルヤクデ ポケモン,3,Centiskorch,,,
まれーしあ,マレーシア,マレーシアは、東南アジアにある国。,マレーシア 国旗,2,Malaysia,,,
まわし,まわし,まわしは、相撲を取るときに腰に巻く布。,まわし,2,Mawashi,,,
まわり,周り,周りは、ある物や場所を取り囲む部分。,周り,1,Surroundings,assets/shiritori/complete-5380.png,asset,アプリ作成図
まんが,漫画,漫画は、絵を使って物語や情報を表した作品。,漫画,1,Comic,,,
まんきー,マンキー,すぐに怒り出す猿ポケモン,マンキー,3,Mankey,,,
まんごー,マンゴー,マンゴーは、熱帯や亜熱帯で育つ甘い果物。,マンゴー,1,Mango,,,
まんじゅう,まんじゅう,まんじゅうは、小麦粉などの皮であんなどを包んだ菓子。,まんじゅう,1,Manju,,,
まんたいん,マンタイン,海を滑空するエイポケモン,マンタイン,3,Mantine,,,
まんと,マント,マントは、肩や背中に羽織る、袖のない衣服。,マント,1,Cape,,,
まんとひひ,マントヒヒ,マントヒヒは、顔や尻に特徴のあるサルの仲間。,マントヒヒ,2,Mandrill,,,
まんねんひつ,万年筆,万年筆は、軸に入れたインクで書く筆記具。,万年筆,2,Fountain pen,,,
まんむー,マンムー,巨大な牙を持つマンモスポケモン,マンムー,3,Mamoswine,,,
まーいーか,マーイーカ,回転して威嚇するポケモン,マーイーカ ポケモン,3,Inkay,,,
まーしゃどー,マーシャドー,影に潜む幻のポケモン,マーシャドー ポケモン,3,Marshadow,,,
まーしゃるしょとう,マーシャル,マーシャル諸島は、太平洋にある多くの島からなる国。,マーシャル諸島 国旗,3,Marshall Islands,,,
まーぶる,マーブル,マーブルは、大理石のように、色が入り交じった模様。,マーブル,2,Marble pattern,,,
み,実,実は、植物にできる種を含む部分。,果実,1,Fruit,,,
みえ,三重県,三重県は、日本の近畿地方にある県。伊勢神宮がある。,三重県,1,Mie,,,
みかた,味方,味方は、自分と同じ側に立って助けてくれる人や仲間。,味方,1,Ally,assets/shiritori/complete-5396.png,asset,AI生成イラスト
みかづき,三日月,三日月は、細く弓のような形に見える月。,三日月,1,Crescent moon,,,
みかづきおーがす,三日月・オーガス,アニメ「機動戦士ガンダム 鉄血のオルフェンズ」の主人公。鉄華団に所属するガンダム・バルバトスのパイロット。,三日月・オーガス,3,Mikazuki Augus,,,
みかるげ,ミカルゲ,108個の魂が合わさったポケモン,ミカルゲ ポケモン,3,Spiritomb,,,
みかん,ミカン,ミカンは、皮をむいて食べる、冬に旬を迎える柑橘類の果物。,ミカン,1,,,,
みかん,みかん,みかんは、皮をむいて食べる、冬に旬を迎える柑橘類の果物。,みかん,1,,,,
みき,幹,幹は、木の中心にある太い部分。,幹,1,Tree trunk,,,
みぎ,右,右は、北を向いたとき東にあたる側。左の反対。,右,1,Right direction,,,
みくろ,ミクロ,ミクロは、とても小さいことを表す言葉。,ミクロ,2,Micro,assets/shiritori/complete-3490.png,asset,アプリ作成図
みくろねしア,ミクロネシア,西太平洋に広がる多数の小さな島々からなる連邦国家で、美しい海と豊かな自然が魅力の国,ミクロネシア連邦 国旗,3,Micronesia,,,
みけねこ,三毛猫,三毛猫は、白・黒・茶色など三色の毛を持つ猫。,三毛猫,1,Calico cat,,,
みこ,巫女,巫女は、神社で神事や仕事を手伝う人。,巫女,2,Miko,,,
みこし,みこし,みこしは、祭りで人々が担いで運ぶ、神社の神様を乗せるもの。,みこし,1,Mikoshi,,,
みさき,岬,岬は、海や湖に突き出した陸地。,岬,2,Cape geography,,,
みしょうまい,美翔舞,「ふたりはプリキュア Splash☆Star」の登場人物。キュアイーグレットに変身する。夕凪中学校の美術部に所属するおしとやかな少女。観察眼が鋭く冷静沈着で、咲の親友。,美翔舞 アニメ,3,,,,
みしん,ミシン,ミシンは、糸を使って布などを縫う機械。,ミシン,1,Sewing machine,,,
みじゅまる,ミジュマル,腹の貝殻を武器にするポケモン,ミジュマル ポケモン,3,Oshawott,,,
みす,御簾,御簾は、細く割った竹などを編んで作る、目隠し用のすだれ。,御簾,2,Bamboo blind,,,
みすみなぎさ,美墨なぎさ,「ふたりはプリキュア」の主人公。キュアブラックに変身する。ベローネ学院女子中等部ラクロス部のエースで運動神経抜群だが、勉強は少し苦手な女子中学生。,美墨なぎさ アニメ,3,,,,
みず,水,水は、水素と酸素からできた、無色透明の液体。多くの生物に必要。,水 液体,2,Water,,,
みずあそび,水遊び,水遊びは、水を使って遊ぶこと。,水遊び,1,,assets/shiritori/complete-5416.png,asset,AI生成イラスト
みずいろ,みずいろ,水色は、薄い青色。,みずいろ,1,Blue,,,
みずうみ,湖,湖は、周りを陸地に囲まれた水域。,湖,1,,,,
みずぎ,水着,水着は、水泳や水遊びのときに着る服。,水着,1,Swimsuit,,,
みずぐるま,水車,水車は、流れる水の力で回す車。,水車,2,Water wheel,,,
みずごろう,ミズゴロウ,水辺に住む可愛いポケモン,ミズゴロウ ポケモン,3,Mudkip,,,
みずさし,水差し,水差しは、水を入れて注ぐための容器。,水差し,1,Water pitcher,,,
みずたま,水玉,水玉は、水の丸い粒。また、丸い点を並べた模様。,水玉模様,1,,,,
みずたまり,みずたまり,水たまりは、雨などで地面にたまった水。,みずたまり,1,Puddle,,,
みずでっぽう,水鉄砲,水鉄砲は、水を飛ばして遊ぶおもちゃ。,水鉄砲,1,Water gun,,,
みずどけい,水時計,水時計は、水が流れる量や速さを利用して時間を測る道具。,水時計,2,Water clock,,,
みずべ,水辺,水辺は、川や池、湖などの水に近い場所。,水辺,1,Waterside,,,
みずまくら,水枕,水枕は、水を入れて頭を冷やすために使う枕。,水枕,2,Water pillow,,,
みせ,店,店は、品物を売ったり、サービスを提供したりする場所。,お店,1,,,,
みそ,味噌,味噌は、大豆などを発酵させて作る調味料。,味噌,1,Miso,,,
みそしる,味噌汁,味噌汁は、だしに味噌を溶かして作る汁物。,味噌汁,1,,,,
みぞ,溝,溝は、地面などに作られた細長いくぼみ。,溝,1,Ditch,,,
みち,道,道は、人や車などが通るためのところ。,道,1,Road,,,
みちくさ,道草,道草は、目的地へ行く途中で、別のことをして時間を過ごすこと。,道草,1,Detour,assets/shiritori/complete-5434.png,asset,AI生成イラスト
みちしるべ,道しるべ,道しるべは、進む方向や道順を示す印や案内。,道しるべ,1,Signpost,,,
みっきーまうす,ミッキーマウス,ディズニーのゆうめいなねずみのキャラクター。,ミッキーマウス,1,Mickey Mouse,,,
みつ,蜜,蜜は、花などにある甘い液。,蜜,1,Nectar,,,
みつあみ,三つ編み,三つ編みは、髪などを三つに分け、交互に編んだ形。,三つ編み,1,Braid,,,
みつぎ,御調町,おのみちしにある、しぜんゆたかなまち。,御調町,2,Mitsugi,,,
みつば,ミツバ,ミツバは、三枚の葉をつける香りのある野菜。,ミツバ,2,Mitsuba,,,
みつばち,ミツバチ,ミツバチは、花の蜜や花粉を集めるハチ。,ミツバチ,1,,,,
みどり,緑,緑は、草木の葉のような色。,緑色,1,,,,
みどりかわなお,緑川なお,「スマイルプリキュア!」の登場人物。キュアマーチに変身する。七色ヶ丘中学校に通う。多くの弟妹を持つしっかり者で、何事にも真っ直ぐなスポーツ少女。,緑川なお アニメ,3,,,,
みなづきかれん,水無月かれん,「Yes! プリキュア5」の登場人物。キュアアクアに変身する。サンクルミエール学園の生徒会長を務める秀才。責任感が強く凛とした佇まいの少女。,水無月かれん アニメ,3,,,,
みなと,港,港は、船が停泊し、人や荷物を乗せたり降ろしたりする場所。,港,1,Harbor,,,
みなみ,南,南は、北の反対の方角。東を向いたとき右側。,南,1,South,,,
みなみあふりか,南アフリカ,南アフリカは、アフリカ大陸の南部にある国。,南アフリカ 国旗,2,South Africa,,,
みなみすーだん,南スーダン,南スーダンは、2011年にスーダンから独立した、アフリカの内陸国。,南スーダン 国旗,3,South Sudan,,,
みなみのかなで,南野奏,「スイートプリキュア♪」の登場人物。キュアリズムに変身する。お菓子（特にカップケーキ）作りの名人であり、お調べ処のしっかり者な優等生。,南野奏 アニメ,3,,,,
みなもとのよしつね,源義経,源頼朝の弟。戦いの天才として平氏を滅ぼしたが、後に兄と対立した,源義経 肖像,2,Minamoto no Yoshitsune,,,
みなもとのよりとも,源頼朝,平氏を倒して征夷大将軍となり、鎌倉幕府を開いて武家政治を始めた,源頼朝 肖像,2,Minamoto no Yoritomo,,,
みにりゅう,ミニリュウ,幻とされるドラゴンの幼体,ミニリュウ,3,Dratini,,,
みにーぶ,ミニーブ,オリーブの芽のポケモン,ミニーブ ポケモン,3,Smoliv,,,
みね,峰,峰は、山の頂上や高く突き出た部分。,峰,2,Mountain peak,,,
みねずみ,ミネズミ,見張り役のスカウトポケモン,ミネズミ ポケモン,3,Patrat,,,
みの,蓑,蓑は、わらなどで作った昔の雨具。,蓑,2,Mino raincoat,,,
みのふすきーりゅうし,ミノフスキー粒子,アニメ「機動戦士ガンダム」の用語。レーダーを妨害し、肉眼による白兵戦を引き起こした特殊粒子。,ミノフスキー粒子,3,Minovsky particle,,,
みのむし,ミノムシ,ミノムシは、木の葉や小枝などで袋を作って暮らすガの幼虫。,ミノムシ,1,Bagworm,,,
みはらし,三原市,三原市は、広島県にある港町。タコで知られる。,三原市,1,Mihara,,,
みはり,見張り,見張りは、危険や異常がないか注意して見ること。また、その人。,見張り,2,Lookout,assets/shiritori/complete-5460.png,asset,AI生成イラスト
みぶりむ,ミブリム,感情を読み取るポケモン,ミブリム ポケモン,3,Hatenna,,,
みみ,耳,耳は、音を聞き取るための体の部分。顔の左右にある。,耳,1,,,,
みみあて,耳当て,耳当ては、耳を寒さから守るために着けるもの。,耳当て,1,Earmuffs,,,
みみかき,耳かき,耳かきは、耳の穴の入り口付近の汚れを取る道具。,耳かき,1,Ear pick,,,
みみず,ミミズ,ミミズは、土の中などにすむ、足のない細長い動物。昆虫ではない。,ミミズ,1,,,,
みみずく,ミミズク,ミミズクは、頭に羽角と呼ばれる羽毛の束があるフクロウの仲間。,ミミズク,1,Owl,,,
みみずず,ミミズズ,鋼の体を持つミミズポケモン,ミミズズ ポケモン,3,Orthworm,,,
みみたぶ,耳たぶ,耳たぶは、耳の下にある柔らかい部分。,耳たぶ,1,Earlobe,,,
みみっきゅ,ミミッキュ,布を被った正体不明のポケモン,ミミッキュ ポケモン,3,Mimikyu,,,
みみのくるみ,美々野くるみ,「Yes! プリキュア5GoGo!」の登場人物。ミルキィローズに変身する。その正体は妖精ミルクが人間の姿になったもので、サンクルミエール学園に通う。,美々野くるみ アニメ,3,,,,
みみろっぷ,ミミロップ,毛並みが美しいウサギポケモン,ミミロップ ポケモン,3,Lopunny,,,
みみろる,ミミロル,耳を丸めるウサギポケモン,ミミロル ポケモン,3,Buneary,,,
みゃんまー,ミャンマー,ミャンマーは、東南アジアにある国。,ミャンマー 国旗,2,Myanmar,,,
みやぎ,宮城県,宮城県は、日本の東北地方にある県。県庁所在地は仙台市。,宮城県,1,Miyagi,,,
みやげ,土産,土産は、旅行先などで買い、家族や友人に渡す品物。,土産,1,,,,
みやこ,都,都は、政治や文化の中心となる都市。,都,2,Capital city,,,
みやざき,宮崎県,宮崎県は、日本の九州地方にある県。,宮崎県,1,Miyazaki,,,
みゅう,ミュウ,すべてのポケモンの遺伝子を持つ幻のポケモン,ミュウ,3,Mew,,,
みゅうつー,ミュウツー,最強を目指して作られた人造ポケモン,ミュウツー,3,Mewtwo,,,
みょうどういんいつき,明堂院いつき,「ハートキャッチプリキュア!」の登場人物。キュアサンシャインに変身する。明堂学園の生徒会長であり、実家の空手道場を継ぐため男装している武道家。,明堂院いつき アニメ,3,,,,
みょうばん,ミョウバン,ミョウバンは、水に溶ける白い結晶。結晶を作る実験にも使われる。,ミョウバン 薬品,2,Alum あるこーる,,,
みよしし,三次市,三次市は、広島県北部にある市。,三次市,1,Miyoshi,,,
みらい,未来,未来は、これから先の時間や出来事。,未来,1,Future,assets/shiritori/complete-1668.png,asset,AI生成イラスト
みらいどん,ミライドン,未来を駆ける伝説ポケモン,ミライドン ポケモン,3,Miraidon,,,
みりあんぺあ,mA,電流の強さを表す単位。1000ミリアンペアで1アンペアになる,電流 単位,2,Milliampere,,,
みりめーとる,mm,長さを表す単位。1センチメートルの10分の1の長さ,長さ 単位,2,Millimeter,,,
みりりっとる,ミリリットル/ml,体積を表す単位。1000ミリリットルで1リットルになる,体積 単位,2,Milliliter,,,
みりん,みりん,みりんは、料理に甘みやつやを加える調味料。,みりん,2,Mirin,,,
みるきぃろーず,ミルキィローズ,「Yes! プリキュア5GoGo!」にて美々野くるみが変身する姿。青い薔薇の力を解放し、鋭い打撃と強力なエネルギーで他のプリキュアと共に前線を支える。,ミルキィローズ アニメ,3,,,,
みるく,ミルク,ミルクは、哺乳類の母親が子に飲ませる乳。牛などの乳を飲み物や食品に使う。,ミルク,1,Milk,,,
みるたんく,ミルタンク,美味しいミルクを出すポケモン,ミルタンク,3,Miltank,,,
みるほっぐ,ミルホッグ,目を光らせて警戒するポケモン,ミルホッグ ポケモン,3,Watchog,,,
みーとぼーる,ミートボール,ミートボールは、ひき肉などを丸めて作った料理。,ミートボール,1,Meatball,,,
むうま,ムウマ,泣き声を上げて驚かせるポケモン,ムウマ,3,Misdreavus,,,
むうまーじ,ムウマージ,魔法のような力を操るポケモン,ムウマージ ポケモン,3,Mismagius,,,
むかい,向かい,向かいは、正面にある側や場所。,向かい,1,Opposite side,assets/shiritori/complete-5496.png,asset,AI生成イラスト
むかいしま,向島町,おのみちしからすぐの、うみにかこまれたしま。,向島町,2,Mukaishima,,,
むかし,昔,昔は、今よりずっと前の時代や時間。,昔,1,Past,assets/shiritori/natsukashii.png,asset,AI生成イラスト
むかしばなし,昔話,昔話は、昔から人々に語り伝えられてきた話。,昔話,1,Folktale,,,
むかで,ムカデ,ムカデは、細長い体にたくさんの脚がある節足動物。,ムカデ,1,Centipede,,,
むぎ,麦,麦は、小麦や大麦など、穀物の仲間。パンや麺、飲み物などに使われる。,麦,1,,,,
むぎこ,むぎ粉,麦粉は、麦をひいて作った粉。小麦粉などがある。,小麦粉 物質,2,Flour,,,
むぎちゃ,麦茶,麦茶は、炒った大麦などを煮出して作る飲み物。,麦茶,1,Barley tea,,,
むぎばたけ,麦畑,麦畑は、麦を育てている畑。,麦畑,1,Wheat field,,,
むぎわら,麦わら,麦わらは、麦の穂を刈り取った後に残る茎。,麦わら,1,Straw,,,
むぎわらぼうし,麦わら帽子,麦わら帽子は、麦わらなどを編んで作った帽子。,麦わら帽子,1,Straw hat,,,
むくげ,ムクゲ,ムクゲは、夏から秋に大きな花を咲かせる木。,ムクゲ,2,Hibiscus syriacus,,,
むくどり,ムクドリ,ムクドリは、町や農地などで見られる鳥。,ムクドリ,1,,,,
むげんだいな,ムゲンダイナ,無限の力を秘める伝説ポケモン,ムゲンダイナ ポケモン,3,Eternatus,,,
むこう,向こう,向こうは、こちらから見て反対側の場所。,向こう,1,opposite side,assets/shiritori/complete-5510.png,asset,AI生成イラスト
むし,虫,虫は、昆虫など小さな節足動物を指す言葉。昆虫は脚が六本ある。,昆虫,1,,,,
むしあつさ,蒸し暑さ,蒸し暑さは、湿気が多く、むっとする暑さ。,蒸し暑さ,2,Humidity,assets/shiritori/complete-5512.png,asset,AI生成イラスト
むしかご,虫かご,虫かごは、捕まえた虫を入れておくかご。,虫かご,1,Insect cage,,,
むしとりあみ,虫取り網,虫取り網は、虫を捕まえるための網。,虫取り網,1,Butterfly net,,,
むしば,虫歯,虫歯は、歯に付いた細菌が糖を利用して酸を作り、歯を溶かした状態。,虫歯,1,,,,
むしぱん,蒸しパン,蒸しパンは、生地を蒸してふくらませた食べ物。,蒸しパン,1,Steamed bread,,,
むしめがね,虫眼鏡,虫眼鏡は、小さな物を大きく見せるレンズの道具。,虫眼鏡,1,,,,
むしゃーな,ムシャーナ,夢の煙を出すポケモン,ムシャーナ ポケモン,3,Musharna,,,
むしやき,蒸し焼き,蒸し焼きは、ふたをして蒸気を閉じ込め、焼く調理法。,蒸し焼き,2,Steam cooking,,,
むすこ,息子,息子は、自分の子どもである男の子。,息子,1,Son,,,
むすびめ,結び目,結び目は、ひもなどを結んだ部分。,結び目,1,Knot,,,
むすめ,娘,娘は、自分の子どもである女の子。,娘,1,,,,
むだ,無駄,無駄は、役に立たず、使ったり費やしたりしても効果がないこと。,無駄,2,Waste,assets/shiritori/complete-5523.png,asset,AI生成イラスト
むち,むち,むちは、動物を追ったり、打ったりするための細長い道具。,むち,2,Whip,,,
むちゅーる,ムチュール,唇が特徴的な幼い姿,ムチュール,3,Smoochum,,,
むつむねみつ,陸奥宗光,明治時代の外交官。不平等条約のうち「領事裁判権」の撤廃に成功した,陸奥宗光 肖像,2,Mutsu Munemitsu,,,
むね,胸,胸は、首と腹の間にある体の前側。,胸,1,Chest,,,
むら,村,村は、町や市より規模の小さい自治体。また、その地域。,村,1,,,,
むらさき,紫,紫は、赤と青の間にある色。,紫,1,Purple,,,
むらさきしきぶ,紫式部,藤原道長の娘に仕え、世界的に有名な『源氏物語』を書いた作者,紫式部 肖像,2,Murasaki Shikibu,,,
むれ,群れ,群れは、同じ種類の動物などが集まっているもの。,群れ,1,Flock,,,
むろまちじだい,室町時代,足利尊氏が京都に幕府を開き、武家と公家の文化が融合した時代,室町時代 建築,2,Muromachi period,,,
むんな,ムンナ,夢を食べるポケモン,ムンナ ポケモン,3,Munna,,,
むーらんど,ムーランド,海難救助で活躍するポケモン,ムーランド ポケモン,3,Stoutland,,,
め,目,目は、光を感じ、物の形や色を見るための体の部分。,目,1,,,,
め,芽,芽は、植物の茎や葉などになる、成長し始めた部分。,植物 芽,1,Bud,,,
めいし,名刺,名刺は、名前や連絡先などを書いて、人に渡す小さなカード。,名刺,2,Business card,,,
めいし,名詞,名詞は、人や物、場所などの名前を表す言葉。,名詞,2,Noun,,,
めいじいしん,明治維新,明治維新は、江戸幕府が終わり、明治政府ができた政治や社会の大きな変化。,明治維新,2,Meiji Restoration,,,
めいじてんのう,明治天皇,明治時代の天皇。五箇条の御誓文や大日本帝国憲法を発布した,明治天皇 肖像,2,Emperor Meiji,,,
めいじん,名人,名人は、あることをとても上手にできる人。,名人,1,Master,,,
めいぶつ,名物,名物は、その土地や場所でよく知られている品物や食べ物。,名物,2,Local specialty,,,
めいろ,迷路,迷路は、道が入り組み、出口まで進むのが難しく作られたもの。,迷路,1,Maze,,,
めぇーくる,メェークル,山岳を駆けるヤギポケモン,メェークル ポケモン,3,Skiddo,,,
めかくし,目隠し,目隠しは、目をおおって見えないようにすること。また、その物。,目隠し,1,Blindfold,assets/shiritori/complete-5545.png,asset,AI生成イラスト
めがえるれいど,メガエルレイド,メガシンカでマントのような姿に,エルレイド(メガエルレイド) ポケモン,3,Mega Gallade,,,
めがかいろす,メガカイロス,メガシンカで翼が生えた姿,カイロス(メガカイロス),3,Mega Pinsir,,,
めがかめっくす,メガカメックス,メガシンカで砲台が大きくなった姿,メガカメックス,3,Mega Blastoise,,,
めががぶりあす,メガガブリアス,メガシンカで鎌状の爪を持つ姿,ガブリアス(メガガブリアス) ポケモン,3,Mega Garchomp,,,
めががるーら,メガガルーラ,親子の絆で戦う姿,ガルーラ(メガガルーラ),3,Mega Kangaskhan,,,
めがぎゃらどす,メガギャラドス,海を支配する強大な姿,ギャラドス(メガギャラドス),3,Mega Gyarados,,,
めがくちーと,メガクチート,メガシンカで二つの顎を持つ,クチート(メガクチート) ポケモン,3,Mega Mawile,,,
めがげんがー,ガゲンガー,メガシンカでさらに異次元の力を持つ姿,ゲンガー(メガゲンガー),3,Mega Gengar,,,
めがさめはだー,メガサメハダー,メガシンカで凶暴性が増した姿,サメハダー(メガサメハダー) ポケモン,3,Mega Sharpedo,,,
めがさーないと,メガサーナイト,メガシンカでドレスのような姿に,サーナイト(メガサーナイト) ポケモン,3,Mega Gardevoir,,,
めがじゅかいん,メガジュカイン,メガシンカで尻尾を飛ばす姿,ジュカイン(メガジュカイン) ポケモン,3,Mega Sceptile,,,
めがすぴあー,メガスピアー,メガシンカでさらに攻撃的に進化した姿,メガスピアー,3,Mega Beedrill,,,
めがちゃーれむ,メガチャーレム,メガシンカで精神力が極まった姿,チャーレム(メガチャーレム) ポケモン,3,Mega Medicham,,,
めがちるたりす,メガチルタリス,メガシンカで妖精タイプになった姿,チルタリス(メガチルタリス) ポケモン,3,Mega Altaria,,,
めがでんりゅう,メガデンリュウ,尻尾の毛が伸びた姿,デンリュウ(メガデンリュウ),3,Mega Ampharos,,,
めがにうむ,メガニウム,花を咲かせた優雅な姿,メガニウム,3,Meganium,,,
めがね,眼鏡,眼鏡は、レンズを通して物を見やすくするため、顔にかける道具。,眼鏡,1,,,,
めがねけーす,眼鏡ケース,眼鏡ケースは、眼鏡を入れて保管する入れ物。,眼鏡ケース,1,Glasses case,,,
めがはがねーる,メガハガネール,メガシンカで浮遊する岩を纏う姿,ハガネール(メガハガネール),3,Mega Steelix,,,
めがはっさむ,メガハッサム,メガシンカでハサミが巨大化した姿,ハッサム(メガハッサム),3,Mega Scizor,,,
めがばくーだ,メガバクーダ,メガシンカで噴火が激しくなった姿,バクーダ(メガバクーダ) ポケモン,3,Mega Camerupt,,,
めがばしゃーも,メガバシャーモ,メガシンカで炎が激しくなる姿,バシャーモ(メガバシャーモ) ポケモン,3,Mega Blaziken,,,
めがばんぎらす,メガバンギラス,メガシンカでさらに暴れまわる姿,バンギラス(メガバンギラス) ポケモン,3,Mega Tyranitar,,,
めがぴくしー,ピメガピクシー,メガシンカで魔法の力が強化された姿,ピクシー(メガピクシー),3,Mega Clefable,,,
めがぴじょっと,メガピジョット,メガシンカでさらに飛翔能力が上がった姿,メガピジョット,3,Mega Pidgeot,,,
めがふしぎばな,メガフシギバナ,メガシンカによってさらに強力になった姿,メガフシギバナ,3,Mega Venusaur,,,
めがふーでぃん,メガフーディン,メガシンカでさらに頭脳が冴えた姿,フーディン(メガフーディン),3,Mega Alakazam,,,
めがぷてら,メガプテラ,メガシンカで岩の結晶を纏った姿,プテラ(メガプテラ),3,Mega Aerodactyl,,,
めがへらくろす,メガヘラクロス,メガシンカで角が巨大化した姿,ヘラクロス(メガヘラクロス),3,Mega Heracross,,,
めがへるがー,メガヘルガー,メガシンカで体温が極限まで上がった姿,ヘルガー(メガヘルガー),3,Mega Houndoom,,,
めがぼすごどら,メガボスゴドラ,メガシンカで鉄の鎧が強化された姿,ボスゴドラ(メガボスゴドラ) ポケモン,3,Mega Aggron,,,
めがみみろっぷ,メガミミロップ,メガシンカで攻撃的になった姿,ミミロップ(メガミミロップ) ポケモン,3,Mega Lopunny,,,
めがみゅうつーえっくす,メガミュウツーX,メガシンカで筋肉質になった姿,ミュウツー(メガミュウツーX),3,Mega Mewtwo X,,,
めがみゅうつーわい,メガミュウツーY,メガシンカで精神力が極まった姿,ミュウツー(メガミュウツーY),3,Mega Mewtwo Y,,,
めがやどらん,メガヤドラン,メガシンカでシェルダーが巨大化した姿,ヤドラン(メガヤドラン),3,Mega Slowbro,,,
めがやみらみ,メガヤミラミ,メガシンカで巨大な宝石を盾にする,ヤミラミ(メガヤミラミ) ポケモン,3,Mega Sableye,,,
めがやんま,メガヤンマ,メガヤンマは、目が大きく、すばやく飛ぶ虫ポケモン。,メガヤンマ ポケモン,3,Yanmega,,,
めがゆきのおー,メガユキノオー,メガユキノオーは、メガシンカしたユキノオー。,ユキノオー(メガユキノオー) ポケモン,3,Mega Abomasnow,,,
めがらいちゅうえっくす,ライチュウ(メガライチュウX),メガシンカによって攻撃能力が高まった姿,ライチュウ(メガライチュウX),3,Mega Raichu X,,,
めがらいちゅうわい,ライチュウ(メガライチュウY),メガシンカでスピードが強化された姿,ライチュウ(メガライチュウY),3,Mega Raichu Y,,,
めがらいぼると,メガライボルト,メガシンカで雷を放つ姿,ライボルト(メガライボルト) ポケモン,3,Mega Manectric,,,
めがらぐらーじ,メガラグラージ,メガシンカで筋肉が発達した姿,ラグラージ(メガラグラージ) ポケモン,3,Mega Swampert,,,
めがりざーどんえっくす,メガリザードンX,メガシンカでほのお・ドラゴンタイプになった姿,メガリザードンX,3,Mega Charizard X,,,
めがりざーどんわい,メガリザードンY,メガシンカでより空の飛行能力が高まった姿,メガリザードンY,3,Mega Charizard Y,,,
めがるかりお,メガルカリオ,メガシンカしたルカリオ,めがるかりお ポケモン,3,Mega Lucario,,,
めがるかりおぜっと,メガルカリオZ,メガルカリオの特定の強化状態を指す呼称,めがるかりおZ ポケモン,3,Mega Lucario,,,
めきしこ,メキシコ,メキシコは、北アメリカ南部にある国。,メキシコ 国旗,2,Mexico,,,
めぐろこ,メグロコ,砂に潜るワニポケモン,メグロコ ポケモン,3,Sandile,,,
めざし,目刺し,目刺しは、目に串を通して数匹を束ね、干したイワシ。,目刺し,2,Spear,,,
めじるし,目印,目印は、見つけやすくしたり、場所を示したりするための印。,目印,1,Landmark,assets/shiritori/complete-5595.png,asset,AI生成イラスト
めじろ,メジロ,メジロは、目のまわりが白い小さな鳥。,メジロ,1,Japanese white eye,,,
めすしりんだー,メスシリンダー,メスシリンダーは、目盛りを使って液体の体積を測る細長い容器。,メスシリンダー,2,Graduated cylinder,,,
めたもん,メタモン,姿を変えることができる不思議なポケモン,メタモン,3,Ditto,,,
めだか,メダカ,メダカは、川や田んぼの水路などにすむ小さな淡水魚。,メダカ,1,,,,
めだま,目玉,目玉は、眼球のこと。,目玉,1,eye,,,
めだまやき,目玉焼き,目玉焼きは、卵を割り、形を崩さずに焼いた料理。,目玉焼き,1,Fried egg,,,
めだる,メダル,メダルは、賞や記念として贈られる金属製の記章。,メダル,1,Medal,,,
めっそん,メッソン,涙が武器の水ポケモン,メッソン ポケモン,3,Sobble,,,
めての,メテノ,宇宙から落ちてくる星ポケモン,メテノ ポケモン,3,Minior,,,
めのくらげ,メノクラゲ,海を漂うクラゲポケモン,メノクラゲ,3,Tentacool,,,
めぶきじか,メブキジカ,角の草木が変わるポケモン,メブキジカ ポケモン,3,Sawsbuck,,,
めも,メモ,メモは、忘れないように短く書き留めたもの。,メモ,1,Note,,,
めもちょう,メモ帳,メモ帳は、短い書き付けをするための小さなノート。,メモ帳,1,Notepad,,,
めもり,めもり,目盛りは、長さや量などを読み取るためにつけた線や印。,目盛り,2,Scale,,,
めもりいた,目もり板,目盛り板は、長さや角度などを読み取る目盛りがついた板。,目盛り 道具,2,Scale plate,,,
めもりせん,目もり線,目盛り線は、量や位置などを示すために計器などにつけた線。,目盛り,2,Scale line,,,
めらるば,メラルバ,炎に包まれた虫ポケモン,メラルバ ポケモン,3,Larvesta,,,
めりーごーらんど,メリーゴーランド,メリーゴーランドは、回転する乗り物に乗って楽しむ遊具。,メリーゴーランド,1,Merry-go-round,,,
めりーぷ,メリープ,静電気を溜める羊ポケモン,メリープ,3,Mareep,,,
めるたん,メルタン,液体状の体を持つ幻のポケモン,メルタン ポケモン,3,Meltan,,,
めるめたる,メルメタル,鋼の体を持つ幻のポケモン,メルメタル ポケモン,3,Melmetal,,,
めれしー,メレシー,宝石のような体を持つポケモン,メレシー ポケモン,3,Carbink,,,
めろえった,メロエッタ,歌声で心を操る幻のポケモン,メロエッタ ポケモン,3,Meloetta,,,
めろん,メロン,メロンは、甘くて水分の多い果物。,メロン,1,,,,
めん,麺,麺は、小麦粉などを細長く練って作った食べ物。,麺類,1,,,,
めんせき,面積,面積は、平らな面の広さ。,面積,2,Area,,,
めんたいこ,明太子,明太子は、スケトウダラの卵を唐辛子などで味付けした食品。,辛子明太子,1,Pollock roe,,,
めんたま,目玉,目玉は、目の中にある球状の器官。,目玉,1,Eye,,,
めんどり,雌鶏,雌鶏は、雌のニワトリ。,雌鶏,1,Hen,,,
めんぼう,綿棒,綿棒は、細い棒の先に綿を巻き付けた道具。,綿棒,1,Cotton swab,,,
めんぼう,麺棒,麺棒は、麺や菓子の生地を伸ばすための棒。,麺棒,2,Rolling pin,,,
めんるい,麺類,麺類は、うどんやそばなど、麺を使った食べ物の総称。,麺類,1,Noodles,,,
めーとる,m,m（メートル）は、長さの基本単位。,長さ 単位,2,Meter,,,
めーぷるしろっぷ,メープルシロップ,メープルシロップは、カエデの樹液を煮詰めて作る甘い液体。,メープルシロップ,1,Maple syrup,,,
もくざい,木材,木材は、木を切り出して、建築や家具などに使えるようにした材料。,木材,1,,,,
もくじ,目次,目次は、本などに書かれた内容とページを順に示した一覧。,目次,1,Table of contents,,,
もくば,木馬,木馬は、木で作った馬の形のおもちゃ。揺らして遊ぶものもある。,木馬,1,Rocking horse,,,
もくひょう,目標,目標は、達成しようと目指すことや、その内容。,目標,1,Goal,assets/shiritori/nozomi.png,asset,AI生成イラスト
もくようび,木曜日,木曜日は、一週間の曜日の一つ。水曜日の次で金曜日の前。,木曜日,1,Thursday,,,
もくろー,モクロー,弓矢のような羽を持つ梟ポケモン,モクロー ポケモン,3,Rowlet,,,
もぐら,モグラ,モグラは、土の中にトンネルを掘って暮らす哺乳類。,モグラ,1,,,,
もぐりゅー,モグリュー,高速で穴を掘るポケモン,モグリュー ポケモン,3,Drilbur,,,
もけい,模型,模型は、物の形や仕組みを小さく作って表したもの。,模型,1,Model,,,
もここ,モココ,電気を帯びた毛を持つ羊ポケモン,モココ,3,Flaaffy,,,
もささうるす,モササウルス,モササウルスは、海にすんでいた大型の肉食爬虫類。恐竜とは別の仲間。,モササウルス,2,Mosasaurus,,,
もざんびーく,モザンビーク,モザンビークは、アフリカ南東部にある国。インド洋に面している。,モザンビーク 国旗,3,Mozambique,,,
もじ,文字,文字は、考えや言葉を目で読める形で表す記号。,文字,1,Letter,assets/shiritori/complete-5642.png,asset,AI生成イラスト
もじゃんぼ,モジャンボ,蔦に覆われた植物ポケモン,モジャンボ ポケモン,3,Tangrowth,,,
もすのう,モスノウ,氷の鱗粉を撒く蛾ポケモン,モスノウ ポケモン,3,Frosmoth,,,
もず,モズ,モズは、小動物や昆虫などを捕まえて食べる鳥。,モズ,2,Shrike,,,
もずく,モズク,モズクは、細い糸のような形をした食用の海藻。,モズク,1,Mozuku,,,
もち,餅,餅は、もち米を蒸してつき、粘りを出した食べ物。,餅,1,,,,
もちごめ,もち米,もち米は、蒸すと粘りが強くなる米。,もち米,2,Glutinous rice,,,
もちつき,餅つき,餅つきは、蒸したもち米を臼と杵でついて餅にすること。,餅つき,1,Mochitsuki,assets/shiritori/complete-5649.png,asset,AI生成イラスト
もちもの,持ち物,持ち物は、自分が持っている物や、持って出かける物。,持ち物,1,Belongings,,,
もっきん,木琴,木琴は、木の板をたたいて音を出す楽器。,木琴,1,Xylophone,,,
もつ,もつ,もつは、食用にする動物の内臓。,もつ,2,Offal,,,
もとおりのりなが,本居宣長,江戸時代の国学者。『古事記伝』を書き、日本古来の思想を研究した,本居宣長 肖像,2,Motoori Norinaga,,,
もとせん,元せん,元栓は、ガスなどの供給を止めたり流したりする、もとの栓。,ガスの元栓,2,Gas valve,,,
もととかげ,モトトカゲ,人乗り用のトカゲポケモン,モトトカゲ ポケモン,3,Cyclizar,,,
もなこ,モナコ,モナコは、地中海に面した小さな国。,モナコ 国旗,3,Monaco,,,
ものず,モノズ,モノズは、目が見えないドラゴンポケモン。,モノズ ポケモン,3,Deino,,,
もびるあーまー,モビルアーマー,アニメ「機動戦士ガンダム」の用語。モビルスーツとは異なる、非人型で一撃離脱戦等に特化した大型機動兵器。,モビルアーマー ガンダム,3,Mobile Armor,,,
もびるすーつ,モビルスーツ,アニメ「機動戦士ガンダム」の用語。劇中に登場する人型機動兵器の総称。,モビルスーツ ガンダム,3,Mobile Suit,,,
もびるどーる,モビルドール,アニメ「新機動戦記ガンダムW」の用語。有人操縦を必要とせず、AIによって自律行動する無人モビルスーツの総称。,モビルドール,3,Mobile Doll,,,
もびるふぁいたー,モビルファイター,アニメ「機動武闘伝Gガンダム」の用語。操縦者の動きを完全にトレースするシステムを採用した格闘戦用MS。,モビルファイター,3,Mobile Fighter,,,
もみ,モミ,モミは、針のような葉を持つ常緑の木。,モミ,2,Fir,,,
もみがら,もみ殻,もみ殻は、籾の粒を包んでいる外側の殻。,もみ殻,2,Rice husk,,,
もみじ,モミジ,モミジは、秋に葉が赤や黄色に色づくカエデ類の木。,モミジ,1,,,,
もみのき,モミの木,モミの木は、クリスマスツリーにも使われる針葉樹。,モミの木,1,Fir tree,,,
もも,桃,桃は、表面にうぶ毛があり、甘く水分の多い果物。,桃,1,,,,
もも,腿,腿は、脚の付け根から膝までの部分。,大腿,1,Thigh,,,
ももいろ,桃色,桃色は、桃の花のような薄い赤色。,桃色,1,Pink,,,
ももこ,ももこ,ももこは、アニメ「おジャ魔女どれみ」に登場する飛鳥ももこ。,飛鳥ももこ,3,Momoko Asuka,,,
ももぞのらぶ,桃園ラブ,「フレッシュプリキュア!」の主人公。キュアピーチに変身する。公立四つ葉中学校に通う。ダンスが大好きで、明るく世話焼きなみんなの幸福の使者。,桃園ラブ アニメ,3,,,,
ももわろう,モモワロウ,毒の桃の幻のポケモン,モモワロウ ポケモン,3,Pecharunt,,,
ももんが,モモンガ,モモンガは、前足と後ろ足の間の膜を広げ、木から木へ滑空する哺乳類。,モモンガ,1,Flying squirrel,,,
もやし,もやし,もやしは、豆や穀物の種を発芽させた若い芽。,もやし,1,,,,
もよう,模様,模様は、物の表面にある、色や形の組み合わせ。,模様,1,Pattern,,,
もよおし,催し,催しは、人を集めて行う行事や集まり。,催し,2,Event,assets/shiritori/moyooshi.png,asset,AI生成イラスト
もり,森,森は、木がたくさん生えている広い場所。,森,1,,,,
もりあるるか,森亜るるか,「名探偵プリキュア」の登場人物。キュアアルカナ・シャドウに変身する。影の力を扱うミステリアスな存在であり、内に秘めた高い潜在能力で事件に関わる。,森亜るるか アニメ,3,,,,
もりあわせ,盛り合わせ,盛り合わせは、いくつかの料理や食べ物を一つの器に盛ったもの。,盛り合わせ,1,Assorted food,assets/shiritori/complete-5678.png,asset,AI生成イラスト
もりつけ,盛り付け,盛り付けは、料理を器に見栄えよくのせること。,盛り付け,1,Food plating,assets/shiritori/toriwakeru.png,asset,AI生成イラスト
もるでぃぶ,モルディブ,モルディブは、インド洋にある島国。,モルディブ 国旗,3,Maldives,,,
もるどば,モルドバ,モルドバは、東ヨーロッパにある内陸国。,モルドバ 国旗,3,Moldova,,,
もるふぉん,モルフォン,毒の鱗粉を撒く蛾ポケモン,モルフォン,3,Venomoth,,,
もろこし,もろこし,トウモロコシなどの穀物の呼び名。,もろこし,2,Corn,,,
もろっこ,モロッコ,モロッコは、北アフリカにある国。,モロッコ 国旗,2,Morocco,,,
もろばれる,モロバレル,さらに精巧に擬態するポケモン,モロバレル ポケモン,3,Amoonguss,,,
もん,門,門は、家や学校などの敷地の出入り口にある構造物。,門,1,,,,
もんごる,モンゴル,モンゴルは、東アジアにある内陸国。,モンゴル 国旗,2,Mongolia,,,
もんじゃら,モンジャラ,青い蔓に覆われたポケモン,モンジャラ,3,Tangela,,,
もんだい,問題,問題は、答えを考える問い。また、解決する必要がある事柄。,問題,1,Question,assets/shiritori/mondai.png,asset,AI生成イラスト
もんてねぐろ,モンテネグロ,モンテネグロは、バルカン半島にある国。,モンテネグロ 国旗,3,Montenegro,,,
もんばん,門番,門番は、門の出入りを見張る人。,門番,2,Gatekeeper,,,
もんめん,モンメン,風に吹かれて飛ぶ綿ポケモン,モンメン ポケモン,3,Cottonee,,,
もーたー,モーター,モーターは、電気などのエネルギーを回転や動きに変える装置。,モーター,2,Electric motor,,,
もーりしゃす,モーリシャス,モーリシャスは、インド洋にある島国。,モーリシャス 国旗,3,Mauritius,,,
もーりたにあ,モーリタニア,モーリタニアは、西アフリカにある国。国土の大部分はサハラ砂漠。,モーリタニア 国旗,3,Mauritania,,,
や,矢,矢は、弓につがえて射る細長い道具。,矢,1,Arrow,,,
やおや,八百屋,八百屋は、野菜や果物を売る店。,八百屋,1,Greengrocer,,,
やかた,館,館は、大きな建物や人が住む建物。,館,2,Mansion,,,
やかん,やかん,やかんは、水を入れて火にかけ、湯を沸かす道具。,やかん,1,,,,
やきいも,焼き芋,焼き芋は、さつまいもを焼いた食べ物。,焼き芋,1,Baked sweet potato,,,
やきうどん,焼きうどん,焼きうどんは、うどんと具を炒めて作る料理。,焼きうどん,1,Yaki udon,,,
やきおにぎり,焼きおにぎり,焼きおにぎりは、表面を焼いて香ばしくしたおにぎり。,焼きおにぎり,1,Grilled rice ball,,,
やきそば,焼きそば,焼きそばは、麺と具を炒めて作る料理。,焼きそば,1,Yakisoba,,,
やきとり,焼き鳥,焼き鳥は、鶏肉などを串に刺して焼いた料理。,焼き鳥,1,Yakitori,,,
やきにく,焼き肉,焼き肉は、肉を焼いて食べる料理。,焼き肉,1,Yakiniku,,,
やきもち,焼き餅,焼き餅は、焼いた餅。,焼き餅,1,Grilled mochi,,,
やきもち,やきもち,やきもちは、自分より大切にされている人などをうらやみ、ねたむ気持ち。,やきもち,2,Jealousy,assets/shiritori/yakimochi.png,asset,AI生成イラスト
やきもの,焼き物,焼き物は、粘土などを焼いて作った器や置物。,焼き物,2,Pottery,,,
やきゅう,野球,野球は、バットで打ったボールを守備側が取り、得点を競うチームスポーツ。,野球,1,Baseball,,,
やぎ,ヤギ,ヤギは、角やあごひげを持つ家畜。,ヤギ,1,,,,
やく,役,役は、受け持つ仕事や役目。また、演劇などで演じる人物。,役,1,Role,assets/shiritori/ss-leader.png,asset,AI生成イラスト
やくさいせん,厄祭戦,アニメ「機動戦士ガンダム 鉄血のオルフェンズ」の用語。人類の生存を脅かした自律型モビルアーマーと人類との間で起きた大戦争。,厄祭戦,3,,,,
やくさじ,薬さじ,薬さじは、粉末などの薬品を少量取り出すためのさじ。,薬さじ,2,Spatula,,,
やくしじさあや,薬師寺さあや,「HUGっと! プリキュア」の登場人物。キュアアンジュに変身する。学園の天使と呼ばれる秀才。元子役で、責任感が強く献身的な性格を持つ少女。,薬師寺さあや アニメ,3,,,,
やくしゃ,役者,役者は、劇や映画などで役を演じる人。,役者,1,Actor,,,
やくそく,約束,約束は、人と決めて、守ろうとすること。また、その決め事。,約束,1,Promise,assets/shiritori/yakusoku.png,asset,AI生成イラスト
やくで,ヤクデ,発熱するムカデポケモン,ヤクデ ポケモン,3,Sizzlipede,,,
やくひん,薬品,薬品は、実験や治療などに使う化学物質。,薬品 物質,2,Chemicals,,,
やくほうし,薬ほう紙,薬包紙は、薬品を量ったり、包んだりするための紙。,薬包紙,2,Glazed paper,,,
やご,ヤゴ,ヤゴは、トンボの幼虫。水の中で暮らす。,ヤゴ,1,Dragonfly nymph,,,
やさい,野菜,野菜は、食べるために栽培する植物や、その一部。,野菜,1,,,,
やし,ヤシ,ヤシは、熱帯や亜熱帯に多い、背の高い木の仲間。,ヤシ,2,Palm tree,,,
やしのき,椰子の木,ヤシの木は、熱帯や亜熱帯に多く生える木。,やしのき,1,,,,
やじうま,やじ馬,やじ馬は、自分に関係のない出来事を見物する人。,やじ馬,2,Onlooker,assets/shiritori/kenbutsu.png,asset,AI生成イラスト
やじるし,矢印,矢印は、進む方向などを示す矢の形の印。,矢印,1,,,,
やすみ,休み,休みは、仕事や勉強などをやめて、体や心を休めること。また、その時間。,休み,1,Rest,assets/shiritori/complete-5726.png,asset,AI生成イラスト
やすり,やすり,やすりは、表面をこすって削ったり、なめらかにしたりする道具。,やすり,2,File tool,,,
やたい,屋台,屋台は、屋外で食べ物などを売る小さな店。,屋台,1,Food stall,,,
やとうもり,ヤトウモリ,毒ガスを吐くトカゲポケモン,ヤトウモリ ポケモン,3,Salandit,,,
やど,宿,宿は、旅行などで泊まる場所。,宿,1,Inn,,,
やどかり,ヤドカリ,ヤドカリは、柔らかい腹を貝殻に入れて暮らす甲殻類。,ヤドカリ,1,Hermit crab,,,
やどきんぐ,ヤドキング,知能が非常に高いポケモン,ヤドキング,3,Slowking,,,
やどらん,ヤドラン,シェルダーが噛み付いた姿,ヤドラン,3,Slowbro,,,
やどらんがらるのすがた,ヤドラン(ガラルのすがた),毒の腕を持つガラル姿,ヤドラン(ガラルのすがた),3,Galarian Slowbro,,,
やどん,ヤドン,いつもぼーっとしている間抜けなポケモン,ヤドン,3,Slowpoke,,,
やどんがらるのすがた,ヤドン(ガラルのすがた),スパイスの影響で色が変わった姿,ヤドン(ガラルのすがた),3,Galarian Slowpoke,,,
やなぎ,ヤナギ,ヤナギは、細長い葉をつける木の仲間。,ヤナギ,2,Willow,,,
やなっきー,ヤナッキー,知的な草猿ポケモン,ヤナッキー ポケモン,3,Simisage,,,
やなっぷ,ヤナップ,木の実を配る草猿ポケモン,ヤナップ ポケモン,3,Pansage,,,
やね,屋根,屋根は、建物のいちばん上をおおう部分。,屋根,1,Roof,,,
やばそちゃ,ヤバソチャ,抹茶のポケモン,ヤバソチャ ポケモン,3,Sinistcha,,,
やばちゃ,ヤバチャ,紅茶に宿る幽霊ポケモン,ヤバチャ ポケモン,3,Sinistea,,,
やぶくろん,ヤブクロン,ゴミ袋のようなポケモン,ヤブクロン ポケモン,3,Trubbish,,,
やま,山,山は、周りの土地より高く盛り上がった地形。,山,1,,,,
やまいも,山芋,山芋は、すりおろすと粘りが出る芋。,山芋,1,Yam,,,
やまがた,山形県,山形県は、日本の東北地方にある県。さくらんぼの産地として知られる。,山形県,1,Yamagata,,,
やまがたありとも,山県有朋,第3・9代内閣総理大臣。軍制の整備に努め、「国の父」と称された長州藩出身の政治家,山県有朋 肖像,3,AritomoYamagata,,,
やまぐち,山口県,山口県は、本州の西端にある県。,山口県,1,Yamaguchi,,,
やまごや,山小屋,山小屋は、山の中にある休憩や宿泊のための小屋。,山小屋,1,Mountain hut,,,
やまざくら,ヤマザクラ,ヤマザクラは、山に自生する桜の仲間。,ヤマザクラ,2,Wild cherry,,,
やまたのおろち,八岐大蛇,八つの頭を持つ、とてもこわい怪物。,八岐大蛇,1,Yamata no Orochi,,,
やまなし,山梨県,山梨県は、日本の中部地方にある県。富士山や果物で知られる。,山梨県,1,Yamanashi,,,
やまば,山場,山場は、物語や出来事が最も盛り上がるところ。,やまば,1,,assets/shiritori/complete-5753.png,asset,AI生成イラスト
やまびこ,山彦,山彦は、山などで声や音が反響して返ってくること。,山彦,1,,assets/shiritori/complete-5754.png,asset,AI生成イラスト
やまぶきいのり,山吹祈里,「フレッシュプリキュア!」の登場人物。キュアパインに変身する。私立白詰草女子学院に通う。動物が大好きで、将来は獣医師を目指している心優しき少女。,山吹祈里 アニメ,3,,,,
やまみち,山道,山道は、山の中を通る道。,山道,1,Mountain path,,,
やまもとごんべえ,山本権兵衛,第16・22代内閣総理大臣。海軍の近代化を推進し、関東大震災直後の復興にも尽力した,山本権兵衛 肖像,3,GonnohyoeYamamoto,,,
やみ,闇,闇は、光がなく暗いこと。また、その場所。,闇,2,Darkness,assets/shiritori/complete-5758.png,asset,AI生成イラスト
やみからす,ヤミカラス,夜の暗闇に現れるポケモン,ヤミカラス,3,Murkrow,,,
やみらみ,ヤミラミ,宝石を食べる悪ポケモン,ヤミラミ ポケモン,3,Sableye,,,
やもり,ヤモリ,ヤモリは、壁などに張り付くことのできる爬虫類。昆虫などを食べる。,ヤモリ,1,,,,
ややこま,ヤヤコマ,活発な小鳥ポケモン,ヤヤコマ ポケモン,3,Fletchling,,,
やよいじだい,弥生時代,弥生時代は、日本で稲作が広まり、むらやくにが作られた時代。,弥生時代 遺跡,2,Yayoi period,,,
やり,槍,槍は、長い柄の先に刃をつけた武器や道具。,槍,2,Spear,,,
やるきもの,ヤルキモノ,休むことなく動き回るポケモン,ヤルキモノ ポケモン,3,Vigoroth,,,
やれゆーたん,ヤレユータン,人間のように道具を使う知能派,ヤレユータン ポケモン,3,Oranguru,,,
やわらかい,柔らかい,柔らかいは、押したり触ったりすると、形が変わりやすいようす。,柔らかい,1,,assets/shiritori/complete-5767.png,asset,AI生成イラスト
やんぐーす,ヤングース,獲物を狙うマングースポケモン,ヤングース ポケモン,3,Yungoos,,,
やんちゃむ,ヤンチャム,竹をくわえたパンダポケモン,ヤンチャム ポケモン,3,Pancham,,,
やんやんま,ヤンヤンマ,高速で飛行するトンボポケモン,ヤンヤンマ,3,Yanma,,,
ゆ,湯,湯は、水を温めたもの。,湯 液体,2,Hot water,assets/shiritori/complete-5771.png,asset,AI生成イラスト
ゆうえんち,遊園地,遊園地は、乗り物や遊具で遊ぶ施設。,遊園地,1,Amusement park,,,
ゆうかん,勇敢,勇敢は、危険や困難を恐れず行動するようす。,勇敢,2,Courage,assets/shiritori/yuukan.png,asset,AI生成イラスト
ゆうがた,夕方,夕方は、日が沈むころの時間。,夕方,1,,assets/shiritori/complete-5774.png,asset,AI生成イラスト
ゆうき,勇気,勇気は、怖さや難しさに負けず行動する気持ち。,勇気,1,Courage,assets/shiritori/courage.png,asset,AI生成イラスト
ゆうぐ,遊具,遊具は、遊ぶための道具や設備。,遊具,1,Playground equipment,,,
ゆうしょう,優勝,優勝は、競争や試合で一番になること。,優勝,1,Winning championship,assets/shiritori/hokori.png,asset,AI生成イラスト
ゆうしょく,夕食,夕食は、夕方から夜に食べる食事。,夕食,1,Dinner,,,
ゆうじん,友人,友人は、親しく付き合っている人。友達。,友人,1,Friend,assets/shiritori/yuujin.png,asset,AI生成イラスト
ゆうなぎつばさ,夕凪ツバサ,「ひろがるスカイ! プリキュア」の登場人物。キュアウイングに変身する。空を飛ぶ夢を研究する、スカイランドのプニバード族出身の賢くて優しい少年。,夕凪ツバサ アニメ,3,,,,
ゆうひ,夕日,夕日は、夕方に沈んでいく太陽。また、その光。,夕日,1,Sunset,,,
ゆうびん,郵便,郵便は、手紙や荷物を届ける仕組み。,郵便,1,,assets/shiritori/complete-5782.png,asset,AI生成イラスト
ゆうびんきょく,郵便局,郵便局は、郵便物を送ったり受け取ったりする手続きをする施設。,郵便局,1,Post office,,,
ゆうびんばこ,郵便箱,郵便箱は、配達された郵便物を受け取るための箱。,郵便箱,1,Mailbox,,,
ゆうびんぽすと,郵便ポスト,郵便ポストは、送る郵便物を入れる箱。,郵便ポスト,1,Post box,,,
ゆうやけ,夕焼け,夕焼けは、夕方の空が赤く見えること。,夕焼け,1,Sunset sky,assets/shiritori/sunset.png,asset,AI生成イラスト
ゆか,床,床は、部屋の中で人が立ったり歩いたりする平らな部分。,床,1,,,,
ゆかた,浴衣,浴衣は、夏祭りや湯上がりなどに着る、薄手の着物。,浴衣,1,Yukata,,,
ゆき,雪,雪は、雲の中の水蒸気が凍ってできる結晶が、空から降ってくるもの。,雪 気象,1,,,,
ゆきあそび,雪遊び,雪遊びは、雪を使って遊ぶこと。,雪遊び,1,Snow play,assets/shiritori/complete-5790.png,asset,AI生成イラスト
ゆきかき,雪かき,雪かきは、積もった雪を取り除くこと。,雪かき,1,Snow shoveling,assets/shiritori/complete-5791.png,asset,AI生成イラスト
ゆきかぶり,ユキカブリ,雪の中に住む草ポケモン,ユキカブリ ポケモン,3,Snover,,,
ゆきぐに,雪国,雪国は、冬に雪が多く降る地域。,雪国,2,Snow country,,,
ゆきしろほのか,雪城ほのか,「ふたりはプリキュア」の登場人物。キュアホワイトに変身する。ベローネ学院女子中等部の秀才で科学部に所属。論理的な思考と深い洞察力を持つ、なぎさの親友。,雪城ほのか アニメ,3,,,,
ゆきだるま,雪だるま,雪だるまは、雪を丸めたり積んだりして作る人形。,雪だるま,1,,,,
ゆきどけ,雪解け,雪解けは、積もった雪が溶けること。,雪解け,1,Snowmelt,assets/shiritori/complete-5796.png,asset,AI生成イラスト
ゆきのおー,ユキノオー,雪原の怪物ポケモン,ユキノオー ポケモン,3,Abomasnow,,,
ゆきはみ,ユキハミ,雪を食べる蛾の幼虫,ユキハミ ポケモン,3,Snom,,,
ゆきめのこ,ユキメノコ,雪の精霊ポケモン,ユキメノコ ポケモン,3,Froslass,,,
ゆきやま,雪山,雪山は、雪におおわれた山。,雪山,1,Snowy mountain,,,
ゆくえ,行方,行方は、人や物がどこへ行ったかということ。,行方,2,Whereabouts,assets/shiritori/complete-5801.png,asset,AI生成イラスト
ゆくしー,ユクシー,知識の神と呼ばれるポケモン,ユクシー ポケモン,3,Uxie,,,
ゆげ,ゆげ,ゆげは、熱い湯などから立ち上る、白く見える水蒸気。,湯気 現象,2,Steam,,,
ゆず,ユズ,ユズは、香りのよい黄色い実をつける柑橘類。,ユズ,1,Yuzu,,,
ゆずりあい,譲り合い,譲り合いは、互いに順番や場所などを譲ること。,譲り合い,1,Taking turns,assets/shiritori/yuzuriai.png,asset,AI生成イラスト
ゆたんぽ,湯たんぽ,湯たんぽは、湯を入れて寝床などを温める容器。,湯たんぽ,1,Hot water bottle,,,
ゆに,ユニ,「スター☆トゥインクルプリキュア」の登場人物。キュアコスモに変身する。惑星レインボー出身の生き残り。怪盗ブルーキャットやアイドルとして活動していた高い生存能力の持ち主。,ユニ アニメ,3,,,,
ゆにこーんがんだむ,ユニコーンガンダム,機動戦士ガンダムUCの主役機。デストロイモードに変身する。,ユニコーンガンダム,3,UnicornGundam,,,
ゆにせふ,UNICEF,UNICEF（ユニセフ）は、子どもの命や健康を守り、教育などを支援する国連機関。,ユニセフ 旗,2,"UNICEF""",,,
ゆにらん,ユニラン,細胞のようなポケモン,ユニラン ポケモン,3,Solosis,,,
ゆねすこ,UNESCO,UNESCO（ユネスコ）は、教育・科学・文化を通じて国際協力を進める国連機関。,ユネスコ 旗,2,UNESCO,,,
ゆのみ,湯飲み,湯飲みは、お茶などを飲むための器。,湯飲み,1,Teacup,,,
ゆば,湯葉,湯葉は、豆乳を温めたとき表面にできる薄い膜を使った食品。,湯葉,2,Yuba,,,
ゆび,指,指は、手や足の先にある、物をつかんだり歩いたりする部分。,指,1,,,,
ゆびきり,指切り,指切りは、小指を結び合わせて約束をするしぐさ。,指切り,1,Pinky swear,assets/shiritori/complete-5815.png,asset,AI生成イラスト
ゆびさき,指先,指先は、指の先の部分。,指先,1,Fingertip,,,
ゆびにんぎょう,指人形,指人形は、指にはめて動かして遊ぶ小さな人形。,指人形,1,Finger puppet,,,
ゆびわ,指輪,指輪は、指にはめる輪の形の飾り。,指輪,1,Ring jewelry,,,
ゆみ,弓,弓は、弦を引いて矢を飛ばす道具。,弓,1,Bow,,,
ゆめ,夢,夢は、眠っている間に見ること。また、将来こうなりたいという願い。,夢,1,,assets/shiritori/yume.png,asset,AI生成イラスト
ゆめはらのぞみ,夢原のぞみ,「Yes! プリキュア5」の主人公。キュアドリームに変身する。サンクルミエール学園に通う。明るく前向きだが勉強は苦手で、自分の「夢」を探している素直な少女。,夢原のぞみ アニメ,3,,,,
ゆらい,由来,由来は、物事や言葉などが始まったわけや理由。,由来,2,Origin,assets/shiritori/complete-0468.png,asset,AI生成イラスト
ゆり,ユリ,ユリは、大きな花を咲かせる植物の仲間。,ユリ,1,Lily,,,
ゆりかご,ゆりかご,ゆりかごは、赤ちゃんを寝かせて揺らす寝具。,ゆりかご,1,Cradle,,,
ゆりかもめ,ユリカモメ,ユリカモメは、海辺や川辺などで見られる白い鳥。,ユリカモメ,1,,,,
ゆんげらー,ユンゲラー,スプーンを持つ超能力ポケモン,ユンゲラー,3,Kadabra,,,
よあけ,夜明け,夜明けは、夜が終わり、空が明るくなり始めるころ。,夜明け,1,Dawn,,,
よいん,余韻,余韻は、音や感動などが終わったあとも残る感じ。,余韻,2,Afterglow,assets/shiritori/complete-5828.png,asset,AI生成イラスト
ようえき,溶液,溶液は、物質が液体に溶けて均一に混ざったもの。,溶液 化学,2,Solution,,,
ようかい,妖怪,妖怪は、昔話や伝説などに登場する不思議な存在。,妖怪,1,Yokai,,,
ようかん,羊羹,羊羹は、あんなどを寒天で固めて作る和菓子。,羊羹,1,Yokan,,,
ようき,容器,容器は、物を入れるための入れ物。,容器,1,Container,,,
ようし,用紙,用紙は、文字を書いたり印刷したりするための紙。,用紙,1,Paper,,,
ようしょく,洋食,洋食は、西洋料理をもとに、日本で作られる料理。,洋食,1,Western style food,,,
ようじ,用事,用事は、しなければならない仕事や事柄。,用事,1,Errand,assets/shiritori/complete-5835.png,asset,AI生成イラスト
ようじ,幼児,幼児は、小学校に入る前くらいの年齢の子ども。,幼児,2,Young child,,,
ようせい,妖精,妖精は、物語などに登場する不思議な力を持つ存在。,妖精,1,Fairy,,,
ようそえき,ヨウ素液,デンプンがあるかどうかを調べるための薬品。反応すると青紫色になる,ヨウ素液 薬品,2,Iodine solution,,,
ようそでんぷんはんのう,ヨウ素でんぷん反応,デンプンにヨウ素液をつけると青紫色に変わる反応,ヨウ素デンプン反応,2,Iodine-starch test,assets/shiritori/complete-5839.png,asset,AI生成イラスト
ようちえん,幼稚園,幼稚園は、小学校に入る前の子どもが通い、遊びや学びをする施設。,幼稚園,1,Kindergarten,,,
ようび,曜日,曜日は、月曜や火曜など、一週間の各日につけた名前。,曜日,1,Day of week,,,
ようふく,洋服,洋服は、シャツやズボンなど、西洋風の形をした衣服。,洋服,1,,,,
ようもう,羊毛,羊毛は、羊の体から刈り取った毛。,羊毛,2,Wool,,,
よくばり,欲張り,欲張りは、必要以上に多く欲しがること。また、その人。,欲張り,1,Greed,assets/shiritori/complete-5844.png,asset,AI生成イラスト
よくばりす,ヨクバリス,木の実を溜め込むポケモン,ヨクバリス ポケモン,3,Greedent,,,
よこ,横,横は、左右の向き。また、物の脇の方。,横,1,Side,,,
よこがお,横顔,横顔は、横から見た顔。,横顔,1,Profile face,,,
よこづな,横綱,横綱は、大相撲の力士の最高位。,横綱,2,Yokozuna,,,
よごれ,汚れ,汚れは、物の表面についたほこりやしみなど。,汚れ,1,Dirt,assets/shiritori/complete-5849.png,asset,AI生成イラスト
よしきり,ヨシキリ,ヨシキリは、ヨシ原などにすむ鳥。,ヨシキリ,2,,,,
よしだしげる,吉田茂,第45・48・49・50・51代内閣総理大臣。サンフランシスコ平和条約を締結し、戦後日本の独立と復興を主導した,吉田茂 肖像,3,ShigeruYoshida,,,
よしのぼり,ヨシノボリ,さかなのしゅるい。,ヨシノボリ,2,Kite,,,
よしゅう,予習,予習は、これから習うことを先に学んでおくこと。,予習,1,Preparation studying,assets/shiritori/complete-5853.png,asset,AI生成イラスト
よそ,よそ,よそは、自分の家や仲間の場所とは別のところ。,よそ,1,Elsewhere,assets/shiritori/yoso.png,asset,AI生成イラスト
よそいき,よそ行き,よそ行きは、外出や改まった場面で着る服。,よそ行き,2,Formal clothes,,,
よつばありす,四葉ありす,「ドキドキ! プリキュア」の登場人物。キュアロゼッタに変身する。私立七つ橋学園に通う四葉財閥の令嬢であり、高い護身術と慈悲深い心を持つ。,四葉ありす アニメ,3,,,,
よてい,予定,予定は、これからすることとして決めた計画。,予定,1,Schedule,assets/shiritori/tanoshimi.png,asset,AI生成イラスト
よなか,夜中,夜中は、夜の遅い時間。,夜中,1,Midnight,assets/shiritori/complete-5858.png,asset,AI生成イラスト
よのわーる,ヨノワール,魂を導くポケモン,ヨノワール ポケモン,3,Dusknoir,,,
よびごえ,呼び声,呼び声は、人などを呼ぶ声。,呼び声,1,Calling voice,assets/shiritori/complete-5860.png,asset,AI生成イラスト
よふけ,夜更け,夜更けは、夜もかなり遅くなったころ。,夜空,2,Midnight,,,
よみがな,読み仮名,読み仮名は、漢字などの読み方を示す仮名。,読み仮名,1,Furigana,,,
よみもの,読み物,読み物は、読んで楽しんだり学んだりする文章や本。,読み物,1,Reading material,,,
よもぎ,ヨモギ,ヨモギは、葉を草餅などに使う香りのある植物。,ヨモギ,1,Japanese mugwort,,,
よりみち,寄り道,寄り道は、目的地へ行く途中で別の場所に立ち寄ること。,寄り道,1,Detour,assets/shiritori/complete-5865.png,asset,AI生成イラスト
よる,夜,夜は、日が沈んでから次に昇るまでの時間。,夜,1,,assets/shiritori/complete-5866.png,asset,AI生成イラスト
よるだん,ヨルダン,ヨルダンは、中東にある国。古代遺跡ペトラや死海がある。,ヨルダン 国旗,2,Jordan,,,
よるのずく,ヨルノズク,知性的なフクロウポケモン,ヨルノズク,3,Noctowl,,,
よろい,よろい,よろいは、体を守るために着る防具。,よろい,2,armor,,,
よろこび,喜び,喜びは、うれしいと思う気持ち。,喜び,1,Joy,assets/shiritori/yorokobi.png,asset,AI生成イラスト
よろずや,よろず屋,よろず屋は、いろいろな種類の品物を売る店。,よろず屋,2,General store,,,
よわし,ヨワシ,群れると巨大化する魚ポケモン,ヨワシ ポケモン,3,Wishiwashi,,,
よわむし,弱虫,弱虫は、怖がりな人を指す言葉。,弱虫,2,Timid person,assets/shiritori/complete-5873.png,asset,AI生成イラスト
よーぎらす,ヨーギラス,土を食べて育つ岩ポケモン,ヨーギラス ポケモン,3,Larvitar,,,
よーぐると,ヨーグルト,ヨーグルトは、乳を乳酸菌で発酵させた食品。,ヨーグルト,1,Yogurt,,,
よーてりー,ヨーテリー,勇敢な子犬ポケモン,ヨーテリー ポケモン,3,Lillipup,,,
よーどちんき,ヨードチンキ,ヨードチンキは、ヨウ素をアルコールに溶かした消毒薬。,ヨードチンキ 薬品,2,Tincture of iodine,,,
よーよー,ヨーヨー,ヨーヨーは、糸のついた円盤を上下させて遊ぶおもちゃ。,ヨーヨー,1,Yoyo,,,
よーろっぱ,ヨーロッパ,ヨーロッパは、世界の大州の一つ。,ヨーロッパ,2,Europe,,,
らいおん,ライオン,ライオンは、たてがみを持つ大型のネコ科動物。,ライオン,1,,,,
らいこう,ライコウ,雷を纏う伝説のポケモン,ライコウ ポケモン,3,Raikou,,,
らいじんぐふりーだむがんだむ,ライジングフリーダムガンダム,機動戦士ガンダムSEED FREEDOMの主役機。,ライジングフリーダムガンダム,3,RisingFreedomGundam,,,
らいちゅう,ライチュウ,強力な電気を操る姿,ライチュウ,3,Raichu,,,
らいちゅうあろーらのすがた,ライチュウ(アローラのすがた),サイコパワーを操るアローラの姿,ライチュウ(アローラのすがた),3,Alolan Raichu,,,
らいと,ライト,ライトは、光を出して周りを明るくする照明。,ライト,1,Light lamp,,,
らいにち,来日,来日は、日本にやって来ること。,来日,1,,assets/shiritori/complete-5886.png,asset,AI生成イラスト
らいぼると,ライボルト,雷雲を呼ぶといわれるポケモン,ライボルト ポケモン,3,Manectric,,,
らいむ,ライム,ライムは、緑色の皮を持つ、酸味のある柑橘類。,ライム,2,Lime,,,
らうどぼーん,ラウドボーン,炎の歌声を持つワニポケモン,ラウドボーン ポケモン,3,Skeledirge,,,
らおす,ラオス,ラオスは、東南アジアにある内陸国。メコン川が流れる。,ラオス 国旗,3,Laos,,,
らく,楽,楽は、楽しいことや、心身に苦しさがないこと。,楽,1,,assets/shiritori/raku.png,asset,AI生成イラスト
らくがき,落書き,落書きは、紙や壁などに、思いつくままに書いた絵や文字。,落書き,1,Doodle,assets/shiritori/complete-5892.png,asset,AI生成イラスト
らくご,落語,落語は、一人の話し手が複数の人物を演じ分けて語る芸。,落語,2,Rakugo,assets/shiritori/wagei.png,asset,AI生成イラスト
らくだ,ラクダ,ラクダは、こぶを持ち、乾燥した地域に適応した動物。,ラクダ,1,,,,
らくてんごーるでんいーぐるす,楽天ゴールデンイーグルス,楽天ゴールデンイーグルスは、東北地方を本拠地とするプロ野球チーム。,楽天ゴールデンイーグルス,1,,,,
らくのう,酪農,酪農は、牛などを飼育し、乳や乳製品を生産する農業。,酪農,2,Dairy farming,,,
らくらい,ラクライ,静電気を操る犬ポケモン,ラクライ ポケモン,3,Electrike,,,
らぐらーじ,ラグラージ,岩をも砕く怪力のポケモン,ラグラージ ポケモン,3,Swampert,,,
らけっと,ラケット,ラケットは、テニスなどでボールを打つ道具。,ラケット,1,Racket,,,
らじお,ラジオ,ラジオは、電波で送られる音声を受信して聞く機械や放送。,ラジオ,1,,,,
らじこん,ラジコン,ラジコンは、電波で遠隔操作する機械やおもちゃ。,ラジコン,1,Radio controlled toy,,,
らせん,螺旋,螺旋は、中心の軸のまわりを回りながら進む形。,螺旋,2,Spiral,assets/shiritori/complete-5902.png,asset,アプリ作成図
らっかせい,落花生,落花生は、地中に実ができる豆の仲間。ピーナッツともいう。,落花生,1,Peanut,,,
らっきー,ラッキー,幸福を運ぶといわれるポケモン,ラッキー,3,Chansey,,,
らっこ,ラッコ,ラッコは、海にすみ、貝などを食べる毛の多い哺乳類。,ラッコ,1,Sea otter,,,
らった,ラッタ,コラッタの進化した姿で、牙がさらに強力,ラッタ,3,Raticate,,,
らったあろーらのすがた,ラッタ(アローラのすがた),アローラ地方で夜行性に進化した姿,ラッタ(アローラのすがた),3,Alolan Raticate,,,
らっぱ,ラッパ,ラッパは、息を吹き込んで音を出す金管楽器。,ラッパ,1,,,,
らっぱすいせん,ラッパスイセン,ラッパスイセンは、花の中心がラッパのような形をしたスイセン。,ラッパスイセン,2,Daffodil,,,
らっぷ,らっぷ,ラップは、食品や容器を包む薄いフィルム。,ラップフィルム,2,Plastic wrap,,,
らっぷしーと,ラップシート,ラップシートは、物を包んだり覆ったりする薄いシート。,ラップフィルム,2,Plastic wrap,,,
らっぷふぃるむ,ラップフィルム,ラップフィルムは、食品などを包む薄くて透明なフィルム。,ラップフィルム,2,Plastic wrap,,,
らとびあ,ラトビア,ラトビアは、バルト海に面したバルト三国の一つ。,ラトビア 国旗,3,Latvia,,,
らびふっと,ラビフット,スピードを磨く炎のポケモン,ラビフット ポケモン,3,Raboot,,,
らふれしあ,ラフレシア,巨大な花を咲かせるポケモン,ラフレシア,3,Vileplume,,,
らぶとろす,ラブトロス,愛と慈愛を司る伝説ポケモン,ラブトロス ポケモン,3,Enamorus,,,
らぷらす,ラプラス,人を乗せて泳ぐ背中の甲羅を持つポケモン,ラプラス,3,Lapras,,,
らべる,ラベル,ラベルは、品名や説明などを書いて貼る札。,ラベル,1,Label,,,
らべんだー,ラベンダー,ラベンダーは、紫色の花をつける香りのよい植物。,ラベンダー,1,Lavender,,,
らま,ラマ,ラマは、南アメリカにすむ、ラクダの仲間の動物。,ラマ 動物,1,Llama,,,
らむね,ラムネ,ラムネは、炭酸の入った甘い飲み物。,ラムネ 飲料,1,Ramune,,,
らむね,ラムネ,ラムネは、口の中で溶ける小さな粒の菓子。,ラムネ 菓子,1,Ramune candy,,,
らら,ララ,アニメ「おジャ魔女どれみ」の登場人物。マジョリカのパートナーである妖精。,ララ 妖精 おジャ魔女,3,Lala Ojamajo,,,
ららぁすん,ララァ・スン,アニメ「機動戦士ガンダム」の登場人物。シャアに見出された高いニュータイプ能力を持つ少女。エルメスを駆る。,ララァ・スン,3,Lalah Sune,,,
ららんてす,ラランテス,花に擬態する虫ポケモン,ラランテス ポケモン,3,Lurantis,,,
らるとす,ラルトス,感情を感じ取る妖精ポケモン,ラルトス ポケモン,3,Ralts,,,
らん,ラン,蘭は、美しい花を咲かせる植物の仲間。,ラン,2,Orchid,,,
らんくるす,ランクルス,ランクルスは、液体に包まれた姿のポケモン。,ランクルス ポケモン,3,Reuniclus,,,
らんたん,ランタン,ランタンは、火や電球で明かりをともす持ち運びできる道具。,ランタン,1,Lantern,,,
らんたーん,ランターン,ランターンは、頭の光で深海を照らすポケモン。,ランターン,3,Lanturn,,,
らんち,ランチ,昼に食べる食事。,ランチ,1,Lunch,,,
らんどせる,ランドセル,ランドセルは、小学生が通学のときに背負うかばん。,ランドセル,1,,,,
らんどろす,ランドロス,ランドロスは、豊かな大地と関わりのある伝説のポケモン。,ランドロス ポケモン,3,Landorus,,,
らんにんぐ,ランニング,走る運動。,ランニング,1,Running,assets/shiritori/complete-5934.png,asset,AI生成イラスト
らんばらる,ランバ・ラル,アニメ「機動戦士ガンダム」の登場人物。ジオン公国軍の猛将で「青い巨星」の異名を持つ。,ランバ・ラル,3,Ramba Ral,,,
らんぱつ,乱発,乱発は、物事をむやみに何度も行うこと。,乱発,2,,assets/shiritori/complete-5936.png,asset,AI生成イラスト
らんぷらー,ランプラー,ランプラーは、ランプのような姿をしたゴーストポケモン。,ランプラー ポケモン,3,Lampent,,,
らーめん,ラーメン,汁の中に麺や具を入れた料理。,ラーメン,1,Ramen,,,
りえき,利益,商売などで得られるもうけ。,利益,2,Profit,assets/shiritori/complete-5939.png,asset,AI生成イラスト
りおる,リオル,リオルは、波動を感じ取るかくとうタイプのポケモン。,リオル ポケモン,3,Riolu,,,
りか,理科,理科は、自然や科学について学ぶ教科。,理科,2,Science,,,
りかい,理解,理解は、物事の意味や内容が分かること。,理解,2,,assets/shiritori/nattoku.png,asset,AI生成イラスト
りきし,力士,相撲をする人。,力士,1,Sumo wrestler,,,
りく,陸,陸は、海や湖ではない地面。,陸,1,Land,,,
りくがめ,リクガメ,主に陸の上で暮らすカメ。,リクガメ,1,Tortoise,,,
りくくらげ,リククラゲ,リククラゲは、陸上にすむきのこのようなポケモン。,リククラゲ ポケモン,3,Toedscruel,,,
りくじょう,陸上,地面の上。,陸上,1,,,,
りくじょうきょうぎ,陸上競技,陸上競技は、走る・跳ぶ・投げる運動を中心とするスポーツ。,陸上競技,1,Athletics,assets/shiritori/complete-5948.png,asset,AI生成イラスト
りくじょうぎじょう,陸上競技場,陸上競技場は、陸上競技を行うための施設。,陸上競技場,2,Stadium,,,
りぐれー,リグレー,リグレーは、宇宙から来たという話があるエスパータイプのポケモン。,リグレー ポケモン,3,Elgyem,,,
りけい,理系,理科や数学に関係する学問の分野。,理系,2,Natural sciences,assets/shiritori/complete-5951.png,asset,AI生成イラスト
りこーだー,リコーダー,穴を指でふさいで音の高さを変える笛。,リコーダー,1,Recorder instrument,,,
りざーど,リザード,リザードは、ヒトカゲから進化したほのおタイプのポケモン。,リザード,3,Charmeleon,,,
りざーどん,リザードン,リザードンは、リザードから進化したほのお・ひこうタイプのポケモン。,リザードン,3,Charizard,,,
りす,リス,リスは、木の上で暮らす種類もいる小型の哺乳類。,リス,1,,,,
りずむ,リズム,おんがくやうごきのきまったながれ。,リズム,1,,assets/shiritori/complete-5956.png,asset,AI生成イラスト
りっとう,立冬,立冬は、二十四節気の一つで、暦の上で冬が始まる日。,立冬,2,Winter,,,
りっとる,l(リットル),リットルは、液体などの体積を表す単位。1リットルは、1辺が10センチの立方体の体積。,体積 単位,2,Liter,,,
りっぱ,りっぱ,立派は、優れていて見事な様子。,りっぱ,2,,assets/shiritori/seikou.png,asset,AI生成イラスト
りっぽう,立法,立法は、国や自治体のきまりである法律を作ること。,国会 立法,2,Legislation,assets/shiritori/complete-5960.png,asset,AI生成イラスト
りつ,率,全体に対する割合。,率,2,Ratio,assets/shiritori/complete-5961.png,asset,アプリ作成図
りとあにあ,リトアニア,リトアニアは、バルト海に面するヨーロッパの国。,リトアニア 国旗,3,Lithuania,,,
りとますし,リトマス紙,リトマス紙は、水溶液が酸性かアルカリ性かを調べる紙。,リトマス紙,2,Litmus paper,,,
りばーし,リバーシ,白黒の石をひっくり返して遊ぶ盤のゲーム。,リバーシ,1,Reversi,,,
りひてんしゅたいん,リヒテンシュタイン,リヒテンシュタインは、スイスとオーストリアの間にあるヨーロッパの国。,リヒテンシュタイン 国旗,3,Liechtenstein,,,
りびあ,リビア,リビアは、地中海に面する北アフリカの国。,リビア 国旗,3,Libya,,,
りべりあ,リベリア,リベリアは、西アフリカにある国。,リベリア 国旗,3,Liberia,,,
りぼん,リボン,リボンは、細長い布などでできた飾り。髪を結んだり、贈り物につけたりする。,リボン,1,,,,
りむるてんぺすと,リムル＝テンペスト,転生したらスライムだった件の主人公,リムル＝テンペスト,3,,,,
りやかー,リヤカー,人や自転車などで引いて荷物を運ぶ車。,リヤカー,2,Handcart,,,
りゅう,龍,龍は、長い体を持つ想像上の生き物。,龍,1,,,,
りゅう,竜,竜は、昔話などに登場する想像上の生き物。,竜,1,,,,
りゅうがく,留学,別の国などへ行って学ぶこと。,留学,2,Studying abroad,assets/shiritori/complete-5973.png,asset,AI生成イラスト
りゅうせい,流星,流星は、宇宙から来た小さな物が大気に入り、光って見える現象。,流星,2,Meteor,assets/shiritori/complete-5974.png,asset,AI生成イラスト
りゅうひょう,流氷,流氷は、海に浮かんで流れる氷。,流氷,2,Drift ice,,,
りゅっく,リュック,背中に背負う袋。,リュック,1,Backpack,,,
りゆう,理由,物事が起こったわけ。,理由,1,Reason,assets/shiritori/complete-5977.png,asset,AI生成イラスト
りょう,りょう,量は、物の重さや体積、数などの大きさ。,量 概念,2,Amount,assets/shiritori/complete-5978.png,asset,AI生成イラスト
りょう,寮,学校や会社などが用意する共同の住まい。,寮,2,Dormitory,,,
りょうがえ,両替,お金を同じ価値の別の種類のお金に替えること。,両替,2,Money exchange,assets/shiritori/complete-5980.png,asset,AI生成イラスト
りょうし,漁師,魚や貝などを取る仕事をする人。,漁師,1,Fisherman,,,
りょうし,猟師,野生の動物を捕まえる仕事をする人。,猟師,2,Hunter,,,
りょうしん,両親,父親と母親。,両親,1,Parents,,,
りょうて,両手,右と左の二つの手。,両手,1,Both hands,,,
りょうめんてーぷ,両面テープ,両面テープは、表と裏の両方に接着面があるテープ。,両面テープ,2,Double-sided tape,,,
りょうり,料理,料理は、食材を切る・焼くなどして食べられるようにすること。,料理,1,,assets/shiritori/cooking.png,asset,AI生成イラスト
りょうりにん,料理人,料理を作ることを仕事にしている人。,料理人,1,Cook,,,
りょかん,旅館,旅をする人などが泊まる施設。,旅館,1,Ryokan,,,
りょこう,旅行,普段暮らす場所を離れてよその土地へ行くこと。,旅行,1,Travel,assets/shiritori/complete-5989.png,asset,AI生成イラスト
りろあんどすてぃっち,リロアンドスティッチ,ディズニーのえいが,リロアンドスティッチ,1,,,,
りんかく,輪郭,物の外側を囲む線や形。,輪郭,2,Outline,,,
りんがーはっと,リンガーハット,フードコートによくある、ながさきちゃんぽんなどのおみせ。,リンガーハット,1,,,,
りんく,リンク,リンクは、スケートをするための場所。,リンク,2,Ice rink,,,
りんぐ,リング,輪の形をした物。,輪,1,Ring,,,
りんご,リンゴ,リンゴは、丸い実を食べる果物。,リンゴ,1,,,,
りんごあめ,りんご飴,りんごの表面をあめでおおった菓子。,りんご飴,1,Candy apple,,,
りんじ,臨時,決まった時以外に特別に行うこと。,臨時,2,Temporary,assets/shiritori/complete-5997.png,asset,AI生成イラスト
りんどう,竜胆,竜胆（りんどう）は、青や紫の花を咲かせる植物。,竜胆,1,gentian,,,
りんぼーだんす,リンボーダンス,からだをそらせてぼうの下をくぐるダンス。,リンボーダンス,2,Limbo dance,,,
りーしゃん,リーシャン,リーシャンは、鈴のような姿をしたポケモン。,リーシャン ポケモン,3,Chingling,,,
りーす,リース,花や葉などを輪にして作る飾り。,リース,1,Wreath,,,
りーど,リード,いぬのくびわやひも。,リード,1,Leash,,,
りーふぃあ,リーフィア,リーフィアは、イーブイから進化するくさタイプのポケモン。,リーフィア ポケモン,3,Leafeon,,,
りーる,リール,つりざおにつける、いとをまくどうぐ。,リール,2,Reel,,,
るあー,ルアー,魚を誘うためえさに似せて作った釣りの道具。,ルアー,2,Fishing lure,,,
るい,類,似た性質を持つものの集まり。,類,2,Category,assets/shiritori/complete-6006.png,asset,アプリ作成図
るいけい,累計,いくつかの数を順に足した合計。,累計,2,Cumulative total,assets/shiritori/complete-6007.png,asset,アプリ作成図
るいじ,類似,にていること。,類似,2,,assets/shiritori/complete-6008.png,asset,アプリ作成図
るいじせい,類似性,類似性は、二つ以上のものが似ている性質。,類似性,3,,assets/shiritori/complete-6009.png,asset,アプリ作成図
るうむせんえき,ルウム戦役,アニメ「機動戦士ガンダム」の用語。一年戦争初期に発生した、ジオン軍の艦隊と連邦軍の艦隊による未曾有の大宇宙戦。,ルウム戦役,3,Battle of Loum,,,
るかりお,ルカリオ,ルカリオは、波動を使うかくとう・はがねタイプのポケモン。,るかりお ポケモン,3,Lucario,,,
るがるがん,ルガルガン,ルガルガンは、イワンコから進化するいわタイプのポケモン。,ルガルガン ポケモン,3,Lycanroc,,,
るがるがんたそがれのすがた,ルガルガン(たそがれのすがた),ルガルガン（たそがれのすがた）は、夕方に進化したルガルガン。,ルガルガン(たそがれのすがた) ポケモン,3,Dusk Lycanroc,,,
るがるがんまよなかのすがた,ルガルガン(まよなかのすがた),ルガルガン（まよなかのすがた）は、夜に進化したルガルガン。,ルガルガン(まよなかのすがた) ポケモン,3,Midnight Lycanroc,,,
るぎあ,ルギア,ルギアは、海に関わる伝説のポケモン。,ルギア ポケモン,3,Lugia,,,
るくせんぶるく,ルクセンブルク,ルクセンブルクは、西ヨーロッパにある国。,ルクセンブルク 国旗,3,Luxembourg,,,
るす,留守,家などに人がいないこと。,留守,1,Absence,assets/shiritori/complete-0438.png,asset,AI生成イラスト
るすばん,留守番,家の人が出かけたあとに残って家を守ること。,留守番,1,House sitting,assets/shiritori/complete-5726.png,asset,AI生成イラスト
るちゃぶる,ルチャブル,ルチャブルは、空中技が得意なレスラーポケモン。,ルチャブル ポケモン,3,Hawlucha,,,
るっこら,ルッコラ,葉をサラダなどに使う香りのある野菜。,ルッコラ,2,Arugula,,,
るつぼ,坩堝,るつぼは、金属などを高温で溶かすときに使う、熱に強い容器。,坩堝,1,Crucible,,,
るなあーら,ルナアーラ,ルナアーラは、月と関わりのある伝説のポケモン。,ルナアーラ ポケモン,3,Lunala,,,
るなつー,ルナツー,アニメ「機動戦士ガンダム」の用語。地球連邦軍が宇宙での足がかりとして運用していた、月と反対側の軌道にある小惑星基地。,ルナツー,3,Luna II,,,
るなとーん,ルナトーン,ルナトーンは、月の光で力を得るいわ・エスパータイプのポケモン。,ルナトーン ポケモン,3,Lunatone,,,
るび,ルビ,ルビは、漢字の読み方を示す小さな文字。,ルビ,2,Ruby character,,,
るびー,ルビー,ルビーは、赤い色をした宝石。,ルビー,2,Ruby,,,
るぽ,ルポ,現地で調べたことなどを伝える報告の文章。,ルポルタージュ,2,Reportage,assets/shiritori/complete-6027.png,asset,AI生成イラスト
るり,瑠璃,瑠璃は、青色の宝石。また、その石のような深い青色。,瑠璃,1,,,,
るりいろ,瑠璃色,宝石の瑠璃のような深い青色。,瑠璃色,2,Azure,,,
るりり,ルリリ,ルリリは、水に浮かぶしっぽを持つポケモン。,ルリリ ポケモン,3,Azurill,,,
るわんだ,ルワンダ,ルワンダは、アフリカ中部にある国。,ルワンダ 国旗,3,Rwanda,,,
るんば,ルンバ,音楽の一種。または、自動で動くロボット掃除機。,ルンバ,2,,,,
るんぱっぱ,ルンパッパ,ルンパッパは、陽気に踊るみず・くさタイプのポケモン。,ルンパッパ ポケモン,3,Ludicolo,,,
るー,ルー,小麦粉と油脂などを加熱して作るカレーなどのとろみのもと。,カレールー,1,Roux,,,
るーじゅら,ルージュラ,ルージュラは、歌や踊りが得意なこおり・エスパータイプのポケモン。,ルージュラ,3,Jynx,,,
るーつ,ルーツ,人や物のもとの始まりや由来。,起源,2,Origin,assets/shiritori/complete-0468.png,asset,AI生成イラスト
るーと,ルート,目的地までの道筋。,ルート,2,Route,assets/shiritori/complete-6037.png,asset,AI生成イラスト
るーぺ,ルーペ,小さな物を大きく見せるレンズ。,ルーペ,1,Magnifying glass,,,
るーまにあ,ルーマニア,ルーマニアは、東ヨーロッパにある国。,ルーマニア 国旗,2,Romania,,,
るーむ,ルーム,部屋のこと。,ルーム,1,Room,,,
るーむしゅーず,ルームシューズ,部屋の中ではく靴や履物。,ルームシューズ,1,Slippers,,,
るーむみらー,ルームミラー,車の中についていて後ろを見るための鏡。,バックミラー,2,Rear view mirror,,,
るーむらいと,ルームライト,部屋や車の中を照らす灯り。,ルームライト,1,Interior light,,,
るーむらんなー,ルームランナー,その場で歩いたり走ったりする運動用の機械。,トレッドミル,2,Treadmill,,,
るーる,ルール,まもるべききまりごと。,ルール,1,,assets/shiritori/complete-1446.png,asset,AI生成イラスト
るーるーあむーる,ルールー・アムール,「HUGっと! プリキュア」の登場人物。キュアアムールに変身する。クライアス社が開発した元アンドロイドであり、はな達と出会い心を学習した。,ルールー・アムール アニメ,3,,,,
るーれっと,ルーレット,回る円盤などを使って当たりを決めるもの。,ルーレット,2,Roulette wheel,,,
れあこいる,レアコイル,レアコイルは、コイルが3匹集まったポケモン。,レアコイル,3,Magneton,,,
れい,礼,感謝や敬意を伝えるしぐさや言葉。,礼,1,Bow greeting,assets/shiritori/sonkei.png,asset,AI生成イラスト
れいぎ,礼儀,相手を大切にするための言葉づかいやふるまい。,礼儀,1,Etiquette,assets/shiritori/reigi.png,asset,AI生成イラスト
れいすぽす,レイスポス,レイスポスは、ゴーストタイプのポケモン。,レイスポス ポケモン,3,Spectrier,,,
れいぞうこ,冷蔵庫,食べ物などを冷やして保存する道具。,冷蔵庫,1,Refrigerator,,,
れいとうこ,冷凍庫,食べ物などを凍らせて保存する道具。,冷凍庫,1,Freezer,,,
れいとうしょくひん,冷凍食品,凍らせて保存できるようにした食品。,冷凍食品,1,Frozen food,,,
れいぼう,冷房,部屋などの空気を冷やすことやその設備。,冷房,1,Air conditioning,assets/shiritori/complete-6055.png,asset,AI生成イラスト
れいんこーと,レインコート,雨でぬれないように着る上着。,レインコート,1,Raincoat,,,
れきし,歴史,昔から今までの人や社会の出来事の流れ。,歴史,2,History,assets/shiritori/complete-6057.png,asset,AI生成イラスト
れこーど,レコード,音を溝に記録した円盤。,レコード,2,Phonograph record,,,
れしぴ,レシピ,料理などの材料や作り方をまとめたもの。,レシピ,1,Recipe,,,
れしらむ,レシラム,レシラムは、真実と関わりの深い伝説のポケモン。,レシラム ポケモン,3,Reshiram,,,
れしーと,レシート,買った品物や金額が書かれた紙。,レシート,1,Receipt,,,
れじ,レジ,店で代金を計算してお金を受け取る場所や機械。,レジ,1,Cash register,,,
れじえれき,レジエレキ,レジエレキは、電気の力を持つ伝説のポケモン。,レジエレキ ポケモン,3,Regieleki,,,
れじぎがす,レジギガス,レジギガスは、大陸を動かしたという伝説があるポケモン。,レジギガス ポケモン,3,Regigigas,,,
れじどらご,レジドラゴ,レジドラゴは、ドラゴンタイプの伝説のポケモン。,レジドラゴ ポケモン,3,Regidrago,,,
れそと,レソト,南アフリカ共和国の中にすっぽりと囲まれた、国土全体が標高1000メートルを超える「天空の王国」と呼ばれる国,レソト 国旗,3,Lesotho,,,
れたす,レタス,柔らかい葉を食べる野菜。,レタス,1,Lettuce,,,
れっしゃ,列車,線路の上を走る車両をつないだ乗り物。,列車,1,Train,,,
れっすん,レッスン,音楽やスポーツなどを習うこと。,レッスン,2,Lesson,assets/shiritori/complete-6069.png,asset,AI生成イラスト
れつ,列,人や物が一つの筋に並んだもの。,列,1,Line queue,assets/shiritori/narabu.png,asset,AI生成イラスト
れでぃあん,レディアン,レディアンは、星の光と関わりがあるてんとう虫ポケモン。,レディアン,3,Ledian,,,
れでぃば,レディバ,レディバは、星のような模様があるてんとう虫ポケモン。,レディバ,3,Ledyba,,,
れどーむし,レドームシ,レドームシは、レーダーのような器官を持つポケモン。,レドームシ ポケモン,3,Dottler,,,
ればのん,レバノン,地中海東岸にあり、かつて「中東のパリ」と呼ばれたベイルートや、国旗に描かれたレバノンスギが有名な国,レバノン 国旗,3,Lebanon,,,
れぱるだす,レパルダス,レパルダスは、するどい動きが得意なあくタイプのポケモン。,レパルダス ポケモン,3,Liepard,,,
れもねーど,レモネード,レモンの果汁に水や甘みなどを加えた飲み物。,レモネード,1,Lemonade,,,
れもん,レモン,レモンは、黄色くてすっぱい果物。,レモン,1,,,,
れんが,れんが,土などを固めて焼いた建築材料。,れんが,1,Brick,,,
れんげ,れんげ,汁などをすくう小さなさじ。,れんげ,1,Chinese spoon,,,
れんげ,レンゲ,田んぼなどに咲く紫色の花を持つ植物。,レンゲ,2,Chinese milk vetch,,,
れんこん,レンコン,レンコンは、穴がたくさんある食べ物。れんこんという植物の地下の茎を食べる。,レンコン,1,,,,
れんしゅう,練習,上手になるために繰り返し取り組むこと。,練習,1,Practice,assets/shiritori/renshuu.png,asset,AI生成イラスト
れんぞく,連続,途切れずに続くこと。,連続,2,Continuity,assets/shiritori/tsuzukeru.png,asset,AI生成イラスト
れんらく,連絡,必要なことを人に伝えること。,連絡,1,Communication,assets/shiritori/renraku.png,asset,AI生成イラスト
れーす,レース,速さなどを競う競争。,競走,1,Race,,,
れーす,レース,細い糸で透かし模様を作った編み物。,レース 手芸,2,Lace,,,
れーる,レール,電車などが走るための線路の金属の部分。,レール,1,Rail,,,
ろう,ろう,ろうは、ろうそくの材料にもなる、熱で溶ける物質。,ろう 物質,2,Wax,,,
ろうか,廊下,建物の中で部屋と部屋をつなぐ通路。,廊下,1,Corridor,,,
ろうじん,老人,年を取った人。,老人,1,Elderly person,,,
ろうそく,蝋燭,ろうそくは、芯に火をつけて明かりをともす道具。,蝋燭,1,,,,
ろうそく,ろうそく,ろうそくは、芯に火をつけて明かりをともす道具。,ろうそく,2,Candle,,,
ろうそくたて,ろうそく立て,ろうそくを立てておく道具。,ろうそく立て,2,Candlestick,,,
ろうと,ろうと,ろうとは、液体を口の細い容器へ移すときに使う道具。,ろうと,2,Funnel,,,
ろうとだい,ろうと台,ろうと台は、ろ過などでろうとを支える台。,ろうと台,2,Funnel stand,,,
ろうどう,労働,体や頭を使って仕事をすること。,労働,2,Labor,assets/shiritori/complete-0851.png,asset,AI生成イラスト
ろえき,ろ液,ろ液は、ろ過をした後にろ紙を通り抜けた液体。,ろ液 実験,2,Filtrate,,,
ろか,ろ過,ろ過は、液体に混じった固体を、ろ紙などでこし分けること。,ろ過 実験,2,Filtration,assets/shiritori/complete-6098.png,asset,AI生成イラスト
ろく,六,六は、五の次の数。,六,1,Six,,,
ろくろくび,ろくろくび,ろくろくびは、首が長く伸びるという日本の妖怪。,ろくろくび,1,Crane,,,
ろけっと,ロケット,ロケットは、燃料を噴き出す力で進む乗り物。宇宙へ行くものもある。,ロケット,1,,,,
ろこん,ロコン,ロコンは、キツネのような姿をしたポケモン。,ロコン,3,Vulpix,,,
ろこんあろーらのすがた,ロコン(アローラのすがた),ロコン（アローラのすがた）は、白い毛を持つこおりタイプのポケモン。,ロコン(アローラのすがた),3,Alolan Vulpix,,,
ろし,ろ紙,ろ紙は、液体から固体をこし分けるために使う紙。,ろ紙,2,Filter paper,,,
ろしあ,ロシア,世界で最も面積が広い、ユーラシア大陸の北部に位置する国,ロシア 国旗,2,Russia,,,
ろじ,路地,家などの間にある細い道。,路地,1,Alley,,,
ろずれいど,ロズレイド,ロズレイドは、両手の花を使って戦うポケモン。,ロズレイド ポケモン,3,Roserade,,,
ろせん,路線,鉄道やバスなどが通る決まった道筋。,路線,2,Transit route,,,
ろぜりあ,ロゼリア,ロゼリアは、両手に花を持つくさタイプのポケモン。,ロゼリア ポケモン,3,Roselia,,,
ろっかー,ロッカー,荷物などを入れる戸のついた収納箱。,ロッカー,1,Locker,,,
ろっくばんど,ロックバンド,ロックバンドは、ロック音楽を演奏するグループ。,ロックバンド,2,Rock band,,,
ろっぷいやー,ロップイヤー,ロップイヤーは、耳が垂れたウサギの品種の呼び名。,ロップイヤー,1,Lop rabbit,,,
ろてん,露店,道や広場などの屋外で品物を売る店。,露店,1,Street stall,,,
ろとむ,ロトム,ロトムは、電気のポケモン。家電製品に入り込むことがある。,ロトム ポケモン,3,Rotom,,,
ろば,ロバ,ロバは、ウマに似た動物。荷物を運ぶためにも使われる。,ロバ,1,,,,
ろばた,炉端,いろりのそば。,炉端,2,Hearthside,,,
ろぼっと,ロボット,ロボットは、人の代わりに作業をしたり、人を助けたりする機械。,ロボット,1,Robot,,,
ろめん,路面,道路の表面。,路面,2,Road surface,,,
ろらんせあっく,ロラン・セアック,アニメ「∀ガンダム」の主人公。月の民でありながら地球を愛し、ホワイトドールを駆る少年。,ロラン・セアック,3,Loran Cehack,,,
ろんだーと,ロンダート,ロンダートは、側転のように回り、両足をそろえて着地する体操の技。,ロンダート 体操,1,Roundoff (gymnastics),,,
ろーず,ローズ,ローズは、バラの英語名。,ローズ,1,Rose,,,
ろーぶしん,ローブシン,ローブシンは、コンクリートの柱を持つかくとうタイプのポケモン。,ローブシン ポケモン,3,Conkeldurr,,,
ろーぷ,ロープ,物を結んだり引いたりする丈夫なひも。,ロープ,1,Rope,,,
ろーぷうぇー,ロープウェー,つり下げた箱などで山の上などへ人を運ぶ乗り物。,ロープウェー,1,Aerial tramway,,,
ろーまじ,ローマ字,アルファベットを使って日本語の音を表す書き方。,ローマ字,2,Romanization of Japanese,,,
ろーら,ローラ,ローラは、アニメ「トロピカル～ジュ！プリキュア」の人魚の登場人物。キュアラメールに変身する。,ローラ アニメ,3,,,,
ろーらー,ローラー,回転する筒の形をした道具。,ローラー,2,Roller,,,
ろーらーすけーと,ローラースケート,靴についた車輪で滑る遊びや道具。,ローラースケート,1,Roller skates,,,
ろーるけーき,ロールケーキ,ロールケーキは、スポンジ生地でクリームなどを巻いたケーキ。,ロールケーキ,1,Roll cake,,,
ろーるぱん,ロールパン,生地を巻いて作る小さなパン。,ロールパン,1,Bread roll,,,
わ,輪,丸くつながった形のもの。,輪,1,Circle ring,,,
わかさ,若さ,年齢が若いことや生き生きとした様子。,若さ,2,Youth,assets/shiritori/complete-4097.png,asset,AI生成イラスト
わかしゃも,ワカシャモ,ワカシャモは、炎の力を使い足で戦うポケモン。,ワカシャモ ポケモン,3,Combusken,,,
わかつきれいじろう,若槻礼次郎,第25・28代内閣総理大臣。憲政会および民政党総裁として、幣原外交と呼ばれる協調外交を支えた,若槻礼次郎 肖像,3,ReijiroWakatsuki,,,
わかめ,ワカメ,ワカメは、みそ汁などに入れる海藻。,ワカメ 海藻,1,,,,
わかもの,若者,年齢の若い人。,若者,1,Young people,,,
わかやま,和歌山県,パンダがいるアドベンチャーワールドがある県。,和歌山県,1,Wakayama,,,
わかれ,別れ,人などと離れること。,別れ,1,Farewell,assets/shiritori/ss-farewell.png,asset,AI生成イラスト
わがし,和菓子,日本で古くから作られてきた菓子。,和菓子,1,Wagashi,,,
わく,枠,物のまわりを囲んで形を保つ部分。,枠,1,Frame,,,
わくわく,ワクワク,うれしくって、楽しみな様子。,ワクワク,1,,assets/shiritori/wakuwaku.png,asset,AI生成イラスト
わげい,話芸,言葉や話し方で人を楽しませる芸。,話芸,2,Storytelling performance,assets/shiritori/wagei.png,asset,AI生成イラスト
わごむ,輪ゴム,輪の形をした伸び縮みするゴム。,輪ゴム,1,Rubber band,,,
わさび,ワサビ,根茎をすりおろすと辛くなる植物。,ワサビ,1,Wasabi,,,
わざ,技,技は、物事を上手に行うための方法や腕前。,技,1,Skill,assets/shiritori/complete-6145.png,asset,AI生成イラスト
わし,鷲,ワシは、大きな体と鋭いくちばしを持つ鳥。,鷲,1,,,,
わし,和紙,日本の伝統的な方法で作る紙。,和紙,1,Washi,,,
わしつ,和室,畳などを使った日本風の部屋。,和室,1,Japanese style room,,,
わしぼん,ワシボン,ワシボンは、ワシのような姿をしたポケモン。,ワシボン ポケモン,3,Rufflet,,,
わしょく,和食,日本の伝統的な料理。,和食,1,Japanese cuisine,,,
わすれもの,忘れ物,持って行くべきなのに置いてきた物。,忘れ物,1,Forgotten belongings,assets/shiritori/complete-6151.png,asset,AI生成イラスト
わた,綿,ワタの実から取る白くて柔らかい繊維。,綿,1,Cotton,,,
わたあめ,綿飴,綿あめは、砂糖を細い糸のようにして集めたお菓子。,綿飴,1,,,,
わたがし,綿菓子,砂糖を細い糸のようにして集めた菓子。,綿菓子,1,Cotton candy,,,
わたげ,綿毛,タンポポなどの種についている柔らかい毛。,綿毛,1,Dandelion fluff,,,
わたし,私,私（わたし）は、自分のことを指す言葉。,私,1,Person,,,
わたしらが,ワタシラガ,ワタシラガは、綿毛を飛ばすくさタイプのポケモン。,ワタシラガ ポケモン,3,Eldegoss,,,
わたっこ,ワタッコ,ワタッコは、綿毛で風に乗って移動するポケモン。,ワタッコ,3,Jumpluff,,,
わだい,話題,話し合ったり話したりする事柄。,話題,1,Topic,assets/shiritori/wadai.png,asset,AI生成イラスト
わだち,轍,わだちは、車などが通ったあとに地面に残る跡。,轍,1,,,,
わだつみ,綿津見,海の中の宮殿にすむ、海の神様。,海神,2,Ryujin,,,
わっか,輪っか,輪の親しみのある呼び方。,輪っか,1,Ring,,,
わっかねずみ,ワッカネズミ,ワッカネズミは、2匹で行動するネズミのポケモン。,ワッカネズミ ポケモン,3,Tandemaus,,,
わっぺん,ワッペン,服などにつける絵や印のある布。,ワッペン,1,Patch clothing,,,
わな,わな,動物などを捕まえるための仕掛け。,わな,2,Trap,,,
わないだー,ワナイダー,ワナイダーは、糸でわなを作るむしタイプのポケモン。,ワナイダー ポケモン,3,Spidops,,,
わなげ,輪投げ,輪を投げて棒などに入れる遊び。,輪投げ,1,Ring toss,,,
わに,ワニ,ワニは、川や沼などにすむ大きな爬虫類。,ワニ,1,,,,
わにのこ,ワニノコ,ワニノコは、大きなあごを持つワニのようなポケモン。,ワニノコ,3,Totodile,,,
わにわにぱにっく,ワニワニパニック,ワニワニパニックは、出てきたワニをハンマーでたたいて得点を競うゲーム。,ワニワニパニック,1,,,,
わふく,和服,着物などの日本の伝統的な服。,和服,1,Kimono clothing,,,
わら,藁,藁（わら）は、稲を刈り取った後に残る茎。しめ縄などにも使う。,藁,1,,,,
わらじ,わらじ,わらを編んで作る昔の履物。,わらじ,2,Waraji,,,
わらび,ワラビ,若い芽を食べるシダの仲間。,ワラビ,2,Bracken,,,
わらびもち,わらび餅,でんぷんなどで作る柔らかく透き通った菓子。,わらび餅,1,Warabimochi,,,
わりあい,割合,全体に対してある部分がどれくらいかを表す数。,割合,2,Ratio,assets/shiritori/complete-6176.png,asset,アプリ作成図
わりざん,割り算,同じ数ずつに分けるときなどに使う計算。,割り算,1,Division,assets/shiritori/complete-6177.png,asset,アプリ作成図
わりばし,割り箸,使うときに二つに割る箸。,割り箸,1,Disposable chopsticks,,,
わるびある,ワルビアル,ワルビアルは、強いあごを持つじめん・あくタイプのポケモン。,ワルビアル ポケモン,3,Krookodile,,,
わるびる,ワルビル,ワルビルは、サングラスのような模様があるじめん・あくタイプのポケモン。,ワルビル ポケモン,3,Krokorok,,,
わん,椀,汁やご飯などを入れる丸く深い器。,椀,1,Bowl,,,
わんきょく,湾曲,まっすぐではなく、まがっていること。,湾曲,2,Curve,assets/shiritori/complete-6182.png,asset,AI生成イラスト
わんこ,わんこ,犬の親しみのある呼び方。,わんこ,1,Dog,,,
わんこそば,わんこそば,小さな椀に少しずつ入れる岩手のそば料理。,わんこそば,2,Wanko soba,,,
わんだーらんど,ワンダーランド,ワンダーランドは、ふしぎなことが起こる世界。,ワンダーランド,1,Fantasy land,,,
わんぱく,わんぱく,わんぱくは、子どもが元気に動き回る様子。,わんぱく,1,Child,assets/shiritori/nobinobi.png,asset,AI生成イラスト
わんぱち,ワンパチ,ワンパチは、電気を帯びた子犬のようなポケモン。,ワンパチ ポケモン,3,Yamper,,,
わんりきー,ワンリキー,ワンリキーは、力持ちのかくとうタイプのポケモン。,ワンリキー,3,Machop,,,
わーくしーと,ワークシート,学習や作業のために書き込む用紙。,ワークシート,1,Worksheet,,,
を,を,「を」は、動作の対象を表すときなどに使う助詞。,日本語 文字,1,,,,
ん,ん,「ん」は、ひらがなの最後の文字。しりとりでは、「ん」で終わる言葉を言うと負けになる。,日本語 文字,1,,,,
